player_name,league,role,cutoff_season,target_season,y_true,random_forest_pred,random_forest_prob_poor,random_forest_prob_average,random_forest_prob_elite,xgboost_pred,xgboost_prob_poor,xgboost_prob_average,xgboost_prob_elite,catboost_pred,catboost_prob_poor,catboost_prob_average,catboost_prob_elite,ft_transformer_pred,ft_transformer_prob_poor,ft_transformer_prob_average,ft_transformer_prob_elite,mlp_pred,mlp_prob_poor,mlp_prob_average,mlp_prob_elite,dummy_most_frequent_pred,dummy_stratified_pred,previous_season_tier_pred,logistic_regression_pred,logistic_regression_prob_poor,logistic_regression_prob_average,logistic_regression_prob_elite
A Athanaze,CPL,Batsman,2023,2024,0,0,0.5583305941474586,0.3565465576185333,0.08512284823400779,0,0.51809096,0.38790357,0.09400547,0,0.5546326918886639,0.35346708095892154,0.0919002271524146,0,0.5816089,0.32080686,0.097584255,0,0.5636671,0.34846336,0.087869495,0,1,0,0,0.4985737792987086,0.38271748539091505,0.11870873531037623
A Badoni,IPL,Batsman,2023,2024,1,1,0.2389331402108625,0.5557614501683236,0.20530540962081398,1,0.20561425,0.6145904,0.17979535,1,0.24032153542141793,0.5644479975108521,0.19523046706772995,1,0.34249997,0.4899557,0.16754432,1,0.2977998,0.49340323,0.20879696,0,0,1,1,0.13297827640163318,0.6948670925676519,0.17215463103071502
A Karvelas,T20_Blast,Bowler,2023,2024,0,0,0.4643373462835476,0.2752256341709482,0.26043701954550463,0,0.4631408,0.2767366,0.2601226,0,0.4770091420260746,0.30269449002834925,0.22029636794557617,2,0.36251646,0.24691024,0.3905733,0,0.41459522,0.29283905,0.29256567,0,2,0,0,0.367831269356287,0.3028895197422664,0.3292792109014466
A Lyth,T20_Blast,All-Rounder,2023,2024,1,1,0.19843563745529508,0.4542522105028053,0.34731215204189947,1,0.21020149,0.44908366,0.34071484,1,0.21432317864898628,0.4587385544712246,0.32693826687978905,1,0.1380713,0.47241175,0.3895169,1,0.13854727,0.4548287,0.40662393,0,2,1,1,0.10320189398765443,0.49367981838078745,0.4031182876315581
A Manohar,IPL,Batsman,2023,2024,0,1,0.3738377419303638,0.45001873287126926,0.17614352519836662,1,0.3932386,0.4559574,0.15080394,1,0.3411465185804868,0.48357560586975995,0.17527787554975327,0,0.46964315,0.40615836,0.12419848,0,0.5756884,0.34020752,0.08410414,0,0,1,0,0.4758710549418505,0.39256648000006045,0.13156246505808902
A Mishra,IPL,All-Rounder,2023,2024,0,2,0.23569493280435444,0.326505901240653,0.4377991659549925,2,0.23951668,0.23565441,0.5248289,2,0.19579196230351065,0.2694082557916234,0.534799781904866,2,0.21216209,0.27317566,0.51466227,2,0.15802978,0.1983852,0.643585,0,1,2,2,0.2528893814909655,0.15467616794770347,0.592434450561331
A Nortje,IPL,Bowler,2023,2024,1,2,0.1796294910470811,0.31571853563199437,0.5046519733209245,2,0.16050924,0.31064248,0.5288483,2,0.18750417345626255,0.3203487788410189,0.4921470477027185,2,0.103615694,0.20517695,0.69120735,2,0.13731304,0.26488164,0.5978053,0,1,2,2,0.10121676180884331,0.2747882622173971,0.6239949759737596
A Zampa,BBL,Bowler,2023,2024,2,2,0.18056284718698778,0.21527532186084172,0.604161830952171,2,0.16237885,0.195431,0.64219016,2,0.24433070418018915,0.2371635625885414,0.5185057332312695,2,0.15186025,0.2236932,0.6244465,2,0.13636659,0.21484806,0.64878535,0,0,1,2,0.11962049334757693,0.13341896179225954,0.7469605448601636
AAP Atkinson,T20_Blast,Bowler,2023,2024,2,2,0.19704385412984524,0.24292385049706386,0.5600322953730907,2,0.17667118,0.28595173,0.5373771,2,0.14222868827733595,0.23968870258822916,0.6180826091344349,2,0.10741418,0.19979401,0.6927918,2,0.120043986,0.24611261,0.6338434,0,2,2,2,0.12332537445970204,0.33827149306423066,0.5384031324760672
AC Agar,BBL,All-Rounder,2023,2024,2,2,0.15803604425102316,0.2612879977890582,0.580675957959919,2,0.17254157,0.24238427,0.5850741,2,0.16687166249762833,0.2625498961158978,0.5705784413864738,2,0.17559041,0.28662443,0.5377852,2,0.14997758,0.24984534,0.6001771,0,2,1,2,0.26335475167099154,0.22715993616359506,0.5094853121654134
AC Agar,T20_Blast,Bowler,2023,2024,1,0,0.44667014618448186,0.2677544327565857,0.2855754210589331,0,0.38732284,0.27156124,0.3411159,0,0.3940264221878161,0.2873066300069896,0.31866694780519433,0,0.4105268,0.2750765,0.3143967,0,0.3952367,0.25638434,0.34837893,0,2,0,2,0.3176495725712808,0.24878513453882373,0.4335652928898954
AC Lenham,T20_Blast,Bowler,2023,2024,0,0,0.5009847576452806,0.2820115859037875,0.2170036564509331,0,0.5058465,0.26107958,0.23307398,0,0.47609227158064005,0.25257485418066905,0.27133287423869096,0,0.5850996,0.23133829,0.18356216,0,0.5380422,0.25643757,0.2055203,0,1,0,0,0.539350001611708,0.25530173034495,0.20534826804334205
AD Hales,PSL,Batsman,2023,2024,1,1,0.30283354204587715,0.4575609550171833,0.23960550293693908,1,0.23132934,0.49559215,0.27307853,1,0.21831541360561876,0.433308154022095,0.34837643237228616,1,0.28394046,0.5296333,0.1864263,1,0.3191437,0.5079934,0.17286292,0,2,1,1,0.31372114769807335,0.4942139728975063,0.19206487940442024
AD Hales,T20_Blast,Batsman,2023,2024,0,1,0.1115866523850268,0.4834868513177791,0.40492649629719385,2,0.12269684,0.41111287,0.46619025,1,0.12198611742135311,0.4538318834740652,0.4241819991045816,1,0.123149276,0.46867847,0.40817228,2,0.12248502,0.43586874,0.44164628,0,2,1,1,0.10463185334780399,0.5344223257622824,0.36094582088991356
AD Russell,CPL,All-Rounder,2023,2024,1,2,0.14132192644729283,0.3532678331240969,0.5054102404286103,2,0.13510963,0.32696444,0.5379259,2,0.08574956452082998,0.32442152504385224,0.5898289104353177,2,0.08000089,0.27044106,0.64955807,2,0.10022531,0.28069887,0.61907583,0,0,2,2,0.11683832849951416,0.3646823067631941,0.5184793647372918
AD Russell,IPL,All-Rounder,2023,2024,2,2,0.16284821775492808,0.37974078581141524,0.4574109964336566,2,0.14602351,0.37665707,0.47731942,2,0.09997003807578506,0.3854092100316122,0.5146207518926027,2,0.088169076,0.325156,0.58667487,2,0.13097732,0.33384165,0.535181,0,1,1,1,0.12489479814444349,0.492409281139895,0.3826959207156615
ADS Fletcher,CPL,Wicketkeeper-Batsman,2023,2024,2,1,0.23160758648606208,0.44620330067843544,0.3221891128355023,1,0.28166273,0.42149073,0.29684657,1,0.21446430066083869,0.4100395345673539,0.3754961647718075,1,0.16076967,0.48090583,0.3583245,1,0.12287021,0.44321537,0.43391445,0,2,2,2,0.20065054126185503,0.3122933714938518,0.4870560872442933
AF Milne,BBL,Bowler,2023,2024,0,0,0.46887859876742694,0.25006170228208685,0.2810596989504869,0,0.45918196,0.21159619,0.32922184,0,0.4625385893433887,0.16238385634106384,0.3750775543155474,0,0.39558876,0.21806908,0.38634223,0,0.4844056,0.20489536,0.31069905,0,2,0,2,0.4284834808822076,0.1252924723321361,0.44622404678565636
AGH Orr,T20_Blast,Batsman,2023,2024,0,1,0.40848586695215744,0.4198722982574804,0.1716418347903623,0,0.4414704,0.39554936,0.16298024,1,0.37944325246879285,0.4505891801833955,0.1699675673478116,0,0.45284286,0.419306,0.12785117,0,0.49960372,0.39416566,0.10623058,0,1,0,0,0.5297382645332012,0.3678932394164718,0.10236849605032718
AHT Donald,T20_Blast,Batsman,2023,2024,2,0,0.5323198608835488,0.34521458585050396,0.12246555326594688,0,0.52233344,0.34475544,0.1329111,0,0.4178714334121866,0.4160011201542735,0.16612744643353997,0,0.5141939,0.3704384,0.11536775,0,0.599189,0.31773466,0.08307635,0,0,0,0,0.45733202967251413,0.40572135536579157,0.13694661496169433
AI Ross,BBL,Batsman,2023,2024,1,1,0.35365208838390655,0.4587310514061298,0.1876168602099637,1,0.35707796,0.47088987,0.17203225,1,0.31997569553262345,0.48352484285945263,0.19649946160792398,1,0.3312045,0.50083745,0.16795805,1,0.33940688,0.48920074,0.17139235,0,0,0,1,0.3955119334563519,0.4253274528894693,0.17916061365417885
AJ Hose,T20_Blast,Batsman,2023,2024,1,2,0.11313564148165563,0.40204168903299675,0.4848226694853472,2,0.07905768,0.36602575,0.55491656,2,0.08081999620700633,0.3583964784409223,0.5607835253520713,2,0.107732646,0.43989658,0.45237076,2,0.11930627,0.43980452,0.44088918,0,2,2,1,0.10305381700311893,0.534817610427284,0.36212857256959713
AJ Hosein,BBL,Bowler,2023,2024,1,0,0.44620243668933524,0.2848988983268358,0.2688986649838297,1,0.33420172,0.35001457,0.3157837,2,0.2781828352940299,0.3018241203663947,0.4199930443395754,2,0.31802967,0.33765596,0.34431443,2,0.25725836,0.35012078,0.39262083,0,0,0,1,0.2180278912048081,0.3915675836545387,0.3904045251406532
AJ Hosein,CPL,All-Rounder,2023,2024,2,2,0.06788821076742016,0.27451542105850885,0.6575963681740706,2,0.08736351,0.32686082,0.5857757,2,0.06574304008377709,0.21775974164273984,0.716497218273483,2,0.13716185,0.26352438,0.5993138,2,0.10366386,0.22555432,0.6707818,0,2,2,2,0.1228797276823732,0.36009063323905427,0.5170296390785726
AJ Hosein,PSL,Bowler,2023,2024,2,0,0.4829803134804693,0.2574923183924974,0.2595273681270339,0,0.5359972,0.22937204,0.2346308,0,0.5494603501291881,0.2541695075845501,0.19637014228626173,0,0.6364104,0.19916373,0.16442582,0,0.49861234,0.2710564,0.23033129,0,2,0,0,0.5118053730457449,0.20456349037516677,0.2836311365790883
AJ Turner,BBL,Batsman,2023,2024,1,1,0.39395727069672265,0.3971059375842061,0.2089367917190713,1,0.36138067,0.4131882,0.22543117,1,0.3024882136740218,0.3963686971342662,0.30114308919171207,0,0.5112956,0.3765325,0.11217197,0,0.51394504,0.34052017,0.1455348,0,0,0,0,0.6410368879782474,0.31816555993559115,0.04079755208616144
AJ Turner,IPL,Batsman,2023,2024,0,0,0.7456076481974037,0.2079361340129161,0.04645621778967918,0,0.694442,0.20827375,0.097284295,0,0.7098032761705061,0.20423252919913248,0.08596419463036138,0,0.7037385,0.19625182,0.10000969,0,0.6627467,0.22350343,0.113749824,0,1,0,0,0.7118308976224066,0.22415343188808004,0.0640156704895134
AJ Turner,T20_Blast,Batsman,2023,2024,1,1,0.2471294736668789,0.46449917960146203,0.2883713467316585,1,0.27463594,0.5031432,0.22222088,1,0.268716451376883,0.5054403532385155,0.22584319538460132,1,0.1356463,0.45007604,0.41427767,1,0.19890203,0.48914614,0.31195185,0,1,2,1,0.20271926206075797,0.6319592028149096,0.1653215351243324
AJ Tye,BBL,Bowler,2023,2024,1,2,0.11068451570040835,0.22986662586336573,0.6594488584362258,2,0.12279992,0.17275988,0.70444024,2,0.09092975157439034,0.19285106792583379,0.7162191804997758,2,0.098088294,0.22056024,0.6813515,2,0.1146378,0.21844438,0.66691786,0,2,2,2,0.06477782608803415,0.16310012128843993,0.772122052623526
AK Markram,IPL,Batsman,2023,2024,1,1,0.26946216209760565,0.4803272719759762,0.2502105659264181,1,0.2908223,0.4610134,0.24816436,1,0.37612040746336856,0.4274622683314931,0.19641732420513835,1,0.28559536,0.5131932,0.20121147,1,0.32906646,0.47220987,0.1987237,0,0,1,1,0.29610817183131294,0.523257928154027,0.18063390001465995
AL Davies,T20_Blast,Wicketkeeper-Batsman,2023,2024,1,1,0.1407484950819908,0.43100029549638796,0.4282512094216207,2,0.106805824,0.40279326,0.49040088,1,0.15427182586600266,0.4592246772156927,0.3865034969183045,1,0.11692115,0.45241898,0.4306599,2,0.1143211,0.42423868,0.46144024,0,0,2,1,0.13229046596375477,0.490677239219209,0.37703229481703626
AM Hardie,BBL,All-Rounder,2023,2024,0,1,0.16796805486394042,0.45967764969809405,0.37235429543796583,2,0.106454864,0.43464902,0.45889616,1,0.11320056665062249,0.44473183319971743,0.4420676001496601,2,0.08592589,0.3376728,0.5764013,2,0.11201674,0.40150914,0.48647413,0,0,2,2,0.056327014579939126,0.3546968276393618,0.5889761577806991
AM Rahane,IPL,Batsman,2023,2024,1,1,0.16456826540713568,0.4439003569825026,0.3915313776103614,2,0.18766868,0.38211587,0.43021542,2,0.1435150411450033,0.3993606893579658,0.457124269497031,2,0.11740103,0.43037987,0.4522191,2,0.123565644,0.42139164,0.45504278,0,0,2,2,0.19420066953151055,0.3411218951392069,0.46467743532928263
AM Rossington,T20_Blast,Wicketkeeper-Batsman,2023,2024,2,1,0.26736180915717667,0.47466724268741334,0.2579709481554099,1,0.24337584,0.4689455,0.2876786,1,0.24931029025615262,0.47308531556336764,0.27760439418047983,1,0.21769999,0.5250339,0.25726604,1,0.20738411,0.49636286,0.29625297,0,1,1,1,0.24324878208087336,0.5005481716582081,0.25620304626091855
AR Nedd,CPL,Bowler,2023,2024,1,0,0.4605501778898407,0.27272406720254055,0.26672575490761996,0,0.44911516,0.26480213,0.2860827,0,0.45732273360383974,0.2642252154505261,0.2784520509456343,0,0.47019753,0.24543227,0.28437018,0,0.4071651,0.23730676,0.35552812,0,2,0,0,0.4714829214158176,0.28620312591052355,0.24231395267365885
AR Patel,IPL,All-Rounder,2023,2024,2,2,0.06468782422635604,0.2518507024243753,0.6834614733492688,2,0.080167346,0.22031546,0.6995172,2,0.06050196169347621,0.2678461909182563,0.6716518473882676,2,0.06361365,0.20490156,0.7314848,2,0.09624564,0.22832333,0.6754311,0,2,2,2,0.025695740533515865,0.10139691081016197,0.8729073486563221
AS Dale,T20_Blast,Bowler,2023,2024,0,0,0.47107753734700614,0.2706169035402019,0.258305559112793,0,0.49432576,0.24314144,0.26253286,0,0.4398553538226338,0.3017077843211435,0.2584368618562227,0,0.5185226,0.19335736,0.2881201,0,0.39718476,0.22226085,0.38055438,0,2,0,0,0.5292209830990746,0.20696430510431527,0.26381471179661015
AS Joseph,CPL,All-Rounder,2023,2024,2,2,0.09176430708224036,0.19610858424796765,0.7121271086697931,2,0.12483771,0.2232046,0.6519577,2,0.08979183923644393,0.20109657390708433,0.7091115868564717,2,0.123534404,0.24588566,0.63057995,2,0.10044073,0.22378932,0.6757699,0,0,2,2,0.17164423040058965,0.2755089772461407,0.5528467923532696
AS Joseph,IPL,Bowler,2023,2024,0,0,0.3563428414301323,0.28943465107377425,0.3542225074960948,0,0.35583374,0.29567096,0.3484953,0,0.34571130748644974,0.3174757658633517,0.3368129266501986,0,0.43944857,0.2742787,0.28627276,0,0.38257644,0.28778422,0.32963938,0,2,1,0,0.4759408990122712,0.21073735786202943,0.3133217431256993
AS Roy,IPL,Bowler,2023,2024,0,0,0.4720974549324787,0.25850236077183086,0.26940018429569096,0,0.50954807,0.2566809,0.23377109,0,0.5131375784360745,0.2669147354916671,0.2199476860722584,0,0.5685064,0.2634338,0.16805981,0,0.5363963,0.24754667,0.21605693,0,2,0,0,0.4447534647249435,0.28983556848690745,0.26541096678814907
AT Carey,BBL,Wicketkeeper-Batsman,2023,2024,0,1,0.3909324587254166,0.39508261275061085,0.21398492852397297,1,0.34736055,0.3926503,0.25998908,1,0.3207169094444215,0.3905443874508972,0.2887387031046813,1,0.24357623,0.5313258,0.22509795,1,0.30715522,0.5126743,0.18017055,0,0,0,1,0.29474959626703434,0.4325956694259406,0.2726547343070251
AT Thomson,T20_Blast,Bowler,2023,2024,1,2,0.3403665576307765,0.2914323702461631,0.36820107212306064,2,0.3387624,0.31314814,0.34808943,2,0.30106043006412675,0.3161619772516249,0.3827775926842484,0,0.4236277,0.38046917,0.19590311,0,0.35395357,0.3213283,0.32471815,0,1,1,1,0.3563550790105362,0.38415719552065614,0.25948772546880766
AW Finch,T20_Blast,Bowler,2023,2024,1,2,0.24309292605587074,0.343730962503728,0.41317611144040106,2,0.34357446,0.30997583,0.3464497,0,0.42299398709982455,0.31373201558604885,0.2632739973141265,2,0.3160432,0.32941952,0.35453728,2,0.31066525,0.34015918,0.3491756,0,0,1,0,0.34296628141456525,0.33924140162975525,0.3177923169556794
AW Gorvin,T20_Blast,Bowler,2023,2024,1,0,0.48495686693300616,0.2523831132220209,0.26266001984497306,0,0.5403518,0.25605327,0.20359492,0,0.5837076227147922,0.2615159286694496,0.15477644861575815,0,0.6049715,0.24177624,0.15325229,0,0.48631963,0.30457336,0.20910709,0,2,0,0,0.391776182993579,0.2929649196101201,0.31525889739630086
AWJ Auguste,CPL,Batsman,2023,2024,0,0,0.7582598534969552,0.21810859658703735,0.023631549916007084,0,0.7077748,0.21744521,0.07478002,0,0.7130491094782619,0.22164659177025972,0.06530429875147833,0,0.7098544,0.20577292,0.08437262,0,0.66891366,0.24827127,0.08281506,0,0,0,0,0.696382631761068,0.23457606017048396,0.06904130806844809
AZ Lees,T20_Blast,Batsman,2023,2024,1,1,0.1992226841358236,0.47369937906092985,0.32707793680324593,1,0.21938102,0.49074227,0.28987673,1,0.1964519406651372,0.4758813833308963,0.32766667600396654,1,0.18895325,0.5319511,0.2790956,1,0.1508147,0.4958085,0.35337687,0,0,1,1,0.24280146340057665,0.5095339121616856,0.24766462443773776
Aamer Jamal,PSL,Bowler,2023,2024,1,0,0.4443578133959479,0.28595075036424666,0.26969143623980557,0,0.46650904,0.30031213,0.23317884,0,0.4076164604142531,0.3924144344138187,0.1999691051719282,0,0.36000702,0.30336705,0.33662587,0,0.44842157,0.33012283,0.22145557,0,0,0,2,0.3066224440020722,0.32865215495408284,0.36472540104384493
Aaron Beard,T20_Blast,Bowler,2023,2024,1,0,0.39647247083288695,0.2588689951731801,0.3446585339939328,0,0.4126648,0.31916595,0.26816925,0,0.4470990830972388,0.2867394700210357,0.2661614468817255,0,0.47230834,0.28033802,0.24735358,0,0.44942507,0.28955957,0.26101536,0,0,1,0,0.3976592415269701,0.37432718554501965,0.2280135729280102
Abbas Afridi,PSL,Bowler,2023,2024,2,2,0.13210914134165985,0.2861058623766232,0.5817849962817181,2,0.11508304,0.26332402,0.621593,2,0.15924501433571708,0.2834597584019422,0.5572952272623407,2,0.109904505,0.26303825,0.62705725,2,0.114786826,0.24820885,0.6370043,0,2,2,2,0.1984404180271253,0.2255089032710685,0.5760506787018062
Abdul Samad,IPL,Batsman,2023,2024,1,1,0.3237282336586773,0.47798170568489745,0.19829006065642474,1,0.34440932,0.5119184,0.14367224,1,0.39277698034512,0.4455119823171732,0.1617110373377068,0,0.46913537,0.40410388,0.12676069,1,0.41561323,0.43445867,0.14992806,0,1,1,1,0.36770429296634954,0.4973786190223326,0.13491708801131774
Abdullah Shafique,PSL,Batsman,2023,2024,1,1,0.24031801231970937,0.4931543786928581,0.2665276089874319,1,0.2559148,0.5208087,0.22327654,1,0.2034363332764704,0.5156822972514822,0.2808813694720475,1,0.22680426,0.53414124,0.23905452,1,0.2612288,0.5270232,0.21174802,0,2,1,1,0.27806291146409934,0.5002523871550281,0.22168470138087257
Abhishek Sharma,IPL,Batsman,2023,2024,2,1,0.24617371435686403,0.47266387862878,0.28116240701435574,1,0.28265566,0.49469644,0.22264792,1,0.2625419557386109,0.42052873577017247,0.3169293084912166,1,0.29513237,0.51622087,0.18864675,1,0.30815524,0.47697347,0.21487127,0,2,1,1,0.31918538423836257,0.5541202781637072,0.1266943375979302
Abishek Porel,IPL,Batsman,2023,2024,2,0,0.7575281385834829,0.21281199285040284,0.02965986856611431,0,0.7119916,0.2186352,0.06937322,0,0.7011036779158978,0.2408676127050624,0.058028709379039776,0,0.7152297,0.20679179,0.07797852,0,0.67542034,0.24689564,0.077683985,0,1,0,0,0.6452833556773123,0.27580617010619835,0.07891047421648928
Abrar Ahmed,PSL,Bowler,2023,2024,2,0,0.47783343323757493,0.26386282961483926,0.2583037371475866,0,0.5404832,0.22783752,0.23167932,0,0.5233816006615433,0.19843835050758188,0.27818004883087494,0,0.60849136,0.21465445,0.1768542,0,0.5618221,0.22534345,0.21283439,0,1,0,0,0.622666195952842,0.19916582530437588,0.17816797874278215
Agha Salman,PSL,Batsman,2023,2024,1,0,0.6104836731956981,0.2981940380784058,0.09132228872589582,0,0.6516966,0.2538911,0.094412275,0,0.6068749754614773,0.2763922301963653,0.11673279434215743,0,0.6661412,0.22532386,0.108534895,0,0.6681456,0.24261832,0.08923602,0,2,0,0,0.6628170735863951,0.2249600536291332,0.11222287278447189
Ahsan Hafeez,PSL,Batsman,2023,2024,0,0,0.7422065471582121,0.19936707009620547,0.05842638274558305,0,0.5682675,0.3157598,0.11597265,0,0.6469199874671452,0.24097683617833773,0.112103176354517,0,0.65660715,0.25515524,0.08823759,0,0.59120136,0.29319668,0.11560192,0,0,0,0,0.705116026306059,0.23310323394363758,0.061780739750303494
Aimal Khan,PSL,Bowler,2023,2024,0,0,0.5079038062800391,0.27686868548548105,0.21522750823448047,0,0.5696352,0.24040702,0.18995771,0,0.5682009060372417,0.21525264204541122,0.21654645191734712,0,0.67775625,0.18782544,0.13441828,0,0.5611455,0.25954878,0.17930572,0,0,0,0,0.6106479361364656,0.19881995806116518,0.19053210580236918
Akash Deep,IPL,Bowler,2023,2024,0,0,0.48760265737792546,0.27155852993212815,0.24083881268994667,0,0.46939096,0.31124514,0.21936384,0,0.5213752262755837,0.23884251501966283,0.2397822587047534,0,0.5355429,0.31648716,0.14796999,0,0.48385635,0.32341513,0.19272849,0,1,0,0,0.49019900046718035,0.3087683528477085,0.20103264668511128
Akash Madhwal,IPL,Bowler,2023,2024,1,2,0.2051566077151676,0.28863365748901854,0.5062097347958141,2,0.23879863,0.26053098,0.5006704,2,0.1937641642041333,0.26814696553384376,0.538088870262023,2,0.27072856,0.20736043,0.521911,2,0.25767896,0.20613839,0.5361826,0,1,0,2,0.3142572673927536,0.19332646797317068,0.4924162646340756
Anmolpreet Singh,IPL,Batsman,2023,2024,0,0,0.4491710795963543,0.39825066571544776,0.15257825468819777,0,0.47062477,0.4094673,0.11990787,0,0.49017561361043255,0.38152796600805816,0.12829642038150937,0,0.50739944,0.3793216,0.113279015,0,0.60783726,0.31203952,0.080123164,0,2,0,0,0.5464970154679551,0.3533026606357799,0.10020032389626501
Anuj Dal,T20_Blast,Batsman,2023,2024,0,0,0.6248172355144881,0.29791060886006293,0.07727215562544966,0,0.67584515,0.23322448,0.09093037,0,0.6487144337439203,0.2691420655827835,0.08214350067329629,0,0.6864165,0.22425786,0.08932569,0,0.6546088,0.25568554,0.089705646,0,2,0,0,0.6014414510350558,0.25240700650456477,0.14615154246037962
Anuj Rawat,IPL,Batsman,2023,2024,0,0,0.5136317396618085,0.3688111359485422,0.11755712438964988,0,0.51176524,0.37217644,0.11605829,0,0.5137620666597639,0.38640668435333947,0.0998312489868967,0,0.5582177,0.33784717,0.10393508,0,0.6294202,0.2945208,0.076059066,0,2,1,0,0.4687933038525225,0.38715204043630197,0.14405465571117548
Anwar Ali,PSL,All-Rounder,2023,2024,0,2,0.26903012454033476,0.2823965452684825,0.44857333019118334,2,0.32045847,0.28048056,0.39906093,2,0.2404883116570853,0.24767518402848732,0.5118365043144274,2,0.22348525,0.34448034,0.4320345,2,0.18125327,0.26616427,0.55258244,0,1,2,0,0.42166966755084295,0.3143926561307681,0.26393767631838905
Arjun Tendulkar,IPL,Bowler,2023,2024,0,0,0.4783858547272698,0.2558026338274943,0.26581151144523635,0,0.48743147,0.26246852,0.25010005,0,0.532613272177886,0.2821037685557357,0.1852829592663782,0,0.55622995,0.3004287,0.1433414,0,0.52294576,0.27881432,0.19823991,0,2,0,0,0.4033385333544637,0.31575961155062715,0.28090185509490917
Arshad Khan,IPL,Bowler,2023,2024,0,0,0.4838043596873155,0.30085619555512355,0.2153394447575612,0,0.5414449,0.2598801,0.19867502,0,0.5719237474301602,0.2503814017445355,0.17769485082530423,0,0.5789844,0.24705863,0.17395703,0,0.5284943,0.29765922,0.17384654,0,0,0,0,0.46116437301371477,0.3070599316671847,0.23177569531910053
Arshdeep Singh,IPL,Bowler,2023,2024,2,2,0.15221165637207093,0.2363670348596559,0.6114213087682727,2,0.20793991,0.23422949,0.5578306,2,0.1764275388903337,0.2539190199579084,0.5696534411517579,2,0.115772575,0.17594217,0.7082852,2,0.12415303,0.22143424,0.65441275,0,2,2,2,0.1196043856846278,0.11558304267696047,0.7648125716384117
Asif Ali,PSL,Batsman,2023,2024,0,1,0.33950044453754197,0.4527258739000849,0.2077736815623726,1,0.30015525,0.47353527,0.22630948,1,0.24786453997902255,0.5070650937110803,0.2450703663098972,1,0.24332763,0.47945336,0.277219,1,0.15838365,0.46180212,0.37981418,0,2,1,1,0.24396495181695316,0.6003330087741059,0.15570203940894103
Atharva Taide,IPL,Batsman,2023,2024,0,1,0.3075264558938627,0.4712194108788342,0.22125413322730264,1,0.31246954,0.49127436,0.1962561,1,0.25164201314468493,0.49594163078619147,0.25241635606912366,1,0.3227277,0.5040173,0.17325497,1,0.39438328,0.46843326,0.13718346,0,0,0,1,0.3961088204666873,0.45557384550071156,0.1483173340326012
Avesh Khan,IPL,Bowler,2023,2024,2,2,0.22672161025373605,0.3157366538932484,0.45754173585301605,2,0.2178789,0.29373747,0.48838362,2,0.20042668001521685,0.2838404880300607,0.5157328319547225,2,0.18890387,0.26642513,0.544671,2,0.3311653,0.26529765,0.403537,0,0,1,2,0.3243379113311453,0.24293566349231532,0.4327264251765394
Azam Khan,CPL,Wicketkeeper-Batsman,2023,2024,1,1,0.20987197979467348,0.5037582717296112,0.28636974847571417,1,0.21942809,0.5169233,0.2636486,1,0.24502029745466283,0.516295268729747,0.23868443381559012,1,0.20223744,0.5333685,0.26439402,1,0.20308146,0.51888365,0.27803496,0,1,2,1,0.1814611123517676,0.5074262516604191,0.31111263598781325
Azam Khan,PSL,Wicketkeeper-Batsman,2023,2024,2,1,0.21285007050848884,0.4815622838984674,0.3055876455930432,1,0.19033189,0.48508286,0.3245853,1,0.16397987082209914,0.4633245774451847,0.37269555173271623,1,0.1368371,0.49353096,0.36963198,1,0.15114914,0.4886433,0.36020753,0,0,2,1,0.1500483824991016,0.4772916292138453,0.37265998828705305
B Doggett,BBL,Bowler,2023,2024,1,0,0.37514775742011547,0.2925633131273889,0.3322889294524955,0,0.4588008,0.26546985,0.27572936,0,0.39651194699096914,0.2630260547319666,0.34046199827706436,0,0.5649196,0.2207664,0.214314,0,0.43893996,0.28659713,0.27446294,0,1,0,0,0.3891076742989722,0.3131191016945087,0.2977732240065191
B Kumar,IPL,Bowler,2023,2024,1,2,0.08735029054790334,0.14452478833332277,0.7681249211187743,2,0.10332547,0.14044781,0.7562267,2,0.1301010846050071,0.14803668403771672,0.7218622313572762,2,0.07266284,0.14520167,0.7821355,2,0.105029754,0.20071591,0.6942543,0,1,2,2,0.03623693324739287,0.07048642494709825,0.8932766418055088
B Muzarabani,PSL,Bowler,2023,2024,1,0,0.4577387304682986,0.26029845206141805,0.28196281747028384,0,0.43554947,0.2791794,0.2852712,0,0.45557896063943726,0.253325550611252,0.29109548874931085,0,0.4492909,0.23541643,0.31529266,0,0.45690003,0.2537196,0.28938034,0,0,0,0,0.4663957537376942,0.3144796537163924,0.2191245925459133
B Nikitaras,BBL,Batsman,2023,2024,0,0,0.7576182055583863,0.21845886206983567,0.023922932371777277,0,0.70901823,0.21575536,0.07522644,0,0.7231114190294035,0.21109383885935362,0.0657947421112429,0,0.7141752,0.20330982,0.082514934,0,0.6672205,0.2515692,0.08121027,0,2,0,0,0.6906274963707011,0.2384792809475981,0.07089322268170076
B Sai Sudharsan,IPL,Batsman,2023,2024,2,1,0.2150719292314366,0.47987308535127454,0.3050549854172886,1,0.2286359,0.49255797,0.2788061,1,0.22458154162122454,0.5333579775450977,0.24206048083367773,1,0.2025088,0.53173655,0.2657547,1,0.1915579,0.52117336,0.2872688,0,2,2,1,0.2602210758849961,0.5005161995997656,0.2392627245152383
B Stanlake,BBL,Bowler,2023,2024,1,0,0.45032371919223607,0.26093984300660655,0.28873643780115826,0,0.5745332,0.18009941,0.24536738,0,0.46982841636094225,0.18929107392900396,0.34088050971005374,0,0.5538979,0.20267163,0.24343047,0,0.50268894,0.24170545,0.25560558,0,0,0,0,0.510677351384071,0.25202791925317564,0.23729472936275334
BA Carse,T20_Blast,All-Rounder,2023,2024,0,1,0.2561490443377504,0.41592658817546474,0.32792436748678533,1,0.20189369,0.5003814,0.2977249,0,0.3936645062378964,0.3757763823070874,0.23055911145501623,1,0.24880217,0.46847442,0.2827234,1,0.18342875,0.43424195,0.38232931,0,0,0,2,0.3056277604105678,0.32991872143263407,0.36445351815679816
BA King,CPL,Batsman,2023,2024,0,1,0.22851745630739626,0.4798461482576314,0.29163639543497205,1,0.2240979,0.5185651,0.25733703,1,0.18455210095946256,0.44926372478342935,0.36618417425710814,1,0.18504341,0.53302646,0.28193015,1,0.1674915,0.5033784,0.32913005,0,1,1,1,0.23291598612140235,0.4923788843687457,0.2747051295098519
BA Raine,T20_Blast,All-Rounder,2023,2024,2,2,0.07603311307373488,0.16713735816428296,0.7568295287619825,2,0.078576386,0.15350305,0.7679206,2,0.06049108012441908,0.17200530434780578,0.7675036155277752,2,0.07535895,0.1945097,0.7301314,2,0.093782715,0.21160221,0.69461507,0,2,2,2,0.10544104104881351,0.19592741277293718,0.6986315461782493
BAC Howell,T20_Blast,All-Rounder,2023,2024,2,2,0.2091969218124109,0.33457675270114945,0.45622632548643915,2,0.14042035,0.26910102,0.5904786,2,0.10492338820090764,0.1922972947611709,0.7027793170379215,2,0.09459407,0.3221557,0.5832502,2,0.10933935,0.26382706,0.62683356,0,2,2,2,0.05032143504724537,0.2259635528174482,0.7237150121353064
BAD Manenti,BBL,Bowler,2023,2024,0,0,0.4544119493806183,0.3094755017645975,0.23611254885478386,0,0.5619654,0.24941948,0.18861516,0,0.5344623789681372,0.32363286499381816,0.1419047560380446,0,0.70145124,0.20691709,0.09163161,0,0.59285855,0.25274467,0.1543968,0,0,0,0,0.572123976351195,0.26636687720270197,0.16150914644610306
BBA Geddes,T20_Blast,Batsman,2023,2024,0,0,0.6928862637113996,0.2645474456226864,0.04256629066591344,0,0.67739767,0.23699088,0.08561145,0,0.6893462226106153,0.2348209447999409,0.07583283258944389,0,0.7017544,0.20727156,0.09097397,0,0.66603374,0.24749795,0.08646832,0,1,0,0,0.6655966454613547,0.2567135927374339,0.07768976180121143
BC Cullen,T20_Blast,Bowler,2023,2024,2,2,0.25534431878152336,0.3169995091915058,0.4276561720269711,2,0.21315707,0.33211046,0.4547325,2,0.2465348421119482,0.2739203938555782,0.47954476403247365,2,0.24044393,0.25866216,0.5008939,2,0.23453818,0.31455866,0.45090318,0,0,2,2,0.2407566391217481,0.2872426889516267,0.47200067192662515
BD Guest,T20_Blast,Wicketkeeper-Batsman,2023,2024,1,1,0.219574962664246,0.49953752423151876,0.28088751310423377,1,0.21534118,0.48777568,0.29688314,1,0.255479917993071,0.5412167828012329,0.20330329920569606,1,0.19159715,0.5211315,0.28727138,1,0.18297993,0.50955665,0.30746347,0,1,2,1,0.2106781494112898,0.5419447019967066,0.24737714859200358
BFW de Leede,T20_Blast,Batsman,2023,2024,0,0,0.44283278275164395,0.41126599710303585,0.1459012201453196,1,0.42476955,0.44064614,0.13458431,0,0.4055994373702061,0.4020919220372895,0.19230864059250433,0,0.43853968,0.4059368,0.15552355,0,0.4129763,0.37427616,0.2127476,0,0,0,0,0.48725901363110413,0.4062089263592624,0.10653206000963357
BG Charlesworth,T20_Blast,Batsman,2023,2024,1,1,0.26209238336521806,0.4974628077990738,0.24044480883570796,1,0.2883557,0.5057945,0.20584975,1,0.3114931053047533,0.45652363081713215,0.23198326387811444,1,0.32702652,0.49068117,0.18229225,1,0.36134666,0.42737412,0.21127917,0,2,0,1,0.28144659585984905,0.5547453229541466,0.16380808118600446
BGF Green,T20_Blast,All-Rounder,2023,2024,2,2,0.11675264339007527,0.24162994542018032,0.6416174111897436,2,0.097621895,0.15961619,0.7427619,2,0.10029458549131935,0.1857999304327832,0.7139054840758974,2,0.06638179,0.19668993,0.7369283,2,0.095688745,0.21479054,0.68952066,0,2,2,2,0.023806715133316565,0.16910810538710866,0.8070851794795747
BI Kellaway,T20_Blast,Batsman,2023,2024,0,0,0.7913003828709604,0.18407652588391513,0.024623091245124788,0,0.76092994,0.17607893,0.06299118,0,0.7597755858949132,0.18416965405257388,0.05605476005251286,0,0.73304904,0.18734108,0.07960986,0,0.65843743,0.22877714,0.11278542,0,1,0,0,0.8273738282490462,0.1391870227121662,0.033439149038787655
BJ Currie,T20_Blast,Bowler,2023,2024,1,0,0.47429035833013905,0.2605751804822909,0.26513446118757095,0,0.4931645,0.26379156,0.24304399,0,0.47721593033447224,0.26154963706944867,0.26123443259607915,0,0.54524803,0.23148565,0.22326629,0,0.48453024,0.24001408,0.27545574,0,2,0,0,0.5033155354209682,0.24566931780325585,0.2510151467757759
BJ Dwarshuis,BBL,All-Rounder,2023,2024,2,2,0.06491121417156012,0.18917664199910156,0.7459121438293396,2,0.05968622,0.12939285,0.81092095,2,0.061656839287137104,0.18056894043466637,0.7577742202781966,2,0.06992387,0.17908649,0.7509896,2,0.0946012,0.21125385,0.6941449,0,1,2,2,0.051973702755962824,0.1500285809725768,0.7979977162714604
BJ Dwarshuis,T20_Blast,Bowler,2023,2024,1,0,0.46212358898886086,0.25236775505103953,0.2855086559601002,0,0.3866053,0.27829933,0.3350954,0,0.4097261084618933,0.24952621531886054,0.3407476762192462,0,0.41830796,0.23858924,0.3431028,0,0.41600254,0.2647775,0.31921992,0,2,0,2,0.36269855862463857,0.2736278100262788,0.3636736313490826
BJ Webster,BBL,All-Rounder,2023,2024,1,1,0.3261068986561456,0.448295762138732,0.22559733920512212,1,0.25766766,0.42042765,0.32190466,1,0.20951665912191067,0.4670006621634316,0.32348267871465775,1,0.15423054,0.46808773,0.37768164,1,0.13359742,0.44571686,0.4206857,0,1,1,2,0.20620177051116548,0.3660202926518408,0.4277779368369938
BL Couch,BBL,Bowler,2023,2024,0,0,0.45166767028468574,0.2983974693229918,0.24993486039232243,0,0.41958115,0.29769298,0.28272587,0,0.4460281034871999,0.2774054921866314,0.2765664043261687,0,0.45805722,0.22388218,0.31806058,0,0.41063473,0.27171808,0.3176472,0,1,0,1,0.3619390137838195,0.3756804928182145,0.262380493397966
BL D'Oliveira,T20_Blast,All-Rounder,2023,2024,1,2,0.09788061824255426,0.21299053887383973,0.6891288428836064,2,0.07345147,0.16622835,0.7603202,2,0.09553227958979066,0.24109865752157095,0.6633690628886385,2,0.065544754,0.22169013,0.7127651,2,0.091545075,0.26772714,0.64072776,0,0,2,2,0.06365241101150612,0.273311918655298,0.6630356703331959
BM Duckett,BBL,Batsman,2023,2024,1,0,0.45687132618899373,0.4002986472815987,0.1428300265294071,0,0.5178814,0.33942628,0.14269236,0,0.5041741175768726,0.3617105544840474,0.1341153279390801,0,0.56652486,0.32472846,0.10874671,0,0.6189135,0.29215413,0.08893242,0,1,0,0,0.5430113329052548,0.3377642440805219,0.11922442301422331
BM Duckett,T20_Blast,Batsman,2023,2024,0,1,0.395001275487065,0.4104887502673307,0.1945099742456046,2,0.30741933,0.3370635,0.35551715,1,0.3764122949390089,0.3971477199508393,0.2264399851101519,1,0.27916798,0.513928,0.20690396,1,0.37887183,0.44849178,0.1726364,0,1,0,1,0.362847931083444,0.39619150759937205,0.24096056131718394
BMJ Allison,T20_Blast,Bowler,2023,2024,1,0,0.49609968974714574,0.2652053903987179,0.23869491985413688,0,0.53909874,0.24738629,0.21351495,0,0.5500020239608779,0.29986439270899307,0.15013358333012897,0,0.62145793,0.2180983,0.1604438,0,0.5360466,0.27904624,0.18490712,0,1,0,0,0.5344720924344322,0.2520705217423253,0.21345738582324258
BR McDermott,BBL,Wicketkeeper-Batsman,2023,2024,1,1,0.19299170085818057,0.4483930065082565,0.35861529263356273,1,0.17269304,0.4333559,0.39395106,2,0.13688277358209885,0.4258271546279088,0.43729007178999235,1,0.13665162,0.49025613,0.37309223,2,0.12149718,0.43833724,0.44016558,0,1,2,1,0.19999909714448777,0.42111473499366936,0.37888616786184276
BR McDermott,T20_Blast,Wicketkeeper-Batsman,2023,2024,1,2,0.10995904119516718,0.4239675784715457,0.4660733803332859,2,0.09585227,0.42241952,0.4817283,1,0.12866218669463098,0.4467725986317737,0.42456521467359526,1,0.120708525,0.4573746,0.42191684,1,0.12347258,0.4500668,0.42646065,0,2,2,1,0.07965834156966088,0.4686213481170945,0.4517203103132446
BT Slater,T20_Blast,Batsman,2023,2024,0,0,0.5099742950967358,0.3646556790199072,0.12537002588335744,0,0.57284296,0.29961917,0.12753788,0,0.6059060301892731,0.28329753547903025,0.11079643433169663,0,0.63754445,0.2682249,0.094230644,0,0.65517247,0.25801685,0.08681074,0,1,0,0,0.6016933085188884,0.301265753949972,0.09704093753113968
BTJ Wheal,T20_Blast,Bowler,2023,2024,1,2,0.3092489528543874,0.26939857796382183,0.42135246918179087,2,0.33871913,0.28523615,0.37604472,2,0.32037722223405235,0.27272335030804024,0.40689942745790736,2,0.26368532,0.24109222,0.49522242,2,0.19400258,0.24069393,0.56530344,0,0,0,2,0.1938765954107312,0.3616571223728336,0.4444662822164352
BW Sanderson,T20_Blast,Bowler,2023,2024,2,2,0.16018357693608123,0.25821531350754645,0.5816011095563727,2,0.17064469,0.22155783,0.60779744,2,0.16753215464890125,0.20667593991239983,0.625791905438699,2,0.14645919,0.20199989,0.6515409,2,0.12526894,0.22016622,0.6545648,0,1,2,2,0.31207462760480426,0.23505317846901375,0.452872193926182
BWM Mike,T20_Blast,All-Rounder,2023,2024,2,2,0.17067409608550987,0.3006910656998961,0.5286348382145939,2,0.24212745,0.30836865,0.44950393,2,0.2174302474597328,0.25556589502334376,0.5270038575169235,2,0.10271995,0.29079005,0.60648996,2,0.123130634,0.25136465,0.62550473,0,1,2,2,0.19784181403014275,0.38419117692546695,0.4179670090443904
Babar Azam,PSL,Batsman,2023,2024,2,2,0.08631091586699298,0.3596324951716948,0.5540565889613127,2,0.13257618,0.3586515,0.5087724,2,0.09906453605588736,0.33641405146403686,0.5645214124800758,2,0.1013715,0.43341076,0.46521774,2,0.11804402,0.43948302,0.44247293,0,1,2,2,0.09455845276222337,0.37512406406200793,0.5303174831757687
C Connolly,BBL,Batsman,2023,2024,1,1,0.297934214930628,0.5106890035861013,0.1913767814832706,1,0.2895449,0.5284834,0.18197177,1,0.2941080593067793,0.5042215869950746,0.20167035369814607,1,0.24189124,0.51237863,0.24573016,1,0.2683112,0.5218808,0.209808,0,1,1,1,0.32925868570334627,0.5245996160224768,0.14614169827417683
C Green,IPL,Batsman,2023,2024,1,2,0.1937031223373436,0.3990463713727469,0.4072505062899091,1,0.19332792,0.47797275,0.32869935,1,0.23551144108549868,0.48626726212160615,0.27822129679289515,2,0.09404156,0.34581277,0.5601457,1,0.17817852,0.45267573,0.36914584,0,2,0,1,0.11295432135691602,0.6205817597000248,0.2664639189430592
C Kellaway,BBL,Batsman,2023,2024,0,0,0.6395702688098792,0.2879843753953161,0.07244535579480514,0,0.6578092,0.2573308,0.08485998,0,0.6388869408999265,0.26794444838495823,0.09316861071511526,0,0.6846534,0.21833543,0.09701123,0,0.64036,0.26966605,0.08997401,0,1,0,0,0.6269638872432034,0.2790053835099411,0.09403072924685547
C McKerr,T20_Blast,Bowler,2023,2024,1,0,0.4968387441671818,0.2597728079351866,0.24338844789763187,0,0.5078192,0.25570145,0.23647936,0,0.4964237500593071,0.2884757673858515,0.21510048255484132,0,0.50145227,0.24831891,0.25022885,0,0.50748175,0.28598854,0.20652969,0,0,0,0,0.43160264541091986,0.2480558031592017,0.3203415514298785
C Munro,BBL,Batsman,2023,2024,0,1,0.2595403892503291,0.47986960978555776,0.26059000096411283,1,0.22530365,0.5241907,0.25050563,1,0.19988022632722066,0.4576373892624682,0.3424823844103111,1,0.19420432,0.5374492,0.26834652,1,0.22323155,0.53220105,0.2445674,0,1,1,1,0.25594811588970656,0.48285796815071386,0.26119391595957964
C Munro,PSL,Batsman,2023,2024,1,1,0.21051821588442501,0.48505435735207114,0.3044274267635037,1,0.19097961,0.4881002,0.32092026,1,0.20899273934121324,0.42007005527722013,0.3709372053815666,1,0.15571071,0.48050153,0.3637878,1,0.1601719,0.49524814,0.34458,0,0,1,1,0.15376068770165122,0.48312795037257505,0.3631113619257737
C Overton,T20_Blast,All-Rounder,2023,2024,2,2,0.09079629593928848,0.2020929051430608,0.7071107989176522,2,0.10898983,0.19194731,0.6990629,2,0.06791823753523128,0.18367403736955817,0.7484077250952106,2,0.07420872,0.18844576,0.7373456,2,0.09428163,0.22639406,0.6793243,0,1,2,2,0.14344966996690595,0.2794032334236936,0.5771470966094006
CA Ingram,T20_Blast,All-Rounder,2023,2024,1,2,0.13000305134312143,0.4231370716797997,0.4468598769770791,2,0.16109042,0.41471878,0.42419085,1,0.14101984604659284,0.4885343251726977,0.3704458287807095,2,0.08562692,0.33067337,0.5836997,2,0.11204687,0.39055097,0.49740216,0,2,1,2,0.031806983893083424,0.22922570758859634,0.7389673085183204
CA Lynn,BBL,Batsman,2023,2024,1,1,0.18336034738461104,0.4214453517763001,0.3951943008390884,2,0.16349447,0.31769738,0.5188081,2,0.12846882810549762,0.3797435810915864,0.491787590802916,1,0.12345482,0.44064522,0.43589997,2,0.11708883,0.4330017,0.44990948,0,0,2,2,0.1428113935154252,0.3929714221055184,0.4642171843790565
CA Wakim,BBL,Batsman,2023,2024,0,0,0.7638607433800964,0.20598093768021913,0.030158318939684386,0,0.7085641,0.21844374,0.072992146,0,0.7450012118834863,0.20312611658421806,0.05187267153229555,0,0.7175744,0.2057268,0.076698735,0,0.6795425,0.24327765,0.07717987,0,0,0,0,0.7559785842396591,0.19974638176348913,0.044275033996851704
CB Cooke,T20_Blast,Wicketkeeper-Batsman,2023,2024,1,2,0.11835187206036031,0.40618316963810325,0.47546495830153623,2,0.14104573,0.41933414,0.43962008,1,0.12069224821848584,0.4725949279283878,0.4067128238531263,2,0.10985169,0.43821043,0.45193794,2,0.10930842,0.41372594,0.4769656,0,2,2,1,0.10077772429005846,0.5069383205828831,0.3922839551270584
CD Fletcher,T20_Blast,Batsman,2023,2024,0,0,0.6317419116796708,0.2962823149156041,0.07197577340472425,0,0.57074165,0.34067845,0.08857992,0,0.5842478582604238,0.333032356973174,0.08271978476640213,0,0.6432703,0.27011564,0.08661402,0,0.6210754,0.3011826,0.07774198,0,1,0,0,0.5741999193032734,0.3307272525747529,0.09507282812197361
CF Parkinson,T20_Blast,All-Rounder,2023,2024,2,2,0.0695875397156605,0.12940388208029396,0.801008578204045,2,0.05662903,0.11312193,0.8302491,2,0.0630851094759433,0.16610977772411184,0.7708051127999448,2,0.06987336,0.14483802,0.78528863,2,0.095820315,0.20292042,0.7012592,0,0,2,2,0.035735876391882845,0.11969722177171427,0.8445669018364028
CG Benjamin,T20_Blast,Batsman,2023,2024,0,1,0.2214357601177249,0.5116593767931569,0.2669048630891172,1,0.16774707,0.5704846,0.26176834,1,0.19939918289937913,0.5374534965049248,0.26314732059569595,1,0.24671789,0.5399134,0.21336861,1,0.24050216,0.51948255,0.24001531,0,0,1,1,0.2893191227132436,0.5471019343262922,0.16357894296046419
CG Harrison,T20_Blast,All-Rounder,2023,2024,2,2,0.20331668576341155,0.283788284328436,0.5128950299081522,2,0.15524657,0.28680265,0.5579508,2,0.11222898744348112,0.2917817336888945,0.5959892788676244,2,0.15731357,0.2783895,0.56429684,2,0.10595547,0.21659362,0.67745095,0,0,2,2,0.16865365882100325,0.35425952097772784,0.47708682020126875
CJ Boyce,BBL,Bowler,2023,2024,1,2,0.06519865045381777,0.13990057805024683,0.7949007714959359,2,0.06442,0.17768206,0.757898,2,0.05838985667562599,0.1797320591957743,0.7618780841285997,2,0.09229345,0.17295952,0.734747,2,0.105711795,0.20661211,0.68767613,0,2,2,2,0.08765932058193183,0.12150090739567312,0.7908397720223951
CJ Gannon,BBL,Bowler,2023,2024,0,2,0.32716225301887336,0.27051588332221915,0.40232186365890715,0,0.40310252,0.24788024,0.34901723,0,0.39348138576857633,0.24550529898891435,0.3610133152425094,0,0.5011677,0.22847934,0.27035302,0,0.39005443,0.2731813,0.3367643,0,1,0,0,0.5613391051572859,0.24297620387603375,0.1956846909666803
CJ Green,BBL,All-Rounder,2023,2024,2,2,0.11406120935147726,0.3171940266089496,0.5687447640395747,2,0.13136329,0.29013804,0.57849866,2,0.11028639482635876,0.3403850971139137,0.5493285080597275,2,0.10935094,0.29313442,0.5975146,2,0.10801445,0.24451332,0.6474722,0,2,1,2,0.17256734005446928,0.3579018077028301,0.46953085224270064
CJ Green,CPL,All-Rounder,2023,2024,2,2,0.06295643139100802,0.20154675994062152,0.7354968086683711,2,0.046287864,0.15820672,0.79550546,2,0.057875136436265476,0.18010867210826478,0.7620161914554697,2,0.07169475,0.19578597,0.73251927,2,0.09480044,0.22938015,0.67581946,0,1,2,2,0.04498250937363291,0.1964906293429801,0.7585268612833871
CJ Green,T20_Blast,All-Rounder,2023,2024,2,2,0.239734234781932,0.3478461942047594,0.4124195710133084,2,0.23438363,0.32518157,0.4404348,1,0.26615790284773055,0.37075680674503175,0.36308529040723764,2,0.21065244,0.37208667,0.41726086,2,0.21062565,0.30193105,0.48744327,0,2,0,2,0.25131733019484126,0.31005728188690224,0.43862538791825656
CJ Jordan,BBL,All-Rounder,2023,2024,2,2,0.16873716176367232,0.3577049460501546,0.47355789218617306,2,0.14682522,0.38975272,0.46342203,2,0.16473832279704576,0.32105074688697083,0.5142109303159834,2,0.117001854,0.35287917,0.5301189,2,0.11293608,0.29661354,0.5904504,0,1,2,2,0.19739527712513696,0.3182532922909795,0.4843514305838834
CJ Jordan,CPL,Bowler,2023,2024,1,0,0.4635853993750205,0.2527094726689535,0.28370512795602654,0,0.44975334,0.25540745,0.2948392,0,0.5098939551522186,0.21696717202253138,0.27313887282524996,0,0.5114924,0.20860086,0.27990675,0,0.48632634,0.23722075,0.27645296,0,2,0,0,0.44146255726513894,0.2323902214952195,0.32614722123964146
CJ Jordan,PSL,Bowler,2023,2024,1,2,0.33305258368329016,0.25722077628450607,0.40972664003220366,0,0.39751974,0.23236951,0.37011075,0,0.3799157324131365,0.28045510204292795,0.3396291655439355,0,0.38897625,0.24666566,0.3643581,2,0.26802176,0.25950614,0.4724721,0,0,0,0,0.3548287283545428,0.30431876470707364,0.3408525069383836
CJ Jordan,T20_Blast,All-Rounder,2023,2024,1,2,0.07941787646492794,0.15802635237768825,0.7625557711573835,2,0.075333275,0.16986518,0.7548016,2,0.06138751767206217,0.19415738083236977,0.744455101495568,2,0.07395682,0.2401058,0.68593735,2,0.09114414,0.21619733,0.69265854,0,2,2,2,0.09934481199524044,0.25507140825233265,0.6455837797524269
CN Ackermann,T20_Blast,All-Rounder,2023,2024,1,2,0.15549112374140983,0.3508215757598521,0.49368730049873844,2,0.14551984,0.39836314,0.45611703,2,0.1420873710650943,0.4000655284137903,0.4578471005211154,2,0.10947894,0.3826437,0.50787735,2,0.14437707,0.385642,0.46998098,0,0,1,1,0.1301789388734274,0.4822029846878532,0.3876180764387194
CN Miles,T20_Blast,Bowler,2023,2024,1,2,0.31917499434450575,0.2442890176873245,0.43653598796816906,2,0.29656738,0.25192475,0.45150793,2,0.30910604103650685,0.23580186742242681,0.45509209154106645,2,0.25454834,0.23644915,0.50900245,2,0.23522003,0.25988713,0.50489277,0,1,2,2,0.27947058194243857,0.2853918202286284,0.43513759782893296
CP Jewell,BBL,Batsman,2023,2024,1,1,0.2929643337295396,0.4797748654517491,0.2272608008187109,1,0.31903905,0.50680566,0.17415534,1,0.25676734994953254,0.4934260801856739,0.24980656986479363,1,0.25141117,0.5374276,0.21116126,1,0.31793666,0.5076263,0.174437,0,1,1,1,0.32620285554906725,0.4845134551821208,0.189283689268812
CP Wood,T20_Blast,All-Rounder,2023,2024,2,2,0.08158441650808003,0.20286557956115342,0.7155500039307676,2,0.07376481,0.14546981,0.78076535,2,0.08068522239768425,0.21497495280687196,0.7043398247954437,2,0.07283234,0.17678563,0.75038207,2,0.09420078,0.20376442,0.7020348,0,2,2,2,0.096537101917226,0.16811689992630588,0.7353459981564682
CR Brathwaite,PSL,Bowler,2023,2024,0,0,0.4845119852437547,0.2639561916514467,0.2515318231047989,0,0.5569697,0.24958462,0.19344564,0,0.4990037604720576,0.31468113160269273,0.18631510792524966,0,0.6282532,0.23783739,0.13390936,0,0.5237507,0.2714266,0.20482272,0,2,0,0,0.5115495468361949,0.2861828986271502,0.20226755453665476
CR Woakes,T20_Blast,All-Rounder,2023,2024,0,2,0.219774544706436,0.2951441485748755,0.48508130671868904,2,0.20275152,0.3426774,0.454571,2,0.17032146082306507,0.30896630759235993,0.520712231584575,1,0.2276316,0.40649417,0.36587423,2,0.13611262,0.2939631,0.56992424,0,0,1,1,0.3155149539987563,0.35944818061172723,0.32503686538951637
CT Bancroft,BBL,Wicketkeeper-Batsman,2023,2024,0,1,0.2788941973518604,0.48405522365125486,0.23705057899688442,1,0.2850306,0.48790926,0.22706014,1,0.31253485945823567,0.47913092624107945,0.20833421430068486,1,0.22407696,0.5349494,0.24097371,1,0.16914783,0.5067621,0.32409012,0,1,1,1,0.2538314688393085,0.4245327078612837,0.3216358232994079
CT Bancroft,T20_Blast,Wicketkeeper-Batsman,2023,2024,2,0,0.448948090722124,0.33592711502970535,0.21512479424817085,0,0.46458504,0.32621276,0.20920223,0,0.5711000445058243,0.3131676530749739,0.1157323024192018,0,0.5206637,0.35520133,0.124134965,0,0.59814274,0.30421886,0.09763846,0,1,0,0,0.43346451724430746,0.3616681001823104,0.20486738257338205
CT Steel,T20_Blast,Batsman,2023,2024,1,0,0.650916416676381,0.2717026599191874,0.07738092340443213,0,0.6442249,0.25269398,0.103081115,0,0.5589374978138888,0.27233120213250944,0.1687313000536018,0,0.6852752,0.22097409,0.09375066,0,0.59560996,0.24325776,0.16113223,0,1,0,0,0.6989477755212864,0.24320980487877417,0.05784241959993944
CV Varun,IPL,Bowler,2023,2024,2,2,0.1011758053904676,0.17188085602696673,0.7269433385825658,2,0.11949475,0.13197696,0.74852824,2,0.11526575733389427,0.17272047377330252,0.7120137688928032,2,0.096310765,0.15880413,0.74488515,2,0.113521375,0.20932128,0.6771574,0,2,2,2,0.0917034630130715,0.11312399401266883,0.7951725429742597
D Brevis,IPL,Batsman,2023,2024,0,0,0.41876239080364214,0.4108161728768173,0.17042143631954101,1,0.40474808,0.42819268,0.16705926,0,0.4347948293297821,0.3950782862370574,0.1701268844331606,0,0.4677353,0.37448037,0.15778434,0,0.46693528,0.3541811,0.17888361,0,0,0,0,0.4725954534878752,0.46793583472727257,0.059468711784852295
D Elgar,T20_Blast,Batsman,2023,2024,1,0,0.6838874017508111,0.23936092347147697,0.07675167477771123,0,0.58595186,0.2667059,0.14734223,0,0.5280793518094257,0.2695797184599535,0.2023409297306209,0,0.5838025,0.2389752,0.17722222,0,0.52984655,0.25093955,0.21921392,0,2,0,0,0.5993298099895852,0.2848746997217621,0.11579549028865277
D Moriarty,T20_Blast,Bowler,2023,2024,2,0,0.3595213878808607,0.2937229017962312,0.34675571032290825,0,0.4689629,0.25222507,0.278812,0,0.411342601596521,0.2552719107606004,0.33338548764287856,0,0.48905593,0.25506976,0.25587434,0,0.45292336,0.28233996,0.26473668,0,2,0,2,0.33958246250328844,0.31053360645429967,0.349883931042412
D Padikkal,IPL,Batsman,2023,2024,0,1,0.23989508166084722,0.4979373883168697,0.2621675300222827,1,0.2707864,0.50536084,0.22385275,1,0.19867103220461546,0.5139258312317095,0.28740313656367494,1,0.19288298,0.53242743,0.27468953,1,0.19102837,0.5133728,0.2955988,0,0,1,1,0.25698093743257683,0.4808370770909683,0.2621819854764549
D Pretorius,CPL,Bowler,2023,2024,2,2,0.08264612491401803,0.1979574802184738,0.7193963948675075,2,0.094164,0.21024223,0.6955937,2,0.10401538592174929,0.21373589250271346,0.6822487215755373,2,0.086855255,0.19901139,0.7141334,2,0.101096615,0.23511037,0.66379297,0,0,2,2,0.05604871223552336,0.24385596620276465,0.700095321561712
D Wiese,CPL,All-Rounder,2023,2024,2,2,0.240656867205204,0.3422251684497755,0.41711796434502,1,0.24745937,0.41166547,0.3408752,2,0.2382420847987174,0.3597314622002449,0.40202645300103784,1,0.27193144,0.4193883,0.3086803,2,0.18584494,0.30132467,0.5128303,0,0,0,1,0.29593376374477315,0.39279912909502257,0.3112671071602042
D Wiese,PSL,All-Rounder,2023,2024,1,2,0.12946362658007832,0.30184479454510543,0.5686915788748159,2,0.12231386,0.31465736,0.56302875,2,0.11657622167753626,0.3025783618741367,0.580845416448327,2,0.09766131,0.30824944,0.59408927,2,0.11395536,0.30693784,0.57910675,0,2,1,1,0.14377500302445012,0.4308347647540576,0.4253902322214923
DA Douthwaite,T20_Blast,All-Rounder,2023,2024,2,2,0.2214930636606117,0.29796949582480153,0.48053744051458663,2,0.19921565,0.29956925,0.5012151,2,0.17498817017579227,0.25824650859817694,0.5667653212260308,1,0.21498477,0.41126755,0.3737476,2,0.19016947,0.2828252,0.5270054,0,0,2,2,0.27228686459518714,0.31150155758968534,0.4162115778151276
DA Miller,CPL,Batsman,2023,2024,2,1,0.39633502896570993,0.41473708737344306,0.1889278836608468,1,0.39958462,0.40127656,0.19913886,0,0.45814566574835014,0.3968252286884597,0.14502910556319015,0,0.44971517,0.42067355,0.12961127,0,0.5856812,0.3220818,0.09223699,0,1,0,0,0.5258544660012396,0.3445594676136242,0.1295860663851361
DA Miller,IPL,Batsman,2023,2024,1,1,0.20512980373841078,0.45928446128698486,0.33558573497460337,1,0.19972514,0.4788969,0.32137796,1,0.16881336238205766,0.48771351320536166,0.3434731244125807,1,0.16260979,0.5121112,0.32527903,1,0.14070491,0.46321282,0.39608237,0,0,1,1,0.1974608171230312,0.5665675570429592,0.23597162583400957
DA Payne,T20_Blast,Bowler,2023,2024,2,2,0.10009179676550006,0.14126432855191862,0.7586438746825809,2,0.095668934,0.14477749,0.75955355,2,0.08304278194004527,0.1448314974437663,0.7721257206161884,2,0.07961394,0.15560883,0.76477724,2,0.1018983,0.20308699,0.6950147,0,0,2,2,0.04434223408493507,0.17123482414009258,0.7844229417749724
DA Warner,BBL,Batsman,2023,2024,2,0,0.5237804298680724,0.3542734378171276,0.12194613231480035,0,0.5347079,0.3476075,0.11768462,0,0.5420699651796821,0.35230209968694437,0.10562793513337362,0,0.6605989,0.2561681,0.083233036,0,0.6201925,0.29837796,0.08142956,0,2,0,0,0.6851589668808911,0.25655805515913205,0.05828297795997694
DA Warner,IPL,Batsman,2023,2024,1,2,0.07147227057907456,0.3313040807892886,0.5972236486316372,2,0.083572425,0.2992459,0.6171817,2,0.08465878192040087,0.32534866188827277,0.5899925561913264,2,0.08335405,0.3298801,0.5867659,2,0.11503913,0.40219158,0.4827693,0,0,2,2,0.01819347250188913,0.09577339404278042,0.8860331334553305
DC Drakes,CPL,Bowler,2023,2024,0,2,0.2984727730046524,0.31009662706952057,0.3914305999258274,1,0.30494046,0.36776435,0.32729512,2,0.32392404697385807,0.3253910219905104,0.3506849310356315,1,0.28993446,0.41481754,0.29524803,2,0.25295958,0.3461187,0.40092173,0,2,1,1,0.3177854868611758,0.4338725587522157,0.24834195438660847
DG Bedingham,T20_Blast,Batsman,2023,2024,1,0,0.4591024721023214,0.40277925550767385,0.13811827239000418,0,0.48507422,0.3853045,0.12962125,0,0.4954357276298401,0.37130413208061297,0.13326014028954705,0,0.52277607,0.36290297,0.114320986,0,0.61395353,0.3053125,0.08073396,0,1,0,0,0.4998979930781273,0.35051143621604447,0.14959057070582815
DG Nalkande,IPL,Bowler,2023,2024,0,0,0.5221598491234417,0.2721889368261107,0.2056512140504479,0,0.5967123,0.23554097,0.16774671,0,0.6777712738848108,0.2052955599180143,0.11693316619717492,0,0.68618226,0.18943273,0.12438511,0,0.5966112,0.23878035,0.16460834,0,0,0,0,0.6822054902287407,0.19260043656735915,0.12519407320390025
DJ Bell-Drummond,T20_Blast,Batsman,2023,2024,1,2,0.09337562968657001,0.320667883527787,0.5859564867856436,2,0.16337538,0.31613737,0.52048725,2,0.19427453888897406,0.3646822017230923,0.44104325938793354,2,0.114399664,0.4337245,0.4518759,2,0.11960519,0.42144203,0.45895284,0,2,2,2,0.08287766886739102,0.38316787610049724,0.5339544550321117
DJ Bravo,CPL,All-Rounder,2023,2024,0,2,0.33528129128167106,0.23728115358091015,0.42743755513741893,2,0.34128678,0.23978497,0.41892827,2,0.3078629668046513,0.23210111834641659,0.4600359148489322,2,0.270472,0.33545336,0.39407468,2,0.29335925,0.25539878,0.45124197,0,1,0,2,0.24801572174572453,0.2160692215283793,0.5359150567258962
DJ Hooda,IPL,Batsman,2023,2024,1,0,0.43869131571046693,0.3958818274202734,0.16542685686925912,0,0.4877117,0.3986364,0.11365185,0,0.5036669235097109,0.32227321472702036,0.1740598617632687,0,0.5406778,0.34956157,0.1097607,0,0.43164217,0.39323214,0.17512576,0,1,0,0,0.5581385531404011,0.3957929240731444,0.04606852278645449
DJ Lamb,T20_Blast,All-Rounder,2023,2024,2,0,0.37735276576823606,0.2714008482940578,0.35124638593770613,0,0.43805996,0.24944372,0.3124964,0,0.380004659611929,0.33130631250933146,0.28868902787873957,0,0.5603307,0.26611453,0.17355469,0,0.42328885,0.296578,0.2801332,0,0,1,0,0.5046448960766572,0.2848644920137388,0.2104906119096041
DJ Leech,T20_Blast,Bowler,2023,2024,0,0,0.49092999400878656,0.2745694096192912,0.2345005963719227,0,0.52939916,0.26264134,0.20795952,0,0.5651591203555257,0.2693412436330731,0.1654996360114011,0,0.6081057,0.21315251,0.17874174,0,0.5275215,0.24510527,0.22737326,0,0,0,0,0.6398186309022158,0.21507250803821834,0.14510886105956602
DJ Malan,PSL,Batsman,2023,2024,0,0,0.49962538775378645,0.3690184931373997,0.131356119108814,0,0.515036,0.30443633,0.1805277,0,0.5393360987935609,0.33082603306788055,0.12983786813855855,0,0.58623946,0.30429357,0.10946706,0,0.6099703,0.27249134,0.11753827,0,0,0,0,0.43365762536783603,0.42186834876694457,0.14447402586521943
DJ Malan,T20_Blast,Batsman,2023,2024,2,2,0.10472038500337992,0.3493278968004072,0.545951718196214,2,0.1504977,0.33622587,0.5132764,2,0.15071527916564523,0.3358166512386662,0.5134680695956886,2,0.11629437,0.42550418,0.4582015,2,0.11523258,0.41746095,0.4673064,0,0,2,2,0.12637324504612424,0.3878177870868033,0.48580896786707245
DJ Mitchell,IPL,Batsman,2023,2024,1,0,0.8112839151575109,0.16880943446682284,0.01990665037566673,0,0.6940876,0.23961128,0.06630108,0,0.7202613692668667,0.2058841802783003,0.07385445045483302,0,0.7112149,0.20427047,0.08451469,0,0.67389303,0.24343127,0.08267573,0,2,0,0,0.6824102992385138,0.2626646924723536,0.0549250082891326
DJ Willey,PSL,Bowler,2023,2024,2,0,0.45011702360069433,0.26930868164925564,0.2805742947500506,0,0.43512297,0.30576515,0.25911188,0,0.5175191714199012,0.256654779995414,0.22582604858468486,0,0.48532298,0.25773,0.25694695,2,0.354901,0.2835758,0.3615232,0,0,0,1,0.35878415279772474,0.3622673051806833,0.27894854202159186
DJ Willey,T20_Blast,All-Rounder,2023,2024,2,2,0.07883317107633774,0.17369778559178867,0.7474690433318731,2,0.06126842,0.17778106,0.7609505,2,0.053481451363912864,0.23994603413831295,0.7065725144977741,2,0.06347728,0.1976472,0.73887557,2,0.09238875,0.23816831,0.66944295,0,0,2,2,0.015314171189764653,0.12879756873734544,0.8558882600728899
DJ Worrall,T20_Blast,Bowler,2023,2024,1,0,0.4769486143804789,0.27578664646496887,0.24726473915455305,0,0.42688662,0.28341416,0.28969923,0,0.4372034165516545,0.2569506155758872,0.3058459678724583,0,0.49633604,0.25480506,0.2488589,0,0.4235291,0.29360926,0.28286156,0,0,0,0,0.45690606449850635,0.27401319597138524,0.26908073953010847
DJM Short,BBL,All-Rounder,2023,2024,1,1,0.29683650471024126,0.42869816920547,0.2744653260842883,1,0.3784955,0.41954064,0.20196383,0,0.4178372582185363,0.36669769255487766,0.21546504922658613,1,0.23617442,0.51402825,0.24979731,1,0.29900613,0.45771736,0.24327649,0,0,0,1,0.2631233643614332,0.38006340935520944,0.3568132262833573
DL Chahar,IPL,Bowler,2023,2024,1,2,0.17854677900259217,0.20039290335134768,0.6210603176460598,2,0.21591671,0.21415381,0.56992954,2,0.14947519789149055,0.21972660083914383,0.6307982012693656,2,0.11568884,0.18360597,0.70070523,2,0.13726881,0.22274269,0.6399885,0,1,2,2,0.13610879759264824,0.15791446975408446,0.7059767326532672
DL Lloyd,T20_Blast,Batsman,2023,2024,1,1,0.41938004231478965,0.42062379450678344,0.159996163178427,1,0.34499812,0.44763604,0.20736578,1,0.39776971569888464,0.4043564997593266,0.1978737845417888,0,0.43563384,0.42018035,0.14418578,0,0.49054977,0.3709518,0.13849846,0,0,0,0,0.5482158841320888,0.3614024447404547,0.09038167112745658
DM Bess,T20_Blast,Bowler,2023,2024,2,2,0.20811963863010446,0.3363735627314572,0.4555067986384381,2,0.18034872,0.32314104,0.49651024,2,0.192889303924794,0.2887028179234841,0.5184078781517218,2,0.13417308,0.2944362,0.57139075,2,0.13221116,0.2572433,0.6105456,0,1,1,1,0.21031517004086941,0.3997503752716551,0.3899344546874754
DP Sibley,T20_Blast,Batsman,2023,2024,1,0,0.4974564562366163,0.36932839878703233,0.13321514497635142,0,0.51124823,0.30271894,0.18603286,1,0.3733959242093977,0.3742064658193028,0.25239760997129945,0,0.5528728,0.28255194,0.16457525,0,0.4973374,0.2855686,0.217094,0,0,0,0,0.4840219360864915,0.3288450410267707,0.18713302288673792
DR Briggs,T20_Blast,Bowler,2023,2024,2,2,0.11735889585698141,0.1934443720212793,0.6891967321217399,2,0.09089172,0.13668855,0.77241975,2,0.08800402042317133,0.17660796054014316,0.7353880190366854,2,0.08143685,0.16494606,0.75361705,2,0.1044975,0.20134357,0.6941589,0,0,2,2,0.05217328006934627,0.12017229612004941,0.8276544238106043
DR Drew,BBL,Batsman,2023,2024,0,0,0.6804642912204534,0.25284358713591293,0.06669212164363308,0,0.67789423,0.23433805,0.08776773,0,0.7050533470887245,0.21077814208556211,0.08416851082571325,0,0.68193316,0.23253793,0.08552888,0,0.6517427,0.26190016,0.08635709,0,2,0,0,0.637436735700613,0.2747551529926123,0.08780811130677475
DR Mousley,T20_Blast,All-Rounder,2023,2024,2,2,0.07849663749161503,0.1802519545943423,0.7412514079140419,2,0.06090072,0.21512294,0.7239763,2,0.08294746743279299,0.23197658039133034,0.6850759521758767,2,0.0690111,0.24702282,0.68396616,2,0.093422174,0.2539935,0.6525843,0,1,1,2,0.028992155292907607,0.2651407770265714,0.705867067680521
DR Sams,BBL,All-Rounder,2023,2024,2,2,0.16373986266544543,0.2654601322415763,0.5708000050929783,2,0.11181376,0.22640836,0.66177785,2,0.11025414634977411,0.22902923982442178,0.660716613825804,2,0.08051008,0.22048047,0.6990094,2,0.09999437,0.21283866,0.68716705,0,2,1,2,0.058451981022214924,0.1935018920075479,0.7480461269702371
DR Sams,T20_Blast,All-Rounder,2023,2024,2,2,0.10895397553947603,0.2747866081627926,0.6162594162977307,2,0.07911846,0.23310652,0.6877751,2,0.11274423521935843,0.2971788067708824,0.5900769580097592,2,0.06237683,0.18886878,0.7487544,2,0.09782753,0.25600982,0.6461627,0,2,2,2,0.003393763222737748,0.10278167274072068,0.8938245640365415
DT Christian,BBL,All-Rounder,2023,2024,0,2,0.33536169222564466,0.29958956287235905,0.3650487449019967,2,0.31509507,0.22926813,0.4556368,2,0.2972499431673272,0.2838067450433833,0.4189433117892895,2,0.19938712,0.34763303,0.4529798,2,0.15244988,0.28073788,0.5668122,0,2,0,0,0.39863820153788626,0.32979696648517015,0.2715648319769436
DW Lawrence,BBL,Batsman,2023,2024,0,1,0.3727831539427071,0.4381231941350699,0.18909365192222244,0,0.41526878,0.4109648,0.17376645,1,0.24513948055961146,0.5096333130491688,0.24522720639121978,1,0.38351947,0.44354913,0.17293142,1,0.221349,0.49151847,0.28713244,0,1,0,0,0.5146389614216533,0.3849825489173765,0.1003784896609702
DW Lawrence,T20_Blast,All-Rounder,2023,2024,2,1,0.15053802634606006,0.45708624341230497,0.39237573024163497,1,0.19357105,0.43149465,0.37493438,1,0.13463077971620502,0.47407835701151696,0.39129086327227797,2,0.10895235,0.42646745,0.46458015,1,0.14565518,0.45076263,0.40358216,0,2,1,2,0.09268061124125264,0.4489290851344608,0.45839030362428657
DY Pennington,T20_Blast,Bowler,2023,2024,0,2,0.2200877334864058,0.2634836116729253,0.5164286548406684,2,0.19879341,0.31698954,0.484217,2,0.1973353466851925,0.2660932852228286,0.5365713680919789,2,0.13471936,0.20580688,0.6594738,2,0.14349772,0.23863755,0.6178647,0,1,2,2,0.2984602790382707,0.308426522887231,0.3931131980744983
Dhruv Jurel,IPL,Batsman,2023,2024,1,1,0.311388162848031,0.4933855358257044,0.195226301326264,1,0.36607018,0.47560382,0.15832594,1,0.35627771651926515,0.4754772672287428,0.16824501625199204,1,0.36134186,0.47523656,0.16342154,1,0.41113538,0.44248566,0.1463789,0,1,0,1,0.35981204323152843,0.48786354065221144,0.15232441611626013
E Lewis,CPL,Batsman,2023,2024,1,1,0.3859240106431524,0.426680223160805,0.18739576619604234,1,0.3294088,0.41637266,0.25421858,1,0.26762717341218806,0.4761395147810102,0.25623331180680164,1,0.35675678,0.48453864,0.15870455,1,0.38442737,0.45388067,0.16169201,0,2,0,1,0.38015634519132835,0.43591666989116784,0.1839269849175038
EG Barnard,T20_Blast,All-Rounder,2023,2024,0,0,0.35962552346707455,0.33314985516318896,0.3072246213697364,0,0.3373508,0.3286923,0.3339569,1,0.2876341791747439,0.38200747802368673,0.3303583428015693,1,0.33708653,0.38330907,0.27960438,1,0.32435817,0.39148974,0.28415212,0,1,1,0,0.5355075903598692,0.3221126746232627,0.14237973501686804
EJ Byrom,T20_Blast,Batsman,2023,2024,0,1,0.3414541078844436,0.46493382624785007,0.19361206586770605,1,0.3446453,0.4979847,0.15737003,1,0.3304020081369206,0.47905161761423043,0.19054637424884882,1,0.4274796,0.43939474,0.13312575,0,0.47287166,0.41562885,0.11149947,0,1,1,0,0.46288056566255165,0.4123841089040353,0.12473532543341309
EJ Pollock,T20_Blast,Batsman,2023,2024,1,1,0.2857892803553326,0.4884645722643409,0.22574614738032636,1,0.2914872,0.49413037,0.2143824,1,0.23663864084636865,0.5168275831871484,0.24653377596648293,1,0.29370221,0.5164765,0.18982127,1,0.31650728,0.49341822,0.1900745,0,0,1,1,0.3196188503807871,0.5211716691131683,0.15920948050604466
F O'Neill,BBL,Bowler,2023,2024,1,0,0.4723543764325512,0.259101789016998,0.2685438345504513,0,0.5131447,0.2129576,0.2738977,0,0.4880252527285597,0.28489608726130916,0.22707866001013116,0,0.4628744,0.20692226,0.33020335,0,0.47835955,0.20535862,0.31628174,0,2,0,0,0.48546501282980525,0.24887354392117536,0.2656614432490194
F du Plessis,CPL,Batsman,2023,2024,2,1,0.33872212128769685,0.4442373246298286,0.21704055408247452,1,0.32620513,0.4405806,0.23321427,1,0.24181842213374477,0.4357587035628445,0.32242287430341077,1,0.27715075,0.5298329,0.1930164,1,0.30570266,0.5142013,0.18009612,0,0,0,1,0.3550251443446138,0.4620237960377776,0.1829510596176086
F du Plessis,IPL,Batsman,2023,2024,2,2,0.05636001267327087,0.250310890408566,0.6933290969181636,2,0.07470221,0.2558678,0.66942996,2,0.08275446641286908,0.2798958912479443,0.6373496423391866,2,0.08028965,0.3119314,0.6077789,2,0.11273822,0.4053535,0.48190832,0,2,2,2,0.02248247840467056,0.19202152857464924,0.7854959930206802
FA Allen,CPL,All-Rounder,2023,2024,2,1,0.23140699209888677,0.4357126969771373,0.33288031092397546,1,0.21173927,0.41218108,0.37607962,1,0.15755385119370868,0.4772594022592084,0.3651867465470829,1,0.18237142,0.48210004,0.33552855,1,0.16639419,0.43099052,0.4026154,0,2,1,1,0.1927657625130155,0.48168929066651717,0.3255449468204674
FIN Khushi,T20_Blast,Batsman,2023,2024,0,1,0.2414506006415989,0.5062788884954348,0.25227051086296604,1,0.2547378,0.52174085,0.22352137,1,0.2379697303920033,0.5321537494312215,0.22987652017677507,1,0.20018652,0.5359398,0.26387373,1,0.24805585,0.5282884,0.22365572,0,0,1,1,0.24800018415997982,0.5150503705366541,0.23694944530336606
FJ Heldreich,T20_Blast,Bowler,2023,2024,1,2,0.18478801236080222,0.26787982547297096,0.5473321621662273,2,0.15797114,0.20765306,0.6343758,2,0.17693817878020549,0.2274250597144389,0.5956367615053556,2,0.14802654,0.2009769,0.65099657,2,0.14067161,0.2212538,0.6380746,0,0,2,2,0.1921623595913997,0.20215103666089015,0.6056866037477101
FJ Hudson-Prentice,T20_Blast,All-Rounder,2023,2024,1,1,0.29741071536563596,0.3743923534784766,0.32819693115588694,1,0.34436437,0.374223,0.28141257,1,0.3494206999178008,0.37170002146340375,0.2788792786187954,1,0.3375857,0.42310393,0.23931044,1,0.32810912,0.40351224,0.26837862,0,0,1,1,0.334241968024141,0.46854044085648416,0.1972175911193747
Faheem Ashraf,PSL,All-Rounder,2023,2024,2,2,0.15076158340687795,0.3129347545055523,0.5363036620875701,2,0.12291765,0.3559297,0.5211527,2,0.11557713646326158,0.29758639762037653,0.5868364659163618,2,0.07705902,0.27609757,0.6468434,2,0.1023221,0.26955137,0.62812656,0,2,2,2,0.06750353445404121,0.29840729869454896,0.6340891668514098
Fakhar Zaman,PSL,Batsman,2023,2024,0,2,0.11449803791009995,0.3697869674980825,0.5157149945918175,2,0.123099186,0.3154152,0.5614856,2,0.10801489845848765,0.3547572280803484,0.5372278734611641,2,0.09994647,0.37807113,0.52198243,1,0.12425524,0.45489827,0.4208465,0,2,2,2,0.10242406304462004,0.30220824532041873,0.5953676916349612
G Clark,T20_Blast,Batsman,2023,2024,1,1,0.15981326802496532,0.42335501621302635,0.41683171576200784,2,0.16313897,0.3749501,0.4619109,1,0.14759339485331266,0.450520431409262,0.40188617373742536,1,0.2082182,0.507191,0.2845909,1,0.15638153,0.47504255,0.368576,0,1,2,1,0.1761832167344651,0.45208646481048576,0.37173031845504906
G Motie,CPL,Bowler,2023,2024,2,2,0.0753060310311928,0.2742573566038154,0.650436612364992,2,0.106217846,0.22412568,0.6696565,2,0.10859210850458127,0.2976686942928379,0.5937391972025807,2,0.09438051,0.20777917,0.69784033,2,0.09826277,0.22535883,0.6763784,0,2,2,2,0.14834416430430739,0.22901726150032747,0.6226385741953652
G Stewart,T20_Blast,All-Rounder,2023,2024,2,2,0.14492115481849527,0.25766497687806994,0.597413868303435,2,0.16955523,0.27479947,0.5556453,2,0.17094655844964118,0.17550958621727852,0.6535438553330803,2,0.08690871,0.23051777,0.68257344,2,0.10050449,0.21477786,0.68471766,0,0,2,2,0.1611324667391271,0.2725679685948886,0.5662995646659843
GA Bartlett,T20_Blast,Batsman,2023,2024,0,0,0.6835337604493368,0.26477060565767624,0.05169563389298633,0,0.6744158,0.2377405,0.08784367,0,0.655691530075836,0.25818096840899774,0.0861275015151663,0,0.69389737,0.22068669,0.08541589,0,0.6614581,0.25727016,0.08127176,0,0,0,0,0.6270365858621756,0.29595165751396046,0.07701175662386396
GCH Hill,T20_Blast,Batsman,2023,2024,0,0,0.6774145595435264,0.27554524735627667,0.04704019310019675,0,0.61601907,0.2851961,0.09878483,0,0.5746710773966961,0.2551518338745242,0.17017708872877968,0,0.67217803,0.20412783,0.12369413,0,0.6368979,0.24824426,0.114857785,0,1,0,0,0.6690007608347088,0.25886794844100536,0.07213129072428583
GH Dockrell,T20_Blast,Bowler,2023,2024,0,0,0.48146562813189797,0.24552523228582337,0.27300913958227885,0,0.5454014,0.18806699,0.2665316,0,0.5934635257042831,0.1610918570377825,0.24544461725793446,0,0.6012017,0.17227861,0.22651976,0,0.5190635,0.21947041,0.26146606,0,2,0,0,0.547902150152138,0.17519117957809646,0.2769066702697657
GH Roderick,T20_Blast,Batsman,2023,2024,1,0,0.5770935737877325,0.3310247155108721,0.09188171070139547,0,0.609149,0.28685096,0.10400002,0,0.5700604807227173,0.31569297379856204,0.11424654547872073,0,0.6348108,0.26793304,0.09725623,0,0.64821094,0.2707713,0.08101771,0,1,0,0,0.6007571868983103,0.2967039660244467,0.10253884707724298
GHS Garton,BBL,Bowler,2023,2024,0,0,0.4627019592323404,0.2547241269005412,0.2825739138671191,0,0.42742452,0.25119373,0.32138178,0,0.44239639201647185,0.2759698655739564,0.28163374240957173,0,0.38350496,0.2828585,0.3336366,0,0.5002046,0.2663105,0.23348479,0,2,0,2,0.2979890513824419,0.2609152456138561,0.441095703003702
GHS Garton,T20_Blast,All-Rounder,2023,2024,2,2,0.2923937003936733,0.35346372952048677,0.3541425700858401,1,0.22951195,0.41148326,0.35900486,2,0.21258298538005635,0.3691452786564341,0.4182717359635096,1,0.25551742,0.47695574,0.26752687,1,0.30001527,0.3821635,0.31782123,0,2,1,1,0.2761910374413171,0.4366778668409415,0.28713109571774137
GID Lavelle,T20_Blast,Batsman,2023,2024,0,0,0.7579320735641936,0.20003913258096184,0.04202879385484393,0,0.68613595,0.21612921,0.09773483,0,0.6861295733399243,0.23038035504220328,0.08349007161787243,0,0.6927384,0.20318688,0.10407463,0,0.64253557,0.23756067,0.11990374,0,0,0,0,0.6609978918138777,0.24951284190868755,0.08948926627743474
GJ Bell,T20_Blast,Batsman,2023,2024,0,0,0.6729799918730648,0.2647460076805071,0.06227400044642748,0,0.65682536,0.26816127,0.075013414,0,0.6317124413337667,0.2870977241153829,0.08118983455085045,0,0.6733919,0.24444045,0.082167655,0,0.650869,0.2720451,0.07708588,0,0,0,0,0.6101725399281006,0.3007002394571704,0.0891272206147291
GJ Maxwell,BBL,All-Rounder,2023,2024,2,2,0.15758527585060197,0.41753000850770805,0.4248847156416899,2,0.14278461,0.330807,0.5264084,2,0.14762229182165215,0.3172332587430733,0.5351444494352746,2,0.09017501,0.34829453,0.5615305,2,0.10666752,0.37746778,0.5158648,0,2,2,1,0.1621065314604773,0.4865363838782964,0.35135708466122634
GJ Maxwell,IPL,All-Rounder,2023,2024,1,1,0.10428749695039385,0.45031027981275645,0.44540222323684947,2,0.08560895,0.41781473,0.49657637,2,0.10899385820955115,0.3521631094171694,0.5388430323732794,2,0.09707421,0.3788746,0.5240512,2,0.13110755,0.42817852,0.44071388,0,2,2,1,0.13956624933401515,0.5833844168950838,0.2770493337709011
GL van Buuren,T20_Blast,All-Rounder,2023,2024,1,1,0.20770666628928258,0.49052540450863774,0.30176792920207973,1,0.19609748,0.41713473,0.38676777,1,0.19151859659690304,0.4676688901882678,0.34081251321482914,1,0.2200234,0.51297617,0.26700044,1,0.22864284,0.4777419,0.29361522,0,2,1,1,0.26251211906818595,0.4227440435820729,0.31474383734974104
GLS Scrimshaw,T20_Blast,Bowler,2023,2024,0,2,0.11339574602556621,0.17967466201895946,0.7069295919554746,2,0.13419771,0.1555672,0.7102351,2,0.10544438756081671,0.1825395074616608,0.7120161049775225,2,0.08815526,0.14914186,0.7627029,2,0.10913409,0.20513694,0.68572897,0,1,2,2,0.09660700108661754,0.1603090468019952,0.7430839521113872
GS Drissell,T20_Blast,Bowler,2023,2024,0,0,0.476776234950395,0.26418060903528556,0.25904315601432026,0,0.5066043,0.2434689,0.24992678,0,0.5460014610529996,0.20519365504462664,0.24880488390237376,0,0.59158397,0.2187938,0.18962228,0,0.51960266,0.23725758,0.24313967,0,2,0,0,0.557426856046634,0.21919152455896157,0.22338161939440435
GS Sandhu,BBL,Bowler,2023,2024,0,2,0.33352597639464865,0.28928970176584806,0.37718432183950307,0,0.38319263,0.25637633,0.360431,2,0.30287231108886004,0.26782762878994254,0.4293000601211974,0,0.4518947,0.26358038,0.28452498,2,0.2918414,0.2942713,0.41388738,0,1,0,0,0.41671710889689095,0.3605261351929898,0.2227567559101192
H Kerr,BBL,All-Rounder,2023,2024,2,2,0.29648985750237083,0.3124605196981974,0.39104962279943206,1,0.286972,0.38066936,0.33235872,2,0.2829414509985653,0.3104249965313544,0.4066335524700803,1,0.3472691,0.38137907,0.27135184,0,0.35644937,0.32963064,0.31392,0,1,0,2,0.21210689096772803,0.38404923816989384,0.40384387086237816
H Klaasen,IPL,Wicketkeeper-Batsman,2023,2024,2,2,0.1327268829471727,0.43089039485088815,0.4363827222019383,2,0.14498468,0.42463925,0.43037608,1,0.1549800489472565,0.5326208517703883,0.3123990992823552,1,0.11574452,0.455607,0.42864844,1,0.12481325,0.4500359,0.42515078,0,2,2,1,0.09364878244996687,0.4745438528752906,0.4318073646747425
H McKenzie,BBL,Bowler,2023,2024,0,0,0.45778465517318884,0.2675406352630756,0.2746747095637359,0,0.46718702,0.3024911,0.23032185,0,0.5558162167926014,0.27783111470076505,0.16635266850663355,0,0.5025172,0.28642792,0.21105482,0,0.48965174,0.25522414,0.25512403,0,1,0,0,0.40170254637263686,0.2508523144033448,0.3474451392240183
H Sharma,IPL,Bowler,2023,2024,0,0,0.5501630292258461,0.25384399564975724,0.1959929751243971,0,0.6670898,0.18322591,0.1496842,0,0.6835378964419719,0.20717331696469127,0.10928878659333677,0,0.72368073,0.16833794,0.10798131,0,0.6073491,0.23176387,0.16088706,0,1,0,0,0.6656061799892911,0.1504093078572931,0.183984512153416
HD Ward,T20_Blast,Batsman,2023,2024,2,1,0.3124345736373656,0.4730796685746318,0.2144857577880028,1,0.3309442,0.47379443,0.19526131,1,0.28790987205414964,0.48441781137784734,0.22767231656800302,1,0.3871749,0.46375653,0.1490686,0,0.44592595,0.38356328,0.17051083,0,0,1,1,0.37601638565913287,0.49231974303603654,0.13166387130483073
HE van der Dussen,PSL,Batsman,2023,2024,2,1,0.3570183553741095,0.44994064720038807,0.19304099742550246,1,0.37859467,0.46781585,0.15358946,1,0.3149655554396343,0.5084221553170944,0.17661228924327124,0,0.44366267,0.42611498,0.1302224,0,0.5084059,0.39559695,0.09599709,0,2,0,0,0.4629343342528513,0.41309004654687725,0.12397561920027138
HH Pandya,IPL,All-Rounder,2023,2024,2,2,0.14873402041367054,0.42411743130096846,0.42714854828536136,1,0.11895193,0.45650133,0.42454675,2,0.16073758068468388,0.4188399594520762,0.4204224598632399,2,0.07954619,0.29564118,0.6248126,2,0.12254415,0.38060468,0.49685127,0,2,1,1,0.08903079582528951,0.5000105086156196,0.410958695559091
HJ Nielsen,BBL,Wicketkeeper-Batsman,2023,2024,0,0,0.45560441508918387,0.34081641182608086,0.20357917308473544,0,0.44183463,0.36971077,0.1884546,1,0.4110255520141624,0.4511437245912818,0.1378307233945557,0,0.50551474,0.37859923,0.115886055,0,0.5761471,0.3426494,0.08120351,0,1,0,1,0.39944312196761633,0.4230787215975448,0.17747815643483897
HJ Swindells,T20_Blast,Wicketkeeper-Batsman,2023,2024,0,0,0.4437069292109142,0.37827403536189175,0.1780190354271931,0,0.42881024,0.38702616,0.18416357,0,0.4470789148828629,0.4255371499317941,0.12738393518534316,0,0.51540273,0.37215516,0.11244214,0,0.53930444,0.37060753,0.09008795,0,1,1,1,0.3857515083997638,0.4238915474504246,0.19035694414981164
HJH Brookes,T20_Blast,All-Rounder,2023,2024,1,2,0.18405903549450053,0.2971563945847716,0.518784569920728,2,0.17381966,0.31957036,0.50661,2,0.17468151024505119,0.24066277510502068,0.5846557146499282,2,0.088202775,0.2239201,0.6878771,2,0.10642707,0.23716378,0.65640914,0,0,2,2,0.2060827556639287,0.37530839970953395,0.41860884462653725
HR Walsh,CPL,Bowler,2023,2024,0,2,0.3389582830206789,0.3140488700000278,0.34699284697929295,1,0.30503824,0.4009115,0.2940503,1,0.3022508788059469,0.37285929314733124,0.32488982804672184,0,0.41709298,0.4122494,0.17065759,0,0.37580824,0.35572034,0.26847142,0,2,0,1,0.4159042832948293,0.4164976312315071,0.1675980854736635
HRC Came,T20_Blast,Batsman,2023,2024,0,1,0.27256370346168945,0.47174998607051755,0.2556863104677926,1,0.23728031,0.5177772,0.2449425,1,0.21399458170999103,0.48389996966305954,0.3021054486269496,1,0.1884952,0.53270113,0.27880368,1,0.2591798,0.5287155,0.21210468,0,2,1,1,0.2889202889264248,0.46240224908521727,0.24867746198835802
HTRY Thornton,BBL,Bowler,2023,2024,2,2,0.2981662390785554,0.26057690181808973,0.4412568591033551,2,0.26113746,0.3125149,0.42634764,2,0.24528167308352694,0.2990211359225084,0.4556971909939647,2,0.3100983,0.28831774,0.40158397,2,0.23320629,0.31978726,0.4470065,0,1,1,2,0.27019814638396134,0.3271621189876915,0.40263973462834723
HV Patel,IPL,Bowler,2023,2024,2,2,0.1472825390906239,0.24854883138208547,0.6041686295272909,2,0.12949803,0.1936477,0.67685425,2,0.13578781675790447,0.24354913774063444,0.6206630455014611,2,0.11873792,0.22813548,0.65312654,2,0.13101663,0.22426015,0.6447233,0,2,2,2,0.22849237601865496,0.1816276567180842,0.5898799672632608
HWR Cartwright,BBL,Batsman,2023,2024,0,1,0.26343585207585424,0.48792209678783044,0.2486420511363148,1,0.24308108,0.50901234,0.2479066,1,0.26063486821339676,0.477656913477188,0.26170821830941526,1,0.1947039,0.50430036,0.3009957,1,0.18881273,0.50129056,0.30989674,0,0,1,1,0.24618116884944874,0.526723059861123,0.2270957712894282
HZ Finch,T20_Blast,Batsman,2023,2024,0,0,0.6367738124045814,0.28452138612383454,0.07870480147158365,0,0.66114473,0.25777912,0.08107613,0,0.6139291501328556,0.27441999197972633,0.11165085788741805,0,0.69460106,0.2262797,0.07911921,0,0.6791384,0.2396842,0.081177354,0,1,0,0,0.7417699773514653,0.18789550258029833,0.07033452006823639
Haider Ali,PSL,Batsman,2023,2024,1,1,0.413276786967774,0.416974245866655,0.16974896716557025,0,0.43944326,0.4241226,0.13643414,1,0.3541888730515333,0.4611552642607016,0.18465586268776507,0,0.4724416,0.40709004,0.120468356,0,0.55768377,0.35551655,0.08679973,0,2,0,1,0.4112531349980734,0.4324115763821474,0.15633528861977936
Haris Rauf,PSL,Bowler,2023,2024,0,2,0.1324779471907421,0.2585589330308758,0.6089631197783827,2,0.1581659,0.26062304,0.5812111,2,0.15570660867143885,0.27213554635758824,0.5721578449709729,2,0.093686625,0.1876658,0.7186476,2,0.11772298,0.2266127,0.6556643,0,0,2,2,0.11632061763414234,0.14241783037877095,0.7412615519870867
Harpreet Brar,IPL,Bowler,2023,2024,1,2,0.2367156089477974,0.318362712946087,0.4449216781061161,2,0.2720684,0.3275173,0.40041432,2,0.2599253081061116,0.3267908247534033,0.4132838671404852,2,0.23409885,0.3444993,0.4214019,2,0.19387443,0.29786822,0.5082574,0,1,2,1,0.2628293361236034,0.43430842917176343,0.30286223470463325
Harpreet Singh,IPL,Batsman,2023,2024,0,0,0.5643269381288444,0.3246930331781484,0.11098002869300673,0,0.59253794,0.30727983,0.10018223,0,0.5560500314640318,0.3329901369002533,0.11095983163571495,0,0.6061218,0.30124566,0.09263248,0,0.6283083,0.2941196,0.07757207,0,0,0,0,0.6490368567840097,0.2804658681630665,0.07049727505292375
Harshit Rana,IPL,Bowler,2023,2024,2,0,0.4797745300207328,0.2594388148613881,0.26078665511787996,0,0.51623327,0.24595036,0.23781636,0,0.5196339008214982,0.2377885088293662,0.24257759034913554,0,0.60113335,0.20968564,0.18918104,0,0.55416685,0.23319073,0.21264239,0,0,1,0,0.5714675148584708,0.2355751286446464,0.1929573564968828
Hasan Ali,PSL,Bowler,2023,2024,2,2,0.17827850373998624,0.23016232727951783,0.5915591689804959,2,0.17991985,0.2374953,0.5825848,2,0.1615316088507341,0.22671170125391385,0.6117566898953519,2,0.105851196,0.21125014,0.68289864,2,0.12767687,0.22740078,0.6449223,0,2,2,2,0.07794808420883477,0.16058224563066473,0.7614696701605005
Hasan Ali,T20_Blast,Bowler,2023,2024,1,0,0.3786665356068845,0.3088128050555913,0.31252065933752393,1,0.30342615,0.37354016,0.3230337,0,0.354407256210884,0.34263529232276285,0.3029574514663532,2,0.2956849,0.26510325,0.43921188,2,0.26937002,0.26981118,0.46081874,0,0,0,2,0.30238119211514114,0.3242833742527054,0.3733354336321535
Haseebullah Khan,PSL,Batsman,2023,2024,0,0,0.5307973373418328,0.34954424645843923,0.11965841619972747,0,0.5002419,0.37144908,0.12830904,0,0.4793166186711439,0.3925047597775295,0.12817862155132648,0,0.5332243,0.3577293,0.10904638,0,0.5968159,0.32134092,0.08184314,0,0,0,0,0.5145743351465887,0.37385006025238066,0.11157560460103069
Hussain Talat,PSL,Batsman,2023,2024,0,1,0.3391513389281733,0.44995591991176825,0.21089274116005807,1,0.3644846,0.47696176,0.1585536,1,0.31002639841542734,0.43562204205794564,0.254351559526627,1,0.38652927,0.46238112,0.15108964,1,0.28778386,0.49472165,0.21749453,0,0,1,1,0.405863861765014,0.4993157348357567,0.09482040339922922
I Sharma,IPL,Bowler,2023,2024,1,2,0.26521354430750643,0.26165155492916037,0.4731349007633332,2,0.291965,0.24165715,0.4663778,2,0.26274966896835317,0.20477693474250536,0.5324733962891415,2,0.16953447,0.20965643,0.62080914,2,0.16947237,0.2249689,0.6055587,0,2,2,2,0.27684592455361556,0.21616415735604666,0.5069899180903378
IG Holland,T20_Blast,Batsman,2023,2024,0,0,0.5644954020273516,0.32951784099231873,0.10598675698033055,0,0.62696254,0.25017437,0.1228631,0,0.490176713165664,0.2790484705671645,0.23077481626717153,0,0.6547723,0.20877369,0.13645403,0,0.59936345,0.25017735,0.15045917,0,0,0,0,0.6785670231344267,0.2266310165132505,0.09480196035232286
Iftikhar Ahmed,PSL,All-Rounder,2023,2024,2,1,0.30776328325900815,0.4386101813620821,0.25362653537890956,1,0.32513848,0.45481396,0.2200475,1,0.3757778206984523,0.4556361734506082,0.16858600585093952,0,0.49675462,0.3892399,0.11400542,1,0.32221702,0.47971806,0.19806497,0,1,1,1,0.3686413535531637,0.47618716484833845,0.1551714815984978
Imad Wasim,CPL,All-Rounder,2023,2024,2,2,0.044396434288206645,0.12242121129142372,0.8331823544203703,2,0.04272874,0.13442127,0.82285005,2,0.07247748556153771,0.19568154766338627,0.731840966775076,2,0.06584487,0.22346371,0.71069145,2,0.09245636,0.24354291,0.66400075,0,0,2,2,0.019371229171352415,0.16573884154829538,0.8148899292803522
Imad Wasim,PSL,All-Rounder,2023,2024,2,2,0.14982128905530595,0.3186046845574264,0.5315740263872678,2,0.113658875,0.31036523,0.57597595,2,0.1027178637451984,0.37307277999844246,0.5242093562563591,2,0.06917116,0.2524667,0.67836213,2,0.09970632,0.34276912,0.55752456,0,1,2,2,0.06553423559100775,0.3622213757850691,0.5722443886239232
Imran Tahir,CPL,Bowler,2023,2024,2,2,0.03580729149105311,0.19370407674141638,0.7704886317675311,2,0.054849204,0.17982917,0.7653217,2,0.06437943070853624,0.2293457827575527,0.706274786533911,2,0.08459625,0.19060612,0.72479767,2,0.109457396,0.25234884,0.6381938,0,0,2,2,0.03483736446058426,0.23508515514482659,0.7300774803945892
Irfan Khan,PSL,Batsman,2023,2024,1,0,0.5389010724138152,0.3471815487662909,0.11391737881989371,0,0.53425306,0.34278324,0.12296365,0,0.4681245095291202,0.41481524597426916,0.11706024449661073,0,0.5793987,0.3209809,0.099620394,0,0.619244,0.30341944,0.077336654,0,1,0,0,0.5288414678571586,0.3629246549643441,0.1082338771784972
Ishan Kishan,IPL,Wicketkeeper-Batsman,2023,2024,2,2,0.09250359659163689,0.38587750214185834,0.5216189012665043,2,0.074257806,0.33246675,0.5932755,2,0.10357080357400612,0.36746774943930127,0.5289614469866926,2,0.09717865,0.40815884,0.49466252,2,0.107513204,0.4101663,0.48232052,0,1,2,2,0.07634716426781775,0.40285104777911135,0.520801787953071
J Broad,T20_Blast,Batsman,2023,2024,0,1,0.36767391380302755,0.4593794395325999,0.17294664666437262,1,0.36911577,0.48492098,0.14596331,1,0.393533666183401,0.4433634950256986,0.1631028387909004,0,0.44424227,0.4187449,0.13701282,0,0.4224094,0.42062882,0.1569618,0,1,0,0,0.472411262145015,0.4350714255969927,0.09251731225799224
J Brown,BBL,Batsman,2023,2024,1,1,0.17212071436714246,0.5024069087940539,0.3254723768388031,1,0.1981057,0.48559034,0.31630403,1,0.1888041336750037,0.4968867823790919,0.31430908394590445,1,0.18816863,0.5277506,0.28408074,1,0.17981823,0.50415605,0.3160257,0,2,2,1,0.22233610420076166,0.4749437854846913,0.30272011031454704
J Charles,CPL,Wicketkeeper-Batsman,2023,2024,2,1,0.20870422150780366,0.45487702854205037,0.33641874995014565,1,0.23529606,0.4483333,0.3163706,1,0.19548036584790135,0.4182712314684057,0.386248402683693,1,0.16067193,0.5087553,0.33057275,1,0.13432369,0.46222398,0.40345237,0,0,1,2,0.20158297646824963,0.3862357823275264,0.412181241204224
J Charles,PSL,Wicketkeeper-Batsman,2023,2024,0,0,0.40725210749729635,0.3502289973528336,0.24251889514987018,0,0.37183818,0.34697023,0.28119156,0,0.46815671237935746,0.37385802369661675,0.1579852639240257,1,0.39450237,0.43522158,0.17027606,0,0.59572256,0.30321398,0.10106336,0,2,0,1,0.3379491217389204,0.4143787760839106,0.24767210217716906
J Clark,T20_Blast,All-Rounder,2023,2024,2,0,0.3898830207929811,0.32985550923774926,0.28026146996927004,0,0.39553532,0.34240386,0.2620608,0,0.35642329964415215,0.33487971943995004,0.3086969809158978,0,0.4805423,0.36462995,0.15482771,0,0.40557706,0.35887966,0.23554325,0,0,0,0,0.4475848302906099,0.37234309388160564,0.1800720758277844
J Da Silva,CPL,Batsman,2023,2024,0,0,0.6178074348463685,0.30335676509403836,0.07883580005959376,0,0.59927297,0.3008614,0.09986568,0,0.5651707692753446,0.34768473152518925,0.08714449919946626,0,0.67036265,0.2478676,0.08176976,0,0.62733537,0.2939168,0.07874784,0,0,0,0,0.6440452188932939,0.2834944818328142,0.07246029927389198
J Edwards,BBL,Batsman,2023,2024,0,2,0.2385151624926674,0.3257885765201724,0.4356962609871601,1,0.28646094,0.41987228,0.29366675,2,0.2205341033182083,0.37019654561887516,0.4092693510629166,2,0.15372102,0.39998955,0.44628945,2,0.11920248,0.33146012,0.5493374,0,1,1,1,0.2839152620607108,0.4920271830059124,0.2240575549333768
J Fraser-McGurk,BBL,Batsman,2023,2024,1,1,0.2765616892505082,0.4858789696476909,0.23755934110180035,1,0.3201557,0.47756305,0.20228127,1,0.3021400719815805,0.4762438062984415,0.22161612171997816,1,0.2728606,0.51882756,0.20831189,1,0.2803695,0.5127934,0.20683709,0,2,1,1,0.3177138889537671,0.35490456643741686,0.327381544608816
J Hull,T20_Blast,Bowler,2023,2024,2,0,0.4813267559896155,0.26306591005972846,0.25560733395065655,0,0.45466408,0.29148036,0.25385556,0,0.4640715542911467,0.3018629275239531,0.23406551818490023,0,0.45197204,0.24315311,0.3048749,0,0.45141461,0.2991699,0.24941553,0,1,0,0,0.39996945469698475,0.2745141603757798,0.32551638492723556
J Layne,CPL,Batsman,2023,2024,0,0,0.8370213505018631,0.12912872938699174,0.03384992011114511,0,0.7549981,0.1869876,0.05801433,0,0.777751478835166,0.1621485173328011,0.060100003832032955,0,0.7343557,0.18454319,0.08110109,0,0.62749803,0.23598021,0.13652177,0,0,0,0,0.7892702616130685,0.17794153976839128,0.0327881986185402
J Little,IPL,Bowler,2023,2024,0,2,0.24003853873407452,0.3202065414627716,0.4397549198031545,2,0.34413135,0.22702116,0.4288475,2,0.29332093445375257,0.2758715639646955,0.43080750158155207,2,0.38981882,0.2078993,0.40228194,0,0.41814345,0.1968917,0.38496485,0,0,0,0,0.40620583560333956,0.1877540844002088,0.4060400799964516
J Merlo,BBL,Batsman,2023,2024,0,0,0.7590591265643725,0.21275458776006986,0.028186285675558805,0,0.6974623,0.23261252,0.0699252,0,0.6600240258289376,0.2628007532995375,0.07717522087152504,0,0.717566,0.20129111,0.08114294,0,0.6585062,0.23465014,0.10684364,0,0,0,0,0.7490798359928187,0.18984528715841487,0.0610748768487665
J Overton,BBL,Bowler,2023,2024,2,2,0.13510308001799148,0.2134377028634975,0.6514592171185096,2,0.15380707,0.270053,0.5761399,2,0.16034458647132419,0.24122835929857617,0.5984270542300996,2,0.1031336,0.28546223,0.6114041,2,0.11639164,0.27593702,0.6076713,0,2,0,2,0.1260959055264084,0.2720243595916758,0.6018797348819158
J Overton,T20_Blast,All-Rounder,2023,2024,0,1,0.1873125166635936,0.5014035447267108,0.3112839386096958,1,0.15322703,0.5040291,0.3427439,1,0.21501359568064168,0.43107546678946446,0.3539109375298939,2,0.12508446,0.40051636,0.47439924,2,0.13670285,0.4223551,0.44094208,0,1,1,1,0.19642136109918282,0.44673249353646655,0.3568461453643505
J Shaw,T20_Blast,Bowler,2023,2024,2,0,0.3848145101622508,0.28585781192893406,0.3293276779088152,0,0.36568403,0.3431836,0.2911324,0,0.34763286246340525,0.3318293773784034,0.32053776015819124,0,0.44039232,0.37434474,0.18526292,0,0.4289894,0.30210263,0.26890796,0,1,0,0,0.4174123309977168,0.4141530666754365,0.16843460232684665
J Weatherald,BBL,Batsman,2023,2024,0,1,0.2804012367612666,0.4699142090191603,0.24968455421957292,1,0.29207218,0.47230282,0.235625,1,0.2017940418795922,0.5063290586973579,0.2918768994230499,1,0.23353377,0.5386794,0.22778685,1,0.18892974,0.50274193,0.3083283,0,2,1,1,0.32341575304602904,0.47828990408528965,0.1982943428686812
JA Chohan,T20_Blast,Bowler,2023,2024,2,2,0.24313535718501217,0.3245153887348309,0.4323492540801569,2,0.31465825,0.24959956,0.43574214,2,0.3075103447726709,0.3376151082897385,0.35487454693759063,1,0.2502596,0.37935168,0.37038875,1,0.27942508,0.36626652,0.35430846,0,1,0,2,0.27287345222881493,0.314214003825818,0.412912543945367
JA Davies,BBL,Batsman,2023,2024,0,0,0.6796346585635994,0.24820259545062998,0.07216274598577103,0,0.6213121,0.277114,0.101573944,0,0.5863934482997624,0.27326685734814754,0.14033969435209012,0,0.6406204,0.26895866,0.09042088,0,0.5965442,0.2981929,0.105262846,0,2,0,0,0.6907337620724621,0.2548161993352952,0.054450038592242754
JA Haynes,T20_Blast,Batsman,2023,2024,1,1,0.16133408459164444,0.487656338296054,0.3510095771123012,1,0.11889384,0.5022174,0.37888873,1,0.15115166610170833,0.5086874382780248,0.340160895620267,1,0.14963925,0.5027455,0.34761533,1,0.16084735,0.5009874,0.33816522,0,1,1,1,0.16489334506794892,0.5569255472879967,0.27818110764405435
JA Leaning,T20_Blast,All-Rounder,2023,2024,0,1,0.23048766794326286,0.44501617156179835,0.3244961604949386,1,0.19356163,0.44663528,0.35980308,1,0.13555316158746383,0.47232877523498945,0.39211806317754666,1,0.16804792,0.48054627,0.3514057,2,0.11054439,0.3769496,0.51250595,0,1,1,1,0.17537821639349807,0.5193330377761876,0.3052887458303144
JA Richardson,BBL,Bowler,2023,2024,1,2,0.20120680034465888,0.21935475910742286,0.5794384405479186,2,0.22733086,0.21158655,0.56108254,2,0.2260975558866427,0.22854832034601702,0.5453541237673403,2,0.15518649,0.23278505,0.6120284,2,0.16354091,0.25641528,0.58004385,0,0,1,2,0.0792999114375807,0.21935546643867812,0.7013446221237413
JA Richardson,IPL,Bowler,2023,2024,0,0,0.48484092920028454,0.24468075479090737,0.2704783160088085,0,0.55293983,0.21407539,0.23298477,0,0.5937267395548141,0.19687290333415014,0.20940035711103583,0,0.5492315,0.20623612,0.24453232,0,0.59686345,0.22942686,0.17370975,0,2,0,0,0.5124520845659093,0.23261540895717098,0.25493250647691984
JA Simpson,T20_Blast,Wicketkeeper-Batsman,2023,2024,1,0,0.44759379385955494,0.34172827130605343,0.21067793483439212,0,0.3802005,0.36050588,0.2592936,1,0.3485481195986619,0.4661236358739698,0.1853282445273683,1,0.31872177,0.49621442,0.18506385,1,0.37646973,0.4457268,0.17780349,0,0,1,1,0.33349102378747386,0.439938015620116,0.22657096059241022
JA Sinclair,CPL,Bowler,2023,2024,0,0,0.4498730064494072,0.27550968225079464,0.27461731129979844,0,0.38490582,0.3485033,0.26659086,0,0.4478809998674351,0.2871918938811977,0.26492710625136706,0,0.43335506,0.33856493,0.22807999,0,0.47316426,0.27968863,0.24714711,0,2,0,0,0.3833924532091483,0.27192256983034,0.34468497696051165
JA Thompson,T20_Blast,All-Rounder,2023,2024,2,2,0.14976880584747315,0.24881704702824908,0.6014141471242781,2,0.121563636,0.15948428,0.7189521,2,0.10971712304743705,0.2077317369586814,0.6825511399938815,2,0.07300733,0.21738471,0.70960796,2,0.09759987,0.21917231,0.6832278,0,0,2,2,0.06326172346625351,0.16771272685178004,0.7690255496819665
JA Turner,T20_Blast,Bowler,2023,2024,2,2,0.0951574808682547,0.2419503817389838,0.6628921373927616,2,0.09813546,0.32595724,0.57590735,2,0.10470060344121722,0.22888887567348273,0.6664105208853001,2,0.09028046,0.17075169,0.73896784,2,0.11570741,0.23300739,0.6512852,0,0,0,2,0.08166926624629733,0.19771359784483125,0.7206171359088714
JB Cracknell,T20_Blast,Batsman,2023,2024,0,1,0.20339757436976674,0.5037018432068111,0.2929005824234215,1,0.1849653,0.5665759,0.24845882,1,0.20635760388466953,0.5016695974820514,0.291972798633279,1,0.19520508,0.5339282,0.27086666,1,0.18418469,0.51577616,0.30003917,0,0,1,1,0.22668823685235773,0.5421413757469524,0.2311703874006898
JB Lintott,T20_Blast,Bowler,2023,2024,2,2,0.16914564459906922,0.23464507307903523,0.5962092823218944,2,0.12395762,0.22544341,0.650599,2,0.15040071251803735,0.2331651943665095,0.6164340931154532,2,0.12289305,0.22940126,0.6477057,2,0.10391938,0.21741283,0.6786678,0,0,2,2,0.13561041625685064,0.2706045530612889,0.5937850306818605
JC Archer,T20_Blast,Bowler,2023,2024,0,2,0.3174456682571018,0.293742021507759,0.38881231023513935,2,0.29307052,0.28788084,0.4190486,2,0.28307460935106626,0.29477322292928426,0.4221521677196494,2,0.20419928,0.25051942,0.5452813,2,0.22407147,0.23495597,0.54097253,0,2,0,2,0.17147730332488378,0.28988516191552205,0.5386375347595942
JC Buttler,IPL,Wicketkeeper-Batsman,2023,2024,2,2,0.08369161861952701,0.3163416138286002,0.5999667675518722,2,0.06366903,0.25040767,0.68592334,2,0.11310782101497122,0.35247141811414007,0.5344207608708887,2,0.09481929,0.3977231,0.5074577,2,0.10970084,0.41125348,0.47904566,0,0,2,2,0.04416500709168248,0.3552088775520838,0.6006261153562337
JC Silk,BBL,Batsman,2023,2024,1,1,0.32395706798276486,0.46687679617138134,0.20916613584585353,1,0.32339448,0.49039426,0.18621129,1,0.2664958547952129,0.5173116554685441,0.21619248973624294,1,0.27735126,0.5284781,0.19417062,1,0.23029642,0.5149979,0.25470573,0,2,1,1,0.35202082793786565,0.46684429264094146,0.181134879421193
JD Libby,T20_Blast,Batsman,2023,2024,0,0,0.5571419435820221,0.33405515549819825,0.1088029009197799,0,0.5757241,0.2956931,0.12858273,0,0.5276990805212983,0.32049934143975684,0.1518015780389449,0,0.5842543,0.30563775,0.110107936,0,0.46363166,0.38650864,0.14985968,0,0,0,0,0.5740221244014394,0.2548313832840276,0.17114649231453302
JD Unadkat,IPL,Bowler,2023,2024,1,0,0.38678859571342605,0.2904442375967446,0.32276716668982913,0,0.3962973,0.28582516,0.3178775,0,0.4275738729354102,0.2634217031939472,0.30900442387064253,0,0.50807005,0.30790704,0.18402292,0,0.4665143,0.2763225,0.25716323,0,2,0,0,0.5836608277046292,0.22057484176411485,0.195764330531256
JDM Evison,T20_Blast,Bowler,2023,2024,1,0,0.4260037363075089,0.3184743598439925,0.25552190384849915,0,0.414569,0.33630612,0.24912491,0,0.4151531272114753,0.34652344366107984,0.2383234291274448,1,0.38016656,0.44214222,0.17769118,0,0.41521174,0.40458247,0.18020578,0,2,1,0,0.3714918077067849,0.32280768472950516,0.3057005075637098
JDS Neesham,T20_Blast,All-Rounder,2023,2024,1,2,0.22290727111954883,0.3553403289799314,0.42175239990051977,1,0.22982436,0.40239072,0.36778495,1,0.25790296731636697,0.3800534303930514,0.36204360229058163,2,0.16274503,0.39948037,0.43777466,2,0.16614805,0.32726783,0.50658417,0,2,0,2,0.22059195149283223,0.32510672545005853,0.45430132305710935
JE Root,T20_Blast,Batsman,2023,2024,1,0,0.4909857448797708,0.35908588460839647,0.14992837051183233,0,0.486552,0.34667104,0.166777,0,0.3672299641205389,0.34447799258664746,0.28829204329281366,0,0.58342034,0.31326824,0.10331144,0,0.4399958,0.3940359,0.16596825,0,1,0,0,0.6272353407218131,0.3266089696868297,0.0461556895913573
JG Bethell,T20_Blast,Batsman,2023,2024,2,0,0.44906012778478627,0.40787730931150457,0.14306256290370953,0,0.491232,0.3610802,0.14768778,0,0.5456193343754077,0.3307114210013717,0.1236692446232206,0,0.42526007,0.38850683,0.1862331,1,0.3861935,0.422531,0.19127542,0,0,1,1,0.36126186356966206,0.4357707315161512,0.20296740491418658
JH Davey,T20_Blast,Bowler,2023,2024,2,2,0.14158445892320115,0.24399845041808466,0.6144170906587141,2,0.16618909,0.23353861,0.6002723,2,0.1305015550803613,0.21968212852433658,0.6498163163953021,2,0.11754425,0.2610592,0.62139654,2,0.103198305,0.23045065,0.666351,0,1,2,2,0.18052957423630867,0.26895137645861306,0.5505190493050782
JH Wharton,T20_Blast,Batsman,2023,2024,1,1,0.3312306904570455,0.46141352241196637,0.20735578713098812,1,0.37848175,0.4652181,0.1563001,1,0.3127265784521759,0.48458047681063526,0.20269294473718882,1,0.41336152,0.44848245,0.13815606,0,0.46906132,0.4203497,0.11058902,0,2,1,0,0.48668892731990493,0.4008737175450879,0.11243735513500712
JJ Bazley,BBL,All-Rounder,2023,2024,0,2,0.3403192524505268,0.29844991386875724,0.36123083368071573,0,0.41523072,0.30392313,0.2808462,0,0.3925501008031021,0.3092925191904482,0.2981573800064497,0,0.4485597,0.31706136,0.23437898,0,0.37250748,0.35189608,0.2755964,0,0,0,0,0.3816465030878737,0.3685741720291942,0.24977932488293217
JJ Bohannon,T20_Blast,Batsman,2023,2024,0,0,0.6550529285362727,0.2833623217237154,0.061584749740011796,0,0.66905046,0.25691164,0.07403791,0,0.6826263806903335,0.2553147408985284,0.062058878411138024,0,0.7178082,0.20541614,0.076775685,0,0.68605536,0.23353611,0.08040856,0,1,0,0,0.7150411215832458,0.21822324688235978,0.06673563153439424
JJ Bumrah,IPL,Bowler,2023,2024,2,2,0.28739203539352026,0.2914652627361348,0.42114270187034514,2,0.309875,0.19697456,0.4931504,2,0.2624739373407341,0.19214040941976268,0.5453856532395033,2,0.16945384,0.2033544,0.6271917,2,0.14075954,0.20932287,0.6499176,0,1,0,2,0.05391866400103645,0.1366767125832651,0.8094046234156984
JJ Bushnell,T20_Blast,Batsman,2023,2024,0,0,0.6151498470303108,0.2944515182121797,0.09039863475750927,0,0.47464436,0.37877107,0.14658453,0,0.4050154874393249,0.3381502541741137,0.2568342583865615,0,0.46350214,0.40009615,0.13640173,0,0.4212048,0.40542865,0.17336656,0,1,0,0,0.6710898650417858,0.26544112843784634,0.06346900652036791
JJ Cobb,T20_Blast,All-Rounder,2023,2024,1,1,0.28559914395366354,0.3856799311322604,0.3287209249140759,1,0.26327235,0.38967308,0.34705454,1,0.26503887709095053,0.41861449043659155,0.316346632472458,1,0.24908842,0.49089327,0.2600183,1,0.28831342,0.45284897,0.2588376,0,1,0,1,0.28235494156855284,0.4708179196935133,0.2468271387379339
JJ Peirson,BBL,Wicketkeeper-Batsman,2023,2024,0,0,0.4767045014479851,0.34155158241256917,0.1817439161394457,0,0.48369387,0.34102622,0.17527995,0,0.5701264423109873,0.3242418165692886,0.1056317411197242,0,0.48214892,0.39487633,0.1229748,0,0.53170866,0.36476767,0.10352368,0,1,0,0,0.44587342668827085,0.3678635595569525,0.1862630137547766
JJ Roy,PSL,Batsman,2023,2024,1,1,0.25529354809444793,0.4843867387508008,0.26031971315475066,1,0.20720686,0.49751487,0.29527834,1,0.16835000401181446,0.4386077195939449,0.3930422763942406,1,0.2073064,0.5409531,0.25174046,1,0.19002089,0.5176345,0.2923446,0,0,2,1,0.2231793562999363,0.5434645681252219,0.23335607557484178
JJ Roy,T20_Blast,Batsman,2023,2024,0,1,0.3778689180018269,0.4210228544512632,0.20110822754691016,1,0.3366578,0.36304998,0.30029222,1,0.24649132441948912,0.39563169307667156,0.3578769825038393,1,0.21566883,0.499169,0.28516215,1,0.21552038,0.5116165,0.27286312,0,1,0,1,0.17509699060433384,0.5121265927650609,0.31277641663060535
JJ Weatherley,T20_Blast,Batsman,2023,2024,1,1,0.14522269892366743,0.46186131584477486,0.39291598523155763,1,0.13721581,0.51526994,0.3475142,1,0.1405459507503362,0.4728641139547377,0.3865899352949261,1,0.14792,0.473765,0.3783151,1,0.14862001,0.47659642,0.37478358,0,0,1,2,0.18701333210925616,0.3891370698998827,0.4238495979908611
JJS Sangha,BBL,Batsman,2023,2024,0,0,0.5558028022707429,0.3400789412562871,0.10411825647297054,0,0.5793247,0.2971869,0.12348839,0,0.5380641154487406,0.3412371235976691,0.1206987609535903,0,0.6576521,0.25686234,0.08548556,0,0.60742855,0.2944106,0.09816086,0,1,0,0,0.5921407135199953,0.3122508402512178,0.09560844622878698
JK Fuller,T20_Blast,All-Rounder,2023,2024,2,2,0.13384422859860345,0.34839679440665355,0.5177589769947426,2,0.14700757,0.3735456,0.4794469,2,0.1071435831889374,0.3345958866398441,0.5582605301712186,2,0.09821585,0.31265634,0.5891278,2,0.10228211,0.2438034,0.6539146,0,1,1,1,0.19156611135730808,0.4082626956489445,0.40017119299374737
JL Denly,T20_Blast,All-Rounder,2023,2024,1,1,0.1392778352216348,0.44344438177175,0.41727778300661533,1,0.15784332,0.43886364,0.403293,1,0.14635799249846526,0.4778018175349179,0.3758401899666168,2,0.09625816,0.3800311,0.5237107,1,0.16670506,0.45533368,0.37796122,0,2,1,2,0.07157966819929965,0.4418056984584528,0.48661463334224747
JL Smith,T20_Blast,Wicketkeeper-Batsman,2023,2024,2,1,0.3384778349868429,0.45168199427176636,0.2098401707413902,1,0.3224698,0.47057858,0.20695162,1,0.3682772986784738,0.4717870156355604,0.1599356856859658,1,0.29792586,0.5171912,0.18488294,1,0.32901332,0.49891067,0.17207606,0,0,1,1,0.271726510550779,0.4672855803466799,0.2609879091025412
JL du Plooy,T20_Blast,Batsman,2023,2024,1,1,0.2669800355730048,0.4556193228119391,0.277400641615056,1,0.28834224,0.4660861,0.24557167,1,0.29986073361732696,0.4804214042845507,0.21971786209812227,1,0.365294,0.47911844,0.1555875,1,0.3430645,0.44257402,0.21436161,0,0,1,1,0.16865741586884228,0.607202883845419,0.2241397002857388
JLB Davies,T20_Blast,Batsman,2023,2024,1,1,0.3661937490678164,0.4560954489962705,0.17771080193591307,1,0.37701654,0.48717478,0.13580872,1,0.33710506266832585,0.4888307570689275,0.17406418026274664,1,0.33455274,0.49817422,0.16727313,1,0.42876747,0.45384237,0.11739015,0,1,1,1,0.3320716278940666,0.4990316367749677,0.16889673533096577
JM Bairstow,IPL,Wicketkeeper-Batsman,2023,2024,2,0,0.3869702125595845,0.38117504172950567,0.2318547457109104,1,0.34292996,0.3923973,0.26467273,1,0.40101969512509617,0.427792300692673,0.17118800418223093,1,0.31727135,0.5020877,0.1806409,0,0.4618844,0.41418436,0.123931214,0,2,0,1,0.3171662594725386,0.40392939600615324,0.27890434452130813
JM Bird,BBL,Bowler,2023,2024,0,2,0.2530125595704887,0.23914769695088772,0.5078397434786224,2,0.20723794,0.22666441,0.5660977,2,0.16398429751576288,0.22557203938501236,0.6104436630992247,2,0.22865531,0.26172918,0.5096155,2,0.15438385,0.22163208,0.6239841,0,2,2,2,0.36671680784494254,0.23151605378031948,0.40176713837473804
JM Blatherwick,T20_Blast,Bowler,2023,2024,1,0,0.48093936568215356,0.2558909609105214,0.26316967340732533,0,0.43031844,0.28071412,0.28896743,0,0.4323580541664433,0.2676291604863936,0.3000127853471631,1,0.34479713,0.3582258,0.29697707,0,0.38990298,0.3403546,0.26974246,0,2,0,0,0.38884534824668876,0.3107906006643543,0.30036405108895703
JM Clarke,BBL,Wicketkeeper-Batsman,2023,2024,0,1,0.32870233659430304,0.44341201222063503,0.22788565118506182,1,0.30183098,0.4587187,0.23945029,1,0.31987816119539403,0.4424149558803485,0.23770688292425746,1,0.28140208,0.52650636,0.19209157,1,0.36126292,0.49119768,0.14753939,0,0,1,1,0.26121597051146295,0.47448635689550306,0.26429767259303394
JM Clarke,T20_Blast,Wicketkeeper-Batsman,2023,2024,2,2,0.07687363900179803,0.4295240137338993,0.49360234726430224,2,0.076708846,0.32985678,0.5934344,2,0.1001268791104371,0.3702640113087878,0.5296091095807751,2,0.09450303,0.39652744,0.5089695,2,0.10690246,0.4032769,0.4898206,0,0,2,2,0.04975348507350338,0.40928258298539455,0.5409639319411021
JM Coles,T20_Blast,Batsman,2023,2024,1,1,0.394437958742141,0.44010383901054606,0.16545820224731297,0,0.48146924,0.3764229,0.14210784,0,0.44110924706565907,0.3715168317156132,0.18737392121872762,0,0.46959218,0.3578127,0.17259505,0,0.38714424,0.38513067,0.22772509,0,0,0,1,0.4250000876936247,0.4412677749391915,0.1337321373671839
JM Cox,T20_Blast,Wicketkeeper-Batsman,2023,2024,2,1,0.18389510315948188,0.45710689843191377,0.35899799840860397,1,0.16393778,0.4681847,0.36787745,1,0.1838315839470589,0.5119492803778083,0.3042191356751328,1,0.124069944,0.47061887,0.40531117,1,0.12548643,0.45499012,0.41952345,0,2,2,1,0.11848072166076917,0.5388402670197717,0.34267901131945916
JM De Caires,T20_Blast,Bowler,2023,2024,1,2,0.24124141524090298,0.35108935246719614,0.40766923229190133,1,0.32300434,0.3607895,0.3162062,0,0.3645468677814629,0.35757820060735607,0.27787493161118093,1,0.32290572,0.38970807,0.28738624,1,0.31820175,0.3594461,0.32235217,0,0,0,1,0.2497506547963303,0.42430878632983626,0.3259405588738334
JM James,CPL,Bowler,2023,2024,0,0,0.4774917003191254,0.24768803470809386,0.274820264972781,0,0.5603652,0.21363908,0.22599566,0,0.6329248523152822,0.16563264304161684,0.20144250464310093,0,0.5209276,0.22798935,0.25108305,0,0.4574704,0.2644184,0.2781112,0,0,0,0,0.528641171549043,0.24986129303816665,0.2214975354127904
JM Sharma,IPL,Wicketkeeper-Batsman,2023,2024,1,1,0.1580862698181388,0.47513965473226166,0.36677407544959895,2,0.11613224,0.43986386,0.44400394,1,0.15850792643381045,0.5075024556105721,0.3339896179556175,1,0.15884088,0.50159496,0.3395642,1,0.14224385,0.46944302,0.38831308,0,1,1,1,0.12904682001169868,0.5081573797775003,0.3627958002108009
JM Vince,BBL,Batsman,2023,2024,1,1,0.2556325561512613,0.46286533997896573,0.2815021038697727,1,0.26998523,0.48690462,0.24311014,1,0.22173449060645808,0.45002462630752194,0.32824088308601995,1,0.20642863,0.5324947,0.2610767,1,0.1908299,0.5194948,0.2896754,0,0,1,1,0.27779563950567926,0.46432272055213863,0.25788163994218205
JM Vince,PSL,Batsman,2023,2024,1,1,0.29996859094401496,0.4582815717459088,0.24174983731007613,1,0.26958627,0.4695292,0.26088455,1,0.22752887461860388,0.45839240814284243,0.3140787172385538,1,0.2604857,0.5375968,0.20191737,1,0.2893301,0.5172121,0.19345783,0,0,1,1,0.35999256524864987,0.463726048256868,0.17628138649448216
JM Vince,T20_Blast,Batsman,2023,2024,1,2,0.05321123296135617,0.2531757134399197,0.6936130535987245,2,0.09133716,0.2810612,0.6276017,2,0.08369823364886472,0.32573033577666277,0.5905714305744724,2,0.08762404,0.34765396,0.56472194,2,0.105827756,0.396499,0.49767318,0,0,2,2,0.029333973768895714,0.21698542635702334,0.7536805998740809
JMR Taylor,T20_Blast,Batsman,2023,2024,1,1,0.3461318209388747,0.4290216716073236,0.22484650745380172,0,0.40493724,0.39081916,0.20424362,1,0.3340339089519983,0.4402955994628965,0.22567049158510527,0,0.4592861,0.41052097,0.13019292,1,0.38582143,0.39416128,0.2200173,0,2,0,1,0.4232488681646485,0.4647604480167547,0.11199068381859686
JN Hamilton,CPL,Batsman,2023,2024,0,0,0.6979469959322688,0.2413724314527825,0.060680572614948206,0,0.681742,0.22307019,0.09518779,0,0.6712157892555933,0.24659343449239488,0.08219077625201184,0,0.70750844,0.20119153,0.09129997,0,0.65102285,0.23320912,0.11576799,0,0,0,0,0.6971651082851812,0.23850076683173388,0.0643341248830849
JNT Seales,CPL,Bowler,2023,2024,0,0,0.4801999093109941,0.27059404673017223,0.249206043958834,0,0.4432338,0.30882016,0.24794604,0,0.45492197872451867,0.27901368255860953,0.26606433871687174,0,0.5225385,0.24971765,0.22774385,0,0.41287485,0.30525914,0.28186604,0,0,0,0,0.5070509953766867,0.301027063166662,0.1919219414566513
JO Holder,CPL,All-Rounder,2023,2024,2,2,0.11939214884189457,0.1693155154122697,0.7112923357458348,2,0.14633678,0.16056608,0.6930971,2,0.11432581945681279,0.19361792371574532,0.6920562568274419,2,0.08909266,0.23634452,0.6745628,2,0.09893777,0.21088547,0.6901767,0,2,2,2,0.08265900621912746,0.18755896914825324,0.7297820246326193
JP Behrendorff,BBL,Bowler,2023,2024,2,2,0.08535988143988021,0.14831747863022723,0.766322639929893,2,0.08771425,0.12396782,0.788318,2,0.11071138985733456,0.16498531659650462,0.7243032935461609,2,0.08687598,0.1547101,0.75841385,2,0.11379498,0.20864801,0.67755705,0,1,2,2,0.031593100729575836,0.11364473712748697,0.8547621621429371
JP Greaves,CPL,Batsman,2023,2024,1,0,0.6108034132987279,0.29098207680659516,0.09821450989467682,0,0.6261147,0.26930025,0.10458506,0,0.5181959716411576,0.3137409889899986,0.16806303936884376,0,0.6169186,0.27630296,0.10677836,0,0.6341374,0.25768024,0.1081824,0,0,0,0,0.6622692261423708,0.28626551162145397,0.051465262236175174
JP Inglis,BBL,Wicketkeeper-Batsman,2023,2024,0,1,0.2178294544193601,0.4869902369968065,0.29518030858383304,1,0.18920459,0.5050974,0.30569804,1,0.16886842043199407,0.4631732773465657,0.36795830222144016,1,0.14035659,0.49139023,0.36825317,1,0.13856159,0.47285125,0.38858712,0,1,2,1,0.16461441780789712,0.46786848139856535,0.36751710079353733
JP McIlroy,T20_Blast,Bowler,2023,2024,1,2,0.13935705824753744,0.27883623857368434,0.5818067031787784,2,0.18824178,0.27651045,0.53524774,2,0.22671708050780134,0.2649233431259788,0.5083595763662199,2,0.1626503,0.20526229,0.6320874,2,0.16209994,0.23734726,0.6005528,0,1,2,2,0.1922849407461198,0.22690662961160366,0.5808084296422765
JP Wood,BBL,Bowler,2023,2024,0,0,0.49819783316032046,0.24155518415612368,0.26024698268355645,0,0.5870607,0.21878515,0.19415417,0,0.660792689773916,0.20534364025847401,0.13386366996760993,0,0.59964883,0.20762108,0.1927301,0,0.6261971,0.2314179,0.14238499,0,0,0,0,0.5513466942645783,0.23578863378095127,0.21286467195447056
JR Doran,BBL,Batsman,2023,2024,0,0,0.7089211456780385,0.2334766239670423,0.057602230354918287,0,0.6255431,0.2632985,0.111158304,0,0.6695138746846621,0.24595688900956125,0.08452923630577666,0,0.6577793,0.2265787,0.115642026,0,0.6588227,0.23221433,0.108962975,0,0,0,0,0.6770910587350637,0.2410349647138083,0.08187397655112805
JR Philippe,BBL,Wicketkeeper-Batsman,2023,2024,1,1,0.20029789653214963,0.48822381469783604,0.3114782887700141,1,0.16522689,0.47341067,0.36136246,1,0.20308441201001134,0.49332268512890226,0.3035929028610864,1,0.13670284,0.4790319,0.38426527,1,0.13041385,0.45707193,0.41251418,0,2,2,1,0.1440746564268807,0.4424623951562053,0.41346294841691406
JS Louis,CPL,Bowler,2023,2024,0,0,0.48102813723004945,0.24818830104250644,0.27078356172744444,0,0.5604847,0.20369339,0.23582189,0,0.5729581384513438,0.1686058901816808,0.25843597136697544,0,0.5968233,0.18731622,0.21586052,0,0.56467444,0.22387776,0.2114478,0,2,0,0,0.5224713795994902,0.22443545393049663,0.25309316647001323
JS Paris,BBL,Bowler,2023,2024,2,0,0.3497932558994982,0.3151191309380721,0.3350876131624287,0,0.3659267,0.2917173,0.34235603,0,0.3771524540522755,0.2727486128068549,0.3500989331408697,0,0.39589888,0.25712225,0.34697887,0,0.4016765,0.283672,0.3146515,0,0,1,0,0.5375446517630562,0.25038113899274733,0.2120742092441964
JT Ball,T20_Blast,Bowler,2023,2024,2,2,0.212282926666782,0.2027117046989341,0.5850053686342837,2,0.26250008,0.1770747,0.5604252,2,0.17989249325199422,0.2066746757214587,0.613432831026547,2,0.16768633,0.19508968,0.637224,2,0.11418946,0.20075643,0.6850541,0,0,2,2,0.09927575906487764,0.234493047715419,0.6662311932197033
JW Wells,BBL,Batsman,2023,2024,0,0,0.4177094164741424,0.39388899920973625,0.18840158431612106,0,0.46596465,0.367098,0.16693738,1,0.3772068324124117,0.4966338346452698,0.12615933294231854,0,0.58547544,0.31857297,0.09595151,0,0.45078236,0.38767242,0.16154519,0,0,1,0,0.5862285202340239,0.32238377222906683,0.09138770753690921
James Bracey,T20_Blast,Wicketkeeper-Batsman,2023,2024,1,0,0.4236210828940148,0.37849551671173165,0.19788340039425376,0,0.40389124,0.38767537,0.20843332,1,0.3629194755910542,0.4483970419209917,0.1886834824879539,1,0.409782,0.44978178,0.14043623,0,0.49756563,0.39929155,0.10314278,0,0,1,1,0.32693599671078766,0.44351796503933977,0.22954603824987263
Jaskaran Singh,T20_Blast,Bowler,2023,2024,0,0,0.5065099081273963,0.27661960265710717,0.21687048921549662,0,0.62835485,0.18688199,0.1847632,0,0.6906499488888044,0.19692443607559773,0.11242561503559789,0,0.70762473,0.16276844,0.12960686,0,0.5895965,0.27727348,0.13313004,0,1,0,0,0.7040709674224429,0.13959820181821894,0.15633083075933818
K Alleyne,CPL,Bowler,2023,2024,0,0,0.5257676136247499,0.34063270734788687,0.1335996790273637,0,0.5541182,0.3123623,0.13351953,0,0.6149401527912628,0.2594462824386564,0.12561356477008082,0,0.61742455,0.27357388,0.10900151,0,0.62295353,0.26176506,0.1152814,0,0,0,0,0.6860048940449084,0.18735328402374835,0.12664182193134332
K Gowtham,IPL,All-Rounder,2023,2024,0,2,0.3283951043449643,0.3343140574073544,0.33729083824768163,2,0.26002383,0.3630835,0.37689263,2,0.2363166106645064,0.36513549612829177,0.39854789320720185,1,0.2192215,0.4212531,0.35952544,1,0.24553367,0.39193457,0.36253172,0,0,1,1,0.21510337318530362,0.4692578969340147,0.31563872988068165
K Pierre,CPL,Bowler,2023,2024,1,2,0.24256148790492252,0.2874153461987902,0.47002316589628723,2,0.20368767,0.32838598,0.46792638,2,0.13668021388910553,0.24466314141609907,0.6186566446947954,2,0.21163554,0.2762104,0.5121541,2,0.120600715,0.24114767,0.6382516,0,2,2,2,0.22408863559498876,0.35863957107276734,0.41727179333224385
K Pitman,CPL,Bowler,2023,2024,0,0,0.47746902285851356,0.2583806100488704,0.26415036709261647,0,0.52669996,0.2126465,0.2606535,0,0.4830920044213179,0.28349811467831865,0.2334098809003635,0,0.5295385,0.1998329,0.27062863,0,0.4365387,0.21813081,0.34533042,0,1,0,0,0.5703959677926886,0.19031980529544185,0.2392842269118696
K Rabada,IPL,Bowler,2023,2024,2,2,0.30846231672385,0.2355681176698568,0.4559695656062928,2,0.3190603,0.2934786,0.38746113,2,0.2995877285296363,0.2518462562968563,0.44856601517350736,2,0.20075347,0.25976676,0.5394798,2,0.23605685,0.25394034,0.5100028,0,2,1,2,0.101404338423244,0.18548127290473826,0.7131143886720177
K Sinclair,CPL,Bowler,2023,2024,0,0,0.4561983092819781,0.2674914468562081,0.2763102438618141,0,0.45654628,0.2769873,0.2664664,0,0.42742820629705,0.2950952104595889,0.2774765832433613,0,0.5409556,0.23269108,0.22635324,2,0.34809455,0.24939057,0.40251496,0,0,0,0,0.4374312925311392,0.35296570650320724,0.2096030009656536
KA Anderson,CPL,Batsman,2023,2024,0,0,0.6623470152223745,0.2748949199743663,0.06275806480325877,0,0.6356841,0.2783734,0.08594248,0,0.6538988611684067,0.27758981994872933,0.06851131888286395,0,0.6722528,0.245834,0.08191318,0,0.63951606,0.28153005,0.0789539,0,2,0,0,0.6196432508210877,0.2953315788722823,0.08502517030662997
KA Pollard,CPL,All-Rounder,2023,2024,1,1,0.20725959139683858,0.4465785857459536,0.34616182285720826,1,0.19033046,0.45690516,0.35276434,1,0.21781500146664465,0.4711453331864629,0.3110396653468925,1,0.14422636,0.45912045,0.3966532,1,0.141002,0.4493121,0.40968597,0,1,1,1,0.14288625697612464,0.4597292298797022,0.39738451314417306
KA Pollard,PSL,All-Rounder,2023,2024,1,1,0.2118995878940309,0.47332742543304457,0.314772986672924,1,0.1969627,0.47083837,0.3321989,1,0.2123713370993235,0.4720934338708861,0.31553522902979037,1,0.17576662,0.5124285,0.3118049,1,0.1830198,0.4846143,0.33236587,0,1,2,1,0.11430196780265138,0.49447120856512267,0.3912268236322259
KD Karthik,IPL,Wicketkeeper-Batsman,2023,2024,2,1,0.24494706017622253,0.472367540811173,0.28268539901260364,1,0.24433975,0.45445168,0.3012086,1,0.23909137449374024,0.4823614486956376,0.2785471768106223,1,0.13199668,0.4545264,0.41347697,2,0.13891618,0.41806972,0.4430141,0,1,1,1,0.1978117035826761,0.5261012000967892,0.2760870963205345
KH Pandya,IPL,All-Rounder,2023,2024,2,2,0.0673544465918595,0.24944423407464145,0.6832013193334998,2,0.090853475,0.23264636,0.67650014,2,0.08438703504162691,0.3373094932279597,0.5783034717304134,2,0.07258076,0.22213498,0.70528424,2,0.0989428,0.23484257,0.6662146,0,1,1,2,0.07707652657413662,0.2569622947088857,0.6659611787169777
KHM James,CPL,Batsman,2023,2024,0,0,0.7631488941225337,0.18111470539795077,0.05573640047951713,0,0.7185383,0.19658214,0.084879585,0,0.695854481493394,0.22775043975679,0.07639507874981602,0,0.69373286,0.22528549,0.080981694,0,0.63899463,0.26125836,0.09974692,0,0,0,0,0.7697362005506893,0.16808384949446337,0.06217994995484731
KK Ahmed,IPL,Bowler,2023,2024,2,2,0.31112997451116814,0.27380957439211906,0.4150604510967131,2,0.26522467,0.2802533,0.45452204,2,0.19994242471209117,0.2581872171204293,0.5418703581674795,2,0.16585925,0.21360609,0.6205346,2,0.17246564,0.22445641,0.60307795,0,2,2,2,0.20116076123254065,0.2949869294549866,0.5038523093124727
KK Jennings,T20_Blast,All-Rounder,2023,2024,1,1,0.29480602245829524,0.37294920101789875,0.3322447765238056,1,0.24529621,0.40856156,0.34614226,1,0.3126383072127531,0.44555117322123666,0.24181051956601018,1,0.23153636,0.4674167,0.30104688,1,0.35116586,0.41814864,0.23068544,0,1,0,2,0.28443722258375315,0.2589017965980292,0.45666098081821765
KL Rahul,IPL,Wicketkeeper-Batsman,2023,2024,2,1,0.19771747335528322,0.4341007651104594,0.36818176153425686,2,0.18210492,0.39863825,0.41925684,1,0.17644986372075183,0.4451900164572821,0.378360119821966,1,0.114713475,0.44996953,0.43531704,2,0.115924686,0.42264554,0.46142977,0,1,2,2,0.07782356065393756,0.3098950587222885,0.6122813806237739
KMA Paul,CPL,All-Rounder,2023,2024,1,1,0.1747446479027618,0.4735740582553492,0.351681293841889,1,0.18047436,0.4502059,0.36931977,1,0.1530113505341329,0.4759112080662736,0.37107744139959364,1,0.18205273,0.49244052,0.32550672,1,0.16915853,0.4488047,0.38203672,0,2,2,1,0.3018032441645651,0.4215283499340967,0.27666840590133823
KO Wickham,CPL,Batsman,2023,2024,0,0,0.7709255364582482,0.20433936068276284,0.024735102858989496,0,0.72175944,0.20927672,0.06896383,0,0.7579523257556506,0.19914461153838697,0.0429030627059625,0,0.72715616,0.19662152,0.0762223,0,0.6821573,0.23987167,0.0779711,0,2,0,0,0.7042105769091029,0.2270695538752257,0.06871986921567146
KR Mayers,CPL,All-Rounder,2023,2024,2,1,0.18748302590507726,0.4847359247064905,0.3277810493884324,1,0.17879012,0.4570386,0.3641713,1,0.16954554226592294,0.5446106304797672,0.28584382725430985,1,0.18629633,0.5001552,0.31354848,1,0.19251718,0.4482782,0.35920468,0,2,1,1,0.276364915170557,0.48499604601755164,0.23863903881189127
KR Patterson,BBL,Batsman,2023,2024,0,0,0.5304209284851322,0.34912817876278307,0.12045089275208458,0,0.54236406,0.34005603,0.11757988,0,0.5393862216405902,0.33546692863150024,0.1251468497279096,0,0.58903694,0.3153155,0.09564754,0,0.6375968,0.28583747,0.07656571,0,1,0,0,0.6014897431788274,0.3069896731695278,0.09152058365164464
KR Sen,IPL,Bowler,2023,2024,0,0,0.5379195204874953,0.25753293962719015,0.20454753988531582,0,0.5399195,0.26065934,0.19942121,0,0.5354181811277795,0.2316132399189204,0.23296857895329998,0,0.6476419,0.20250216,0.14985593,0,0.57272595,0.2508426,0.17643148,0,1,0,0,0.5041409074284984,0.30580967684093835,0.19004941573056325
KS Carlson,T20_Blast,Batsman,2023,2024,2,1,0.20388248010588103,0.48088854308458207,0.3152289768095376,1,0.24252538,0.51002777,0.24744685,1,0.25772139301790065,0.47063236504444905,0.27164624193765025,1,0.25845453,0.52922153,0.212324,1,0.24900815,0.4809003,0.27009162,0,0,2,1,0.22261616046646487,0.5824885046112557,0.19489533492227942
KS Williamson,IPL,Batsman,2023,2024,0,0,0.543292777265775,0.34283701746114287,0.11387020527308207,0,0.48992893,0.34658006,0.16349106,0,0.5425949846038418,0.3322929127513332,0.12511210264482495,0,0.47661576,0.3870246,0.13635957,0,0.5609776,0.33770925,0.101313196,0,1,0,0,0.443468408531112,0.28140583019400905,0.2751257612748789
KU Carty,CPL,Batsman,2023,2024,1,0,0.4815412561872245,0.37932368001009414,0.13913506380268156,0,0.5285087,0.3610383,0.11045298,0,0.549482907429912,0.32517562613335577,0.12534146643673227,0,0.5369726,0.3553365,0.10769095,1,0.4055367,0.45928112,0.13518214,0,0,0,0,0.5531987150040779,0.35267855811890275,0.09412272687701927
KV Sharma,IPL,All-Rounder,2023,2024,2,2,0.36731120036864645,0.20127997616759022,0.43140882346376247,2,0.4148753,0.14248893,0.44263574,2,0.32094794336736954,0.21543609749881434,0.4636159591338161,2,0.30757284,0.25822085,0.43420637,2,0.26941013,0.26365027,0.4669396,0,0,2,0,0.3888479011798144,0.2334871083831478,0.37766499043703783
KW Richardson,BBL,All-Rounder,2023,2024,2,2,0.30759003039621696,0.2567528384618055,0.4356571311419771,2,0.2619475,0.2382076,0.49984497,2,0.20632482400538563,0.2616678961614744,0.5320072798331399,2,0.22821277,0.2863367,0.48545057,2,0.20470539,0.23227394,0.56302065,0,1,1,0,0.40259775005038645,0.1962795038799239,0.4011227460696896
Kamran Ghulam,PSL,Batsman,2023,2024,0,0,0.5262503622603213,0.3552592987978658,0.11849033894181338,0,0.49652287,0.39017949,0.11329763,0,0.4880930096638697,0.3908163990982169,0.12109059123791331,0,0.5602898,0.33103672,0.108673476,0,0.47866288,0.38910797,0.13222918,0,2,0,0,0.4913610306170974,0.3839847898959983,0.12465417948690427
Kartik Tyagi,IPL,Bowler,2023,2024,0,0,0.4917573689198113,0.29636554223261535,0.21187708884757434,0,0.53754604,0.22528437,0.2371696,0,0.5249976016895425,0.27289295468199204,0.20210944362846553,0,0.61217076,0.21797825,0.16985098,0,0.48830652,0.30516377,0.20652978,0,1,0,0,0.7047300274517104,0.17812020625111127,0.11714976629717823
Kashif Ali,T20_Blast,Batsman,2023,2024,1,1,0.36536186595060205,0.4480969533909485,0.1865411806584488,1,0.3511896,0.50493777,0.14387263,1,0.37975028453569165,0.45521659556105293,0.1650331199032554,1,0.391165,0.46225682,0.14657807,1,0.3443214,0.4905177,0.16516086,0,2,1,1,0.3163923482261142,0.5115009914244991,0.17210666034938676
Khurram Shahzad,PSL,Bowler,2023,2024,0,0,0.4827236522523978,0.26521600204902307,0.2520603456985795,0,0.5021328,0.2761438,0.22172341,0,0.4722352225957458,0.2998156457041279,0.22794913170012637,0,0.55778724,0.23638394,0.20582879,0,0.5380762,0.27080217,0.1911216,0,2,0,0,0.5112681808332681,0.28302247698651417,0.20570934218021772
Khushdil Shah,PSL,All-Rounder,2023,2024,1,2,0.2842632246497323,0.35090491072834584,0.3648318646219226,1,0.24692027,0.39415917,0.35892057,1,0.20065614331630424,0.4083778805277347,0.39096597615596096,1,0.22898977,0.50078374,0.2702265,1,0.25693238,0.4612396,0.28182808,0,2,0,1,0.21766794347871746,0.5171843109559252,0.2651477455653573
Kuldeep Yadav,IPL,Bowler,2023,2024,2,2,0.12082482854294636,0.19910792619980738,0.6800672452572457,2,0.124559015,0.19333424,0.68210673,2,0.1349958018677625,0.2000560505250305,0.664948147607207,2,0.09742111,0.18719186,0.715387,2,0.11095051,0.21277466,0.67627484,0,2,2,2,0.14997544415242875,0.26118682217599426,0.588837733671577
L Gregory,T20_Blast,All-Rounder,2023,2024,2,2,0.1557134455114983,0.2088314160867529,0.6354551384017489,2,0.111154996,0.19206285,0.6967821,2,0.07340093990987753,0.18552599624661448,0.7410730638435079,2,0.06828234,0.20120777,0.7305098,2,0.09448461,0.2185232,0.68699217,0,1,2,2,0.10853056644627945,0.2848731717375399,0.6065962618161805
L Pope,BBL,Bowler,2023,2024,2,2,0.3232395728374341,0.22692862873706182,0.4498317984255036,2,0.33337182,0.19526939,0.47135884,2,0.24767734646274672,0.20846340354911014,0.5438592499881432,2,0.34247053,0.2402387,0.41729078,2,0.26958695,0.26303446,0.4673786,0,2,2,2,0.3503950572424934,0.24898696213423638,0.40061798062327025
L Scott,BBL,Batsman,2023,2024,1,0,0.7838502950831351,0.19362086228873973,0.022528842628125028,0,0.7003925,0.21011208,0.089495406,0,0.6953513673536511,0.18854653504192992,0.11610209760441911,0,0.6686973,0.1947799,0.13652278,0,0.6710483,0.240248,0.088703774,0,0,0,0,0.7662049869866839,0.17129264903166727,0.06250236398164885
L Wood,PSL,Bowler,2023,2024,2,0,0.5104155686360782,0.24805628960844012,0.24152814175548196,0,0.58956635,0.17977706,0.23065664,0,0.5649085309828247,0.18119752907844622,0.2538939399387292,0,0.5805449,0.17202854,0.24742658,0,0.51984835,0.23561564,0.24453601,0,1,0,0,0.539531029651529,0.20783150421765442,0.25263746613081656
L Wood,T20_Blast,Bowler,2023,2024,2,2,0.12356718064390923,0.16529466963296668,0.711138149723124,2,0.12893502,0.16728632,0.7037786,2,0.0931634794210941,0.16115662031003286,0.7456799002688731,2,0.07907493,0.16846523,0.7524599,2,0.0979419,0.21353038,0.68852764,0,2,2,2,0.08346130194645253,0.22041326320075716,0.6961254348527904
LA Dawson,T20_Blast,All-Rounder,2023,2024,2,2,0.06407293599741244,0.1862503867247552,0.7496766772778328,2,0.066394456,0.16948053,0.764125,2,0.04921605888412155,0.15816489737507897,0.7926190437407994,2,0.06760265,0.21182182,0.7205755,2,0.09263276,0.21917516,0.688192,0,2,2,2,0.03655809388412691,0.16885975127545075,0.7945821548404223
LBK Hollman,T20_Blast,All-Rounder,2023,2024,2,2,0.15365342045031632,0.2913626618929419,0.5549839176567413,2,0.1628696,0.282205,0.55492544,2,0.14067917869247956,0.24518168278516067,0.6141391385223598,2,0.08808747,0.27900732,0.63290524,2,0.11174421,0.27230588,0.61594987,0,2,2,2,0.1068738438807737,0.3532955184152723,0.539830637703954
LD McManus,T20_Blast,Wicketkeeper-Batsman,2023,2024,1,1,0.2807260931658928,0.4656092177929921,0.25366468904111417,1,0.2994984,0.42739818,0.27310342,1,0.28041420895253605,0.5193051583234572,0.2002806327240067,1,0.2801775,0.50896955,0.21085295,1,0.32035965,0.48778713,0.1918532,0,2,1,1,0.30771000260208736,0.5053490434408715,0.18694095395704124
LH Ferguson,IPL,Bowler,2023,2024,1,2,0.3233346328728521,0.31209988887985446,0.3645654782472936,0,0.34014162,0.3395107,0.32034767,0,0.3745062097463486,0.3026596914025347,0.3228340988511167,0,0.3574358,0.33597603,0.3065881,0,0.34037697,0.3282945,0.33132857,0,2,0,0,0.48488055860407314,0.2710838654050658,0.2440355759908612
LJ Evans,BBL,Batsman,2023,2024,0,1,0.25476406922962097,0.49519063511141514,0.2500452956589632,1,0.22088954,0.5480561,0.23105435,1,0.2019260481514512,0.49041244709254106,0.30766150475600773,1,0.22335854,0.538396,0.23824547,1,0.18479759,0.51180524,0.30339712,0,1,2,1,0.2292240075153632,0.552712864738899,0.21806312774573783
LJ Evans,PSL,Batsman,2023,2024,0,0,0.6763807319753498,0.2551726253061814,0.0684466427184685,0,0.6562504,0.23978944,0.10396014,0,0.6382689995647335,0.2710898928515335,0.09064110758373299,0,0.6886891,0.21283093,0.098479964,0,0.6465535,0.24453008,0.108916335,0,0,0,0,0.5914776315791818,0.3147996427445367,0.0937227256762814
LJ Evans,T20_Blast,Batsman,2023,2024,1,2,0.08580320845400022,0.3640490384682685,0.5501477530777319,2,0.08878465,0.3284406,0.58277476,2,0.08640049096485186,0.34216011695246745,0.5714393920826806,2,0.09460527,0.37746555,0.5279292,2,0.11556405,0.4182611,0.46617487,0,1,2,2,0.061549995926028306,0.2638407321700594,0.6746092719039123
LJ Fletcher,T20_Blast,Bowler,2023,2024,0,0,0.38462026188268633,0.2878018358704611,0.3275779022468527,0,0.39569405,0.30048275,0.30382323,2,0.3632961555707073,0.2598368136878415,0.3768670307414511,0,0.45058772,0.27324656,0.27616566,0,0.3806701,0.25670576,0.3626241,0,2,0,0,0.42439828834776105,0.29059636163835695,0.28500535001388194
LM Reece,T20_Blast,All-Rounder,2023,2024,1,1,0.2379767204474817,0.4656590259132421,0.29636425363927676,1,0.28580514,0.4430932,0.27110162,1,0.21929663385007436,0.4866663497956592,0.29403701635426643,1,0.20649287,0.5153475,0.2781596,1,0.21839845,0.47438872,0.30721292,0,0,1,1,0.2693925783307234,0.4255503120470167,0.30505710962225996
LP Goldsworthy,T20_Blast,Bowler,2023,2024,2,2,0.3291859844485204,0.3177541738105439,0.3530598417409359,0,0.3814409,0.3080098,0.3105493,0,0.375423471241815,0.34828794226160437,0.2762885864965806,0,0.5344053,0.30515668,0.16043803,0,0.42261818,0.2977489,0.279633,0,0,0,0,0.4676350302518753,0.3108432966826455,0.22152167306547935
LPJ Kimber,T20_Blast,Batsman,2023,2024,1,1,0.33391838191728196,0.4547922039620101,0.21128941412070776,1,0.3919755,0.43715394,0.17087056,1,0.38233443211174456,0.43641333431002577,0.18125223357822967,0,0.5079218,0.37857455,0.11350362,0,0.50801253,0.34797728,0.14401019,0,2,1,0,0.5049410856380271,0.359515913396,0.135543000965973
LR Morris,BBL,Bowler,2023,2024,2,2,0.2257394909787483,0.2505753239465966,0.5236851850746558,2,0.21973078,0.28282523,0.49744394,2,0.19686851110009718,0.2250514340554465,0.5780800548444563,2,0.2004009,0.2548577,0.5447414,2,0.22014843,0.2721884,0.5076632,0,0,2,2,0.3191388269338592,0.30670480843401526,0.3741563646321255
LS Livingstone,IPL,Batsman,2023,2024,1,1,0.252275449068791,0.48460102818273665,0.2631235227484722,1,0.2588826,0.45391795,0.2871994,1,0.22756605909898242,0.4352089793669658,0.33722496153405185,1,0.2451333,0.53290766,0.22195905,1,0.30402207,0.43952078,0.2564572,0,0,1,1,0.26491190730854663,0.5541003748354182,0.1809877178560351
LS Livingstone,T20_Blast,All-Rounder,2023,2024,0,2,0.16358741348430242,0.3480771075731162,0.48833547894258084,2,0.1114842,0.343949,0.5445668,2,0.11868882858403969,0.3420431601978824,0.5392680112180779,2,0.07766283,0.29468596,0.62765115,2,0.09961511,0.34128454,0.55910033,0,2,1,2,0.06508365446340933,0.333042631016571,0.6018737145200197
LW James,T20_Blast,Batsman,2023,2024,0,0,0.5359710233027987,0.3539220346482178,0.1101069420489836,0,0.56882346,0.32143384,0.10974271,0,0.5991124239854482,0.2989577390005224,0.10192983701402945,0,0.63500446,0.26932406,0.095671535,0,0.49265158,0.33983484,0.16751356,0,2,0,0,0.5430940965419083,0.38676041512713943,0.07014548833095213
LWP Wells,T20_Blast,All-Rounder,2023,2024,2,2,0.16859247894069507,0.3399145127915603,0.49149300826774545,2,0.1404903,0.3376626,0.52184707,2,0.1447977567264524,0.3314805361046064,0.5237217071689413,2,0.08625717,0.31283197,0.6009109,2,0.105652176,0.34801668,0.5463311,0,2,2,2,0.08091916493886193,0.326122705257743,0.592958129803395
Lalit Yadav,IPL,Batsman,2023,2024,0,0,0.6097823030945865,0.3071646333639995,0.08305306354141433,0,0.50200325,0.37389,0.12410671,0,0.46977582463276774,0.37011143161799887,0.1601127437492334,0,0.6319003,0.2710924,0.09700726,0,0.54156816,0.30484483,0.15358704,0,1,0,0,0.5404213408171007,0.3420693030254442,0.11750935615745516
M Bryant,BBL,Batsman,2023,2024,1,0,0.42847526323278784,0.4110743166990482,0.16045042006816332,0,0.44656926,0.40586713,0.14756358,1,0.2950423529649557,0.4884136325139206,0.21654401452112368,1,0.381354,0.4706966,0.14794937,0,0.46569934,0.4239173,0.110383324,0,2,1,1,0.41206409382234577,0.42953688017228786,0.1583990260053664
M Gilkes,BBL,Batsman,2023,2024,1,0,0.5463798861108978,0.3321407004641877,0.12147941342491499,0,0.60528755,0.2884825,0.106229976,0,0.6279542748262016,0.27868995859728957,0.09335576657650885,0,0.652003,0.26374376,0.08425327,0,0.66376495,0.26067156,0.075563475,0,0,0,0,0.5625926541166558,0.3298407530083875,0.10756659287495664
M Jansen,IPL,Bowler,2023,2024,0,2,0.29905852537916056,0.34403139198893484,0.3569100826319055,2,0.3157949,0.3033957,0.3808094,2,0.3140412911420667,0.320647777666908,0.36531093119102526,2,0.18788114,0.24730438,0.5648145,2,0.2963371,0.3122351,0.39142784,0,0,2,2,0.23364200405592125,0.25316372098050977,0.5131942749635691
M Kelly,BBL,Bowler,2023,2024,0,2,0.28670035191813725,0.2759838448660016,0.4373158032158612,2,0.28131858,0.33802485,0.38065654,2,0.29434250910908316,0.28008420515036886,0.42557328574054804,2,0.30640134,0.2660326,0.42756605,2,0.18205845,0.2533327,0.5646088,0,1,0,2,0.21598162725252595,0.3758897743286805,0.40812859841879356
M Labuschagne,BBL,Batsman,2023,2024,0,0,0.4965676341862019,0.3625090324018809,0.1409233334119175,0,0.47422382,0.4005396,0.12523659,0,0.4370980583761118,0.3748507555060997,0.18805118611778837,0,0.5787671,0.32379204,0.09744079,0,0.45123395,0.40458798,0.14417803,0,2,0,0,0.6883662311606672,0.27786160849182306,0.0337721603475097
M Labuschagne,T20_Blast,Batsman,2023,2024,1,1,0.40104347004279906,0.4138780501581623,0.1850784797990385,1,0.34938294,0.44107723,0.20953985,1,0.3685885235554071,0.4007544238872766,0.23065705255731628,1,0.41385105,0.42315918,0.16298974,1,0.39999604,0.42718458,0.17281944,0,2,0,0,0.44896653315306123,0.4423046719912577,0.10872879485568097
M Markande,IPL,Bowler,2023,2024,1,2,0.13091018071337693,0.3009851768417397,0.5681046424448835,2,0.15022804,0.26386654,0.5859054,2,0.1510707471171567,0.3106755942593334,0.5382536586235099,2,0.12605518,0.27093065,0.60301423,2,0.117250815,0.25016475,0.6325845,0,2,2,2,0.19221014723603896,0.3125019053847594,0.4952879473792017
M Montgomery,T20_Blast,Batsman,2023,2024,0,1,0.2991352990012939,0.4921134574662568,0.20875124353244934,1,0.3347346,0.5115198,0.15374562,1,0.39422854109518635,0.45499239668744607,0.15077906221736773,1,0.3248719,0.49523324,0.17989491,1,0.27547327,0.49335212,0.23117462,0,2,0,1,0.3212099194592671,0.5318671773060568,0.14692290323467602
M Pathirana,IPL,Bowler,2023,2024,2,2,0.09464406578691584,0.17282314864264908,0.7325327855704349,2,0.15784618,0.15547092,0.6866829,2,0.11461562918490108,0.20263800415118227,0.6827463666639167,2,0.13845925,0.17497876,0.686562,2,0.17977473,0.1905035,0.62972176,0,2,2,2,0.16677809265650012,0.1402683385299246,0.6929535688135752
M Perry,BBL,Bowler,2023,2024,0,0,0.483757311739809,0.24617305727757763,0.27006963098261355,0,0.5693834,0.18609543,0.2445212,0,0.6176734409816531,0.18028336689575591,0.2020431921225909,0,0.5791576,0.18036546,0.240477,0,0.5585927,0.24237296,0.19903436,0,1,0,0,0.49462749949488494,0.289512387288492,0.21586011321662316
M Shahrukh Khan,IPL,Batsman,2023,2024,1,1,0.2983056638247711,0.4882221915113687,0.21347214466385975,1,0.34079564,0.50186986,0.15733452,1,0.3193157699091488,0.49878711565060263,0.18189711444024864,1,0.32715347,0.49945587,0.17339067,0,0.44643423,0.43239483,0.121170916,0,1,1,1,0.29857139735885707,0.5322488122897461,0.16917979035139685
M Theekshana,IPL,Bowler,2023,2024,1,2,0.13557563385840282,0.27563950591336983,0.5887848602282273,2,0.17302081,0.2135031,0.6134761,2,0.18852948675024356,0.23533033517117846,0.576140178078578,2,0.12538075,0.20904644,0.6655728,2,0.14256664,0.22139591,0.6360374,0,0,2,2,0.15263077304453176,0.2195051914964966,0.6278640354589716
M de Lange,T20_Blast,Bowler,2023,2024,2,2,0.3014269262618341,0.2853465734665888,0.413226500271577,2,0.28191236,0.35679352,0.3612941,2,0.2830897329768493,0.3259487816190966,0.39096148540405407,1,0.2792094,0.3891841,0.33160648,1,0.3569139,0.3700262,0.2730599,0,2,0,1,0.3552153731883208,0.37599211926601056,0.2687925075456687
MA Agarwal,IPL,Batsman,2023,2024,0,1,0.20073391938183463,0.4612470291714315,0.33801905144673416,1,0.20499991,0.43832126,0.3566788,1,0.16302180571324623,0.4545719999418143,0.3824061943449395,1,0.16544499,0.5128752,0.32167986,1,0.15759283,0.47688144,0.36552572,0,1,1,1,0.35166957451842945,0.41543870026915614,0.23289172521241436
MA Jones,T20_Blast,Batsman,2023,2024,1,1,0.18384166323259743,0.48727557362227797,0.3288827631451246,1,0.2104661,0.5043788,0.2851551,1,0.1868721861963161,0.49303826094426667,0.32008955285941726,1,0.19234769,0.52799547,0.27965686,1,0.18860486,0.5190358,0.29235926,0,0,1,1,0.2336831623009321,0.498443733984538,0.2678731037145297
MA Starc,IPL,Bowler,2023,2024,2,2,0.30527614754514026,0.29815833625505195,0.3965655161998076,2,0.32251045,0.26965415,0.4078354,2,0.3444787340312734,0.28423659988371025,0.37128466608501637,2,0.31229112,0.23987202,0.44783682,2,0.36153612,0.23994485,0.39851907,0,2,0,2,0.21152611301841726,0.27544650825428213,0.5130273787273006
MC Henriques,BBL,All-Rounder,2023,2024,1,1,0.24010710859588927,0.4890897325080973,0.27080315889601314,1,0.22756957,0.45983842,0.31259203,1,0.22822979744701813,0.4386892560726948,0.33308094648028697,1,0.17101744,0.49270767,0.33627495,1,0.15611473,0.4677415,0.37614372,0,2,1,1,0.2731328537845619,0.4382840066336689,0.28858313958176923
MD Stoneman,T20_Blast,Batsman,2023,2024,0,0,0.5304768604991964,0.34001958223883705,0.129503557261967,0,0.5746903,0.29223815,0.13307156,0,0.603921883600144,0.29968143636630884,0.09639668003354715,0,0.53918207,0.3468094,0.11400852,0,0.61964184,0.28963152,0.09072664,0,1,0,0,0.5582752046121124,0.30277949723581205,0.1389452981520754
MD Taylor,T20_Blast,Bowler,2023,2024,2,2,0.25255912627209676,0.3267377609332645,0.42070311279463873,2,0.24351004,0.35058823,0.4059017,2,0.2163057859182747,0.33082452906303284,0.4528696850186925,2,0.21865606,0.30641812,0.47492576,2,0.16649017,0.26170292,0.57180685,0,1,2,1,0.34317509365319876,0.38439890836895185,0.27242599797784933
MDE Holden,T20_Blast,Batsman,2023,2024,1,1,0.12571815741568748,0.4853765153146887,0.3889053272696233,1,0.11550661,0.5480964,0.33639693,2,0.10682572443479796,0.44103544927196403,0.45213882629323815,1,0.13317756,0.45544642,0.411376,1,0.14017986,0.4718562,0.38796392,0,2,2,1,0.10360659591340167,0.5143565347817813,0.3820368693048169
MG Neser,BBL,All-Rounder,2023,2024,1,2,0.1303489539126035,0.2680345154970003,0.6016165305903959,2,0.12896949,0.19670896,0.67432153,2,0.078300519500905,0.21037654261283448,0.7113229378862606,2,0.089899786,0.23423818,0.6758621,2,0.09685915,0.21809389,0.6850469,0,2,2,2,0.2198831484153798,0.3352514532382415,0.44486539834637867
MG Neser,T20_Blast,Bowler,2023,2024,2,0,0.4529894015779778,0.25511828959412036,0.29189230882790224,0,0.4099611,0.29489413,0.2951448,0,0.3986095256523841,0.30273266049786385,0.2986578138497521,0,0.35502598,0.29602346,0.34895054,2,0.26549822,0.27665526,0.45784652,0,2,0,0,0.3442554874608352,0.33340154110511744,0.3223429714340474
MJ Guptill,PSL,Batsman,2023,2024,0,1,0.22659980707106947,0.489070994735467,0.28432919819346325,1,0.2578017,0.49096876,0.25122952,1,0.21783943760164745,0.4911261601808201,0.2910344022175326,1,0.22128807,0.5336825,0.2450294,1,0.23036124,0.52755845,0.24208026,0,2,2,1,0.27129190160478145,0.5053760458672025,0.22333205252801602
MJ Henry,IPL,Bowler,2023,2024,0,0,0.4885191189170789,0.24533058425111648,0.2661502968318049,0,0.565829,0.16456148,0.26960954,0,0.6288502227302599,0.14121061478497235,0.22993916248476773,0,0.5786898,0.17444906,0.24686113,0,0.5571794,0.21379693,0.22902364,0,1,0,0,0.49024532361268347,0.21864717036658762,0.2911075060207288
MJ Leach,T20_Blast,Bowler,2023,2024,1,0,0.46452539606526927,0.25517787660534275,0.28029672732938854,0,0.5087442,0.21270068,0.27855512,0,0.5549325963953039,0.248854793725898,0.19621260987879807,0,0.48807663,0.18458647,0.3273369,2,0.3690679,0.24194154,0.38899052,0,1,0,0,0.6128406714476026,0.1632153867655457,0.2239439417868518
MJ Owen,BBL,Batsman,2023,2024,2,0,0.6660130899101341,0.26805740116962745,0.06592950892023841,0,0.66495997,0.25693738,0.07810265,0,0.6523161692816982,0.23812713807019928,0.10955669264810262,0,0.7228435,0.19866222,0.0784942,0,0.5787429,0.28555965,0.13569738,0,1,0,0,0.6863636616164723,0.25935505675193643,0.05428128163159117
MJ Potts,T20_Blast,Bowler,2023,2024,1,2,0.2826135164453277,0.3210922263521711,0.3962942572025016,2,0.25730538,0.29117894,0.45151573,2,0.27159570593566035,0.3116969245611884,0.4167073695031512,2,0.18882832,0.26246208,0.5487096,2,0.20359574,0.2562631,0.54014117,0,2,0,2,0.14932332569386536,0.21365178614665623,0.6370248881594784
MJ Santner,IPL,Bowler,2023,2024,0,0,0.4498591304025165,0.27049025531056964,0.2796506142869145,2,0.34002328,0.28671223,0.37326452,0,0.36141907790443817,0.3080298899360666,0.3305510321594952,0,0.5196543,0.27628574,0.20405997,0,0.5113123,0.22570792,0.2629798,0,0,0,0,0.4353825706485785,0.22495823250477895,0.33965919684664253
MJ Swepson,BBL,Bowler,2023,2024,1,2,0.16011134147792566,0.28287559599337164,0.5570130625287036,2,0.16102076,0.24255651,0.59642273,2,0.1577997887376602,0.277167138315453,0.5650330729468868,2,0.14552829,0.27820215,0.5762695,2,0.15102752,0.24612884,0.60284364,0,0,2,2,0.29380341546924404,0.2603635663786158,0.44583301815214016
MJ Waite,T20_Blast,Bowler,2023,2024,2,0,0.45440828726281074,0.28696982973104157,0.2586218830061479,0,0.489563,0.31567737,0.19475964,0,0.530011668800496,0.2816656581650516,0.18832267303445238,0,0.6484191,0.24016516,0.1114158,0,0.56149983,0.26470765,0.17379253,0,0,0,0,0.5608318355749284,0.2950340917339391,0.1441340726911325
MJJ Critchley,T20_Blast,All-Rounder,2023,2024,2,2,0.09638832569341335,0.15374309754502768,0.7498685767615579,2,0.06856778,0.12607867,0.8053535,2,0.07605449428508111,0.1908860347018227,0.7330594710130961,2,0.06332367,0.18701403,0.7496622,2,0.09297972,0.21818176,0.68883854,0,2,2,2,0.0182139475932125,0.15400273494387545,0.8277833174629121
MK Andersson,T20_Blast,All-Rounder,2023,2024,1,2,0.24795002695009621,0.32093054904890367,0.4311194240009993,2,0.28355438,0.3452021,0.3712435,2,0.24236091647357846,0.2666090291679037,0.4910300543585178,2,0.17078282,0.30588078,0.5233364,2,0.17360231,0.3066211,0.5197765,0,0,1,2,0.2225924405363299,0.38071196987127015,0.39669558959239987
MK Lomror,IPL,Batsman,2023,2024,1,1,0.3188858442645252,0.47560138938257224,0.2055127663529026,1,0.34966117,0.48362693,0.16671188,0,0.43099481063889833,0.3608355624091202,0.20816962695198166,0,0.45912266,0.40741548,0.13346192,1,0.39250997,0.42449445,0.18299556,0,0,1,0,0.47963868238547797,0.39908112296109777,0.12128019465342427
MK O'Riordan,T20_Blast,Bowler,2023,2024,1,0,0.46730497591108094,0.25142986010445156,0.28126516398446755,0,0.5144901,0.19723503,0.28827482,0,0.5253905984205004,0.24407193751021317,0.23053746406928638,0,0.47247514,0.23618643,0.2913384,2,0.3567954,0.282499,0.3607056,0,1,0,0,0.5386001146269632,0.21690940941746964,0.2444904759555672
MK Pandey,IPL,Batsman,2023,2024,0,0,0.4417005928696972,0.377260683320279,0.18103872381002248,0,0.43743905,0.3792009,0.18336008,0,0.4377774791625425,0.3805929707808844,0.18162955005657302,1,0.28439012,0.5190187,0.1965911,1,0.22485262,0.4779401,0.29720727,0,1,0,0,0.43606130103309176,0.36868527675008844,0.1952534222168198
ML Revis,T20_Blast,Bowler,2023,2024,1,2,0.20887376312480235,0.2924185171653424,0.49870771970985595,2,0.19874927,0.30241865,0.4988321,2,0.214416042236006,0.345261976009702,0.44032198175429194,2,0.09682379,0.29938886,0.60378736,2,0.16062818,0.3063183,0.53305346,0,2,1,2,0.09649609560379,0.3154098828670092,0.5880940215292008
MM Ali,IPL,All-Rounder,2023,2024,1,2,0.11236688844020268,0.3614213368694899,0.5262117746903084,2,0.085615166,0.34115645,0.5732284,2,0.09095072843996892,0.41495601262419796,0.49409325893583317,2,0.09228957,0.33639494,0.57131547,2,0.103742875,0.31803164,0.57822555,0,1,2,1,0.11706192012187365,0.4623577962977977,0.4205802835803287
MM Ali,T20_Blast,All-Rounder,2023,2024,1,2,0.24988339309221802,0.3287044486392774,0.4214121582685046,2,0.19930498,0.37396693,0.4267281,2,0.14990982032722852,0.3336747286959562,0.5164154509768152,1,0.16000555,0.42291692,0.4170775,1,0.18995447,0.4206669,0.38937867,0,2,0,2,0.12002221780527977,0.3419547062057314,0.5380230759889889
MM Sharma,IPL,Bowler,2023,2024,2,2,0.08673845853903217,0.15367884844325805,0.7595826930177093,2,0.16243057,0.11996095,0.7176085,2,0.14788952874945843,0.1492173148572669,0.7028931563932747,2,0.08470769,0.14624245,0.7690498,2,0.10556062,0.20366855,0.69077086,0,2,2,2,0.06955315189649419,0.056155970093754504,0.8742908780097514
MP Dunn,T20_Blast,Bowler,2023,2024,0,0,0.40437481031134825,0.2545143068964247,0.34111088279222757,0,0.4393763,0.23731844,0.32330528,0,0.4319998042336422,0.2378121884256425,0.3301880073407154,0,0.5670107,0.20483392,0.22815534,0,0.52910495,0.25187576,0.21901925,0,2,0,0,0.5461425182987809,0.24323060246186037,0.21062687923935872
MP Kuhnemann,BBL,Bowler,2023,2024,1,2,0.1300044597720556,0.2530570962193718,0.6169384440085725,2,0.12909433,0.27000508,0.6009006,2,0.12522170998295193,0.2585463942609923,0.6162318957560557,2,0.15832204,0.21561359,0.6260644,2,0.16254267,0.23026466,0.6071927,0,1,2,2,0.20975277362561032,0.25619583381196004,0.5340513925624296
MP Stoinis,BBL,All-Rounder,2023,2024,2,1,0.19933836528449522,0.4602792183509028,0.34038241636460204,1,0.21118464,0.43144807,0.35736725,1,0.15596639008703223,0.5147000400950172,0.32933356981795053,1,0.19101468,0.51250815,0.29647717,1,0.29782242,0.4581294,0.24404816,0,2,1,1,0.28068817664032164,0.5282993299640694,0.19101249339560902
MP Stoinis,IPL,All-Rounder,2023,2024,2,1,0.16179978759207322,0.4302356574200448,0.4079645549878823,2,0.18175642,0.39682543,0.42141813,1,0.1603397874921485,0.46539216783839704,0.37426804466945457,2,0.10730196,0.41030517,0.4823929,2,0.1313203,0.41413656,0.45454314,0,2,1,1,0.12731743309869642,0.49111391699351686,0.38156864990778666
MR Marsh,BBL,All-Rounder,2023,2024,0,1,0.300014684541657,0.371404037002343,0.3285812784559999,2,0.32970658,0.32576445,0.34452903,1,0.32591324648010206,0.38378809317037854,0.2902986603495194,1,0.29389843,0.40409383,0.3020078,1,0.2641341,0.41437387,0.32149196,0,0,0,0,0.5409794277182194,0.23847156888917465,0.22054900339260594
MR Marsh,IPL,All-Rounder,2023,2024,0,2,0.1675300764387589,0.37658873249662256,0.4558811910646184,2,0.1611966,0.36435664,0.4744467,2,0.13127300897456493,0.29067656419928034,0.5780504268261548,1,0.14513037,0.4373716,0.41749802,2,0.10242664,0.28114465,0.6164287,0,1,2,1,0.18367528998338045,0.45381558360973173,0.3625091264068877
MS Crane,T20_Blast,Bowler,2023,2024,2,2,0.3422012440491212,0.25283135180659855,0.4049674041442794,2,0.3215094,0.2506379,0.42785278,2,0.3263650003817631,0.2546472735515201,0.4189877260667169,0,0.3861957,0.2570781,0.3567262,2,0.3092882,0.23308147,0.45763037,0,1,1,0,0.4047552833477664,0.19735590267117245,0.397888813981061
MS Dhoni,IPL,Wicketkeeper-Batsman,2023,2024,2,1,0.3515484340994008,0.40018481050206567,0.2482667553985336,1,0.23799157,0.47359338,0.28841504,1,0.23126525279642443,0.5003566661619356,0.2683780810416399,1,0.14622124,0.46220422,0.3915746,2,0.13432474,0.39241052,0.47326472,0,0,2,1,0.11949649056376971,0.5755592798450144,0.30494422959121587
MS Harris,BBL,Batsman,2023,2024,0,0,0.6271552894976204,0.28555317048772855,0.08729154001465142,0,0.6487219,0.25164002,0.099638045,0,0.6483075353575958,0.26661089501610447,0.08508156962629976,0,0.65240645,0.26227376,0.08531988,0,0.67664677,0.24730514,0.07604806,0,2,0,0,0.6185156459556571,0.2791621906017198,0.10232216344262299
MS Pepper,T20_Blast,Batsman,2023,2024,2,1,0.11208096659212145,0.5124661310762946,0.37545290233158346,1,0.10544119,0.48871112,0.40584767,2,0.11014373712508753,0.42855767756787555,0.46129858530703693,1,0.13369608,0.48982278,0.37648115,1,0.13610522,0.47243676,0.39145797,0,2,2,1,0.129128907485998,0.5489235009773707,0.32194759153663133
MS Wade,BBL,Wicketkeeper-Batsman,2023,2024,1,1,0.2534086044760777,0.46205243112185246,0.28453896440206927,1,0.20094535,0.427002,0.37205264,1,0.20016888241288194,0.4362075304070494,0.3636235871800687,1,0.16441602,0.50952005,0.3260639,1,0.15106201,0.47965902,0.36927894,0,0,2,1,0.21334881287117433,0.42370610249408924,0.36294508463473646
MS Wade,IPL,Wicketkeeper-Batsman,2023,2024,0,0,0.49304274068436427,0.29000668997109647,0.21695056934453968,0,0.5218256,0.30237463,0.17579976,0,0.6432788083928354,0.26890370708051536,0.08781748452664938,0,0.631775,0.27388614,0.094338864,0,0.6570688,0.2616637,0.081267536,0,0,0,0,0.5204751675898188,0.31408326902095923,0.16544156338922195
MT Renshaw,BBL,Batsman,2023,2024,1,1,0.3072641082514573,0.48734626418151916,0.20538962756702336,1,0.3263671,0.4878732,0.18575963,1,0.29441450622625964,0.46870508488987306,0.2368804088838674,1,0.29589757,0.5022092,0.20189327,1,0.2285866,0.51448905,0.25692436,0,0,1,1,0.31280218142313154,0.5208306984579877,0.16636712011888072
MT Stanley,T20_Blast,Bowler,2023,2024,0,0,0.5576769908366346,0.2915077172438689,0.15081529191949677,0,0.54567546,0.29341218,0.16091238,0,0.5968342020082646,0.22976360071179192,0.17340219727994335,0,0.57448685,0.22840188,0.19711122,0,0.5548346,0.26733306,0.1778323,0,1,0,0,0.4314620810948559,0.34414700870059894,0.2243909102045452
MT Steketee,BBL,Bowler,2023,2024,2,0,0.4090337629730817,0.2462927944399727,0.34467344258694516,0,0.48250088,0.24152435,0.2759747,0,0.46257906911269725,0.2581914301155326,0.2792295007717703,0,0.51818424,0.22639783,0.25541788,0,0.41718134,0.27455857,0.30826008,0,0,0,0,0.5892587566084796,0.20842169040724656,0.20231955298427384
MW Forde,CPL,Bowler,2023,2024,1,2,0.26103996601625823,0.2638085635952318,0.4751514703885105,2,0.2037777,0.30457777,0.49164453,2,0.19299876984749129,0.32162586286082023,0.4853753672916885,2,0.20725054,0.28832215,0.50442725,2,0.15732838,0.27086225,0.57180935,0,2,2,2,0.1772753172452316,0.3539079825156575,0.46881670023911093
MW Harvey,BBL,Batsman,2023,2024,0,0,0.5613534821962675,0.3304271099132798,0.10821940789045364,0,0.60880584,0.29232824,0.098865926,0,0.5805079664887637,0.31996118142138263,0.09953085208985374,0,0.6515098,0.26423523,0.084254965,0,0.6514521,0.27548096,0.07306702,0,0,0,0,0.5554425008447966,0.3338403353876167,0.11071716376758672
MW Parkinson,T20_Blast,Bowler,2023,2024,2,2,0.3543079824624666,0.2569291798060967,0.38876283773143583,2,0.3826637,0.22967167,0.38766465,2,0.34725938817347424,0.27854918666279227,0.37419142516373355,2,0.35381475,0.27101198,0.37517324,2,0.30828908,0.24015377,0.4515571,0,1,1,2,0.19951013191167458,0.2817909391628599,0.5186989289254655
MW Short,BBL,All-Rounder,2023,2024,2,2,0.12798250169504938,0.3532067999133112,0.5188106983916394,2,0.114311576,0.36342996,0.52225846,2,0.08486965818124187,0.39022359501646076,0.5249067468022974,2,0.074722715,0.2943842,0.63089305,2,0.107398294,0.39216402,0.5004377,0,1,2,2,0.05392698912266297,0.30415091617891965,0.6419220946984174
Mayank Dagar,IPL,Bowler,2023,2024,0,0,0.4825597771261853,0.2439106553702955,0.27352956750351937,0,0.5266722,0.17179224,0.3015356,0,0.5055173096245114,0.15381495558311928,0.3406677347923692,0,0.5606625,0.1870505,0.25228697,0,0.49090073,0.22989202,0.2792072,0,2,0,0,0.4833261778638784,0.16169493914633556,0.354978882989786
Miles Hammond,T20_Blast,Batsman,2023,2024,2,1,0.23658569437187893,0.49112296956524315,0.27229133606287803,1,0.20498605,0.57715,0.21786396,1,0.2339644087969104,0.5113810666642716,0.2546545245388179,1,0.22370112,0.53034496,0.24595402,1,0.20038165,0.5107493,0.28886908,0,1,1,1,0.2862704601282612,0.5023929293635292,0.21133661050820976
Mir Hamza,PSL,Bowler,2023,2024,2,0,0.5267927278949763,0.30643492361262903,0.16677234849239425,0,0.45852366,0.33378047,0.20769587,0,0.39855356814573034,0.3026201164173611,0.2988263154369085,0,0.5818126,0.23168515,0.18650226,0,0.48495534,0.2407689,0.27427572,0,1,0,0,0.5037889648054175,0.33339830256964387,0.16281273262493873
Mirza Baig,PSL,Batsman,2023,2024,0,1,0.2846479427339552,0.5053692124657707,0.20998284480027368,1,0.2990818,0.5275522,0.17336605,1,0.28867408927463195,0.5140336476411134,0.19729226308425468,1,0.3239048,0.5030149,0.1730802,1,0.35669705,0.48746008,0.15584289,0,1,0,1,0.3719944143920587,0.46668566918626453,0.16131991642167678
Mohammad Amir,CPL,Bowler,2023,2024,1,2,0.08507639593678815,0.24840922838746782,0.6665143756757433,2,0.090287164,0.23015608,0.6795568,2,0.10739951023299812,0.2917368186059014,0.6008636711611004,2,0.09244488,0.1936277,0.71392745,2,0.10503384,0.24003856,0.6549276,0,1,2,2,0.09742204321177429,0.28784850236457254,0.6147294544236531
Mohammad Amir,PSL,Bowler,2023,2024,2,2,0.21534236583150498,0.2517737346950605,0.5328838994734335,2,0.25626752,0.19560848,0.548124,2,0.19268056380487578,0.2211207297586149,0.5861987064365093,2,0.1507328,0.21423408,0.6350331,2,0.16321665,0.2085581,0.6282252,0,2,2,2,0.11304398871810045,0.21590137240935486,0.6710546388725448
Mohammad Amir,T20_Blast,Bowler,2023,2024,1,2,0.28552568081421853,0.28547741773646584,0.4289969014493149,2,0.2760706,0.28508282,0.43884656,2,0.29389443771018664,0.2856844684162315,0.42042109387358184,2,0.26099953,0.24330291,0.49569765,2,0.20181102,0.22927454,0.5689144,0,2,0,2,0.26820986636916494,0.33421572565021146,0.3975744079806236
Mohammad Amir Khan,PSL,Bowler,2023,2024,0,0,0.4807347100062924,0.2457373180816464,0.2735279719120615,0,0.54603225,0.20105188,0.25291592,0,0.5836798017802936,0.1853035500321705,0.23101664818753595,0,0.56186837,0.19443594,0.2436957,0,0.5512776,0.23138045,0.21734197,0,0,0,0,0.39093286651229203,0.24484740457233073,0.3642197289153772
Mohammad Haris,PSL,Batsman,2023,2024,1,1,0.1754297065179804,0.5215579854470177,0.30301230803500234,1,0.17664057,0.5467268,0.27663264,1,0.18335331441693725,0.5112450611135972,0.30540162446946556,1,0.18345083,0.5203522,0.296197,1,0.1613913,0.49044704,0.3481617,0,2,2,1,0.15035013754970153,0.5676790256333689,0.28197083681692964
Mohammad Hasnain,BBL,Bowler,2023,2024,0,0,0.4392031428686265,0.25783093119650186,0.3029659259348724,2,0.34922653,0.26533723,0.3854362,0,0.39102065238952816,0.26181759574717306,0.3471617518632988,2,0.2985116,0.27446738,0.427021,0,0.37914723,0.29063267,0.33022013,0,0,0,2,0.28166211774256306,0.23449568110963753,0.4838422011477995
Mohammad Hasnain,PSL,Bowler,2023,2024,1,2,0.3120023545923606,0.2784744036542552,0.40952324175338467,2,0.28978992,0.29299936,0.41721073,2,0.25143866372541884,0.29006489907779864,0.45849643719678257,2,0.26200595,0.26017377,0.47782034,2,0.30283514,0.30295315,0.39421165,0,1,1,2,0.23517276045160096,0.2898112269845639,0.4750160125638352
Mohammad Imran,PSL,Bowler,2023,2024,0,0,0.468748959264636,0.2612378848147049,0.2700131559206596,0,0.46949583,0.24570586,0.28479832,0,0.4161596879287243,0.23978937254273858,0.3440509395285372,0,0.49744064,0.21474828,0.28781116,0,0.57203805,0.25037643,0.17758553,0,0,0,0,0.5181691913677409,0.19725586810382242,0.2845749405284367
Mohammad Nabi,IPL,Bowler,2023,2024,1,0,0.4580313712270208,0.26420103746620377,0.2777675913067765,2,0.36142135,0.27464166,0.36393705,0,0.36439361772316337,0.3386849005771184,0.2969214816997181,0,0.3929547,0.31258273,0.2944625,0,0.44570583,0.268573,0.28572115,0,2,0,2,0.30840301885599347,0.23897756967188086,0.45261941147212553
Mohammad Nawaz,PSL,Bowler,2023,2024,1,2,0.19010179324301657,0.339951054080202,0.46994715267678083,2,0.19260205,0.3731306,0.43426737,2,0.1875530646385331,0.349452875302677,0.4629940600587898,2,0.13189068,0.31379074,0.55431855,2,0.22592357,0.35385674,0.4202197,0,0,1,2,0.15766682259855166,0.3292040635403257,0.5131291138611226
Mohammad Rizwan,PSL,Wicketkeeper-Batsman,2023,2024,2,2,0.09205948674553652,0.36106202381663544,0.5468784894378286,2,0.13258225,0.36912575,0.49829203,2,0.111841293932427,0.40153750720263104,0.48662119886494193,2,0.098667525,0.4219858,0.47934663,2,0.11398932,0.43327364,0.45273703,0,2,2,2,0.07483817562861209,0.36604520404025565,0.5591166203311323
Mohammad Wasim,PSL,Bowler,2023,2024,1,2,0.3058831394054096,0.2807927690068827,0.4133240915877086,0,0.37183946,0.25753245,0.37062806,2,0.32959052297861885,0.3157943438848774,0.35461513313650367,2,0.20893702,0.3102859,0.48077708,0,0.46583626,0.3128661,0.22129767,0,1,1,2,0.25488317754121526,0.27651638237820175,0.46860044008058294
Mohammed Siraj,IPL,Bowler,2023,2024,2,2,0.10573371710707573,0.1788781088216079,0.7153881740713163,2,0.16156779,0.17314346,0.66528875,2,0.11892146511897901,0.20463385488346675,0.6764446799975543,2,0.0911618,0.16493315,0.74390507,2,0.11144541,0.21383308,0.6747215,0,1,2,2,0.12168682583119696,0.12872284129604591,0.749590332872757
Mohsin Khan,IPL,Bowler,2023,2024,1,0,0.4573335661086616,0.26219815275788455,0.28046828113345434,0,0.44210374,0.27273148,0.28516474,0,0.3774435340163896,0.3114879069830012,0.3110685590006092,0,0.5242253,0.24677064,0.22900411,0,0.50261295,0.24345066,0.25393647,0,0,0,0,0.46745595522865496,0.2771174312429267,0.25542661352841833
Muhammad Akhlaq,PSL,Batsman,2023,2024,0,0,0.553111834551489,0.339203760458647,0.10768440498986406,0,0.5587952,0.32159895,0.11960584,0,0.48785751965998336,0.3789914969797917,0.13315098336022496,0,0.43513846,0.42917943,0.13568203,0,0.57125854,0.3409699,0.08777152,0,0,0,0,0.5069733823931463,0.38187902015274255,0.11114759745411112
Mukesh Choudhary,IPL,Bowler,2023,2024,0,0,0.4699148793595726,0.2530750914215327,0.2770100292188949,0,0.42820266,0.2648263,0.306971,0,0.45215867979150054,0.2553518245093741,0.2924894956991253,0,0.40036502,0.26236948,0.33726552,0,0.41846132,0.28004655,0.30149212,0,2,0,0,0.3801113425847999,0.31692169537492737,0.3029669620402726
Mukesh Kumar,IPL,Bowler,2023,2024,2,0,0.38735658955964686,0.31217072162041665,0.30047268881993633,0,0.43728483,0.27423298,0.28848225,0,0.3683438737177648,0.3362711987924465,0.2953849274897887,2,0.36980468,0.25640452,0.3737908,0,0.40389553,0.30450287,0.29160157,0,1,0,0,0.3669925079046063,0.2803866364005986,0.3526208556947951
Mustafizur Rahman,IPL,Bowler,2023,2024,2,0,0.37922682499551263,0.26081648213236036,0.35995669287212667,0,0.44935098,0.25427595,0.2963731,0,0.3680460659553056,0.30364865261929996,0.3283052814253945,0,0.46306676,0.23705229,0.299881,0,0.41462195,0.29083526,0.2945428,0,1,0,2,0.36618318772436415,0.2304796282734044,0.40333718400223145
N McAndrew,BBL,All-Rounder,2023,2024,2,2,0.22657732049674215,0.35752044487030393,0.4159022346329534,2,0.17924686,0.3799089,0.44084427,2,0.15297993298262663,0.3561177431306334,0.49090232388673993,2,0.12769806,0.3078896,0.5644123,2,0.16533026,0.30663857,0.5280312,0,0,1,1,0.24904874953300846,0.4109359999080789,0.34001525055891274
N McAndrew,T20_Blast,Bowler,2023,2024,2,0,0.4176839777949058,0.2943677924430452,0.28794822976204953,0,0.40110162,0.2811326,0.31776577,0,0.37523971679748047,0.3476792149488422,0.27708106825367734,2,0.2776943,0.35830522,0.36400044,0,0.3582669,0.35029197,0.29144114,0,0,0,2,0.27040808424763624,0.328108100245808,0.4014838155065557
N Pooran,CPL,Wicketkeeper-Batsman,2023,2024,2,1,0.19618924863181117,0.45641844485813526,0.3473923065100531,1,0.20889297,0.45699543,0.33411166,1,0.15171400888230688,0.46483221429029087,0.3834537768274023,1,0.14685556,0.4983738,0.3547707,1,0.12855995,0.45657364,0.41486645,0,1,2,1,0.17476139119909473,0.47177222604406727,0.3534663827568379
N Pooran,IPL,Wicketkeeper-Batsman,2023,2024,2,1,0.14052357892381262,0.4413506670687012,0.41812575400748575,1,0.11209833,0.44731942,0.44058228,1,0.11255610022189308,0.5012102171688524,0.38623368260925456,1,0.12674795,0.47505027,0.39820173,2,0.1198502,0.43346792,0.44668192,0,1,2,1,0.08430980274509538,0.521605380972989,0.3940848162819156
N Rana,IPL,Batsman,2023,2024,0,1,0.13204206788654121,0.44686688452222056,0.42109104759123805,2,0.13996376,0.42585003,0.43418616,1,0.1674089911198922,0.44280360103731786,0.38978740784279003,1,0.14982575,0.4927903,0.3573839,1,0.151209,0.47341228,0.37537873,0,2,2,1,0.154304856436981,0.65171989149819,0.1939752520648291
N Wadhera,IPL,Batsman,2023,2024,0,1,0.25743944328076496,0.5175389853692733,0.22502157134996148,1,0.26257437,0.5287229,0.20870271,1,0.23589672400337866,0.5300882342722703,0.2340150417243511,1,0.26583087,0.52839446,0.20577466,1,0.30735067,0.5064607,0.18618865,0,0,0,1,0.3332415380240579,0.4915329171692907,0.17522554480665134
NA McSweeney,BBL,Batsman,2023,2024,1,1,0.3976832596450943,0.46180715187005494,0.140509588484851,1,0.3133437,0.5096085,0.17704776,1,0.3689634060958354,0.45462257096107883,0.17641402294308564,1,0.32214054,0.503033,0.17482643,1,0.1920885,0.52053976,0.28737172,0,2,1,1,0.33441506954086075,0.5527150753729274,0.11286985508621182
NA Sowter,T20_Blast,Bowler,2023,2024,2,2,0.05465359230068696,0.14676402805041253,0.7985823796489002,2,0.06961755,0.12458416,0.80579835,2,0.062158432895407054,0.1635847909033452,0.7742567762012477,2,0.07082556,0.15532544,0.77384895,2,0.09313417,0.20273496,0.7041308,0,0,2,2,0.03711217949896652,0.10580305907269588,0.8570847614283376
NR Hobson,BBL,Batsman,2023,2024,1,0,0.46332232170134635,0.4004592430466458,0.13621843525200783,0,0.5024492,0.3885494,0.1090014,0,0.44139471378283157,0.43205043839149365,0.12655484782567475,0,0.56891745,0.33132935,0.09975326,0,0.6226337,0.3017204,0.07564589,0,0,0,0,0.5762472158584114,0.3312389054574513,0.09251387868413719
NRJ Young,CPL,Bowler,2023,2024,0,0,0.47754300999013394,0.29011911562393905,0.2323378743859272,0,0.46160614,0.32093707,0.21745679,0,0.4899582254404373,0.3521212212244395,0.1579205533351232,0,0.6603592,0.23255153,0.107089326,0,0.4782723,0.3069177,0.21481,0,1,0,0,0.4333135929685268,0.3726283034340487,0.19405810359742467
NRT Gubbins,T20_Blast,Batsman,2023,2024,0,0,0.5946890151187688,0.31333625587848235,0.09197472900274889,0,0.64685315,0.23104395,0.122102916,0,0.4927490130308914,0.3194572843518855,0.1877937026172231,0,0.53714913,0.28096947,0.18188138,0,0.51297385,0.30773515,0.179291,0,2,0,0,0.5770034531525342,0.27906895458613956,0.1439275922613263
NT Ellis,BBL,All-Rounder,2023,2024,2,2,0.12358187584063723,0.2544451763165071,0.621972947842856,2,0.10018709,0.24090949,0.6589034,2,0.094932802241465,0.18001951449600895,0.725047683262526,2,0.08235182,0.20438519,0.71326303,2,0.09623858,0.22175545,0.682006,0,2,2,2,0.09735380041574976,0.17982779870163265,0.7228184008826176
NT Ellis,IPL,Bowler,2023,2024,0,2,0.2220402961101594,0.3059641359288295,0.471995567961012,2,0.19325852,0.27665952,0.5300819,2,0.2567391116671155,0.2704485342497609,0.47281235408312366,2,0.26396787,0.2530519,0.48298022,2,0.26641667,0.26556405,0.46801922,0,0,2,2,0.3075814756492087,0.2632977835870204,0.4291207407637709
Naseem Shah,PSL,Bowler,2023,2024,2,2,0.2426675223052351,0.23086575293525585,0.5264667247595096,2,0.25139835,0.26321536,0.48538622,2,0.2920807259683125,0.24417893003852414,0.46374034399316333,2,0.2403077,0.25185964,0.50783265,2,0.29662824,0.26656476,0.43680698,0,2,1,2,0.3000531771972881,0.29336333897344274,0.4065834838292691
Naveen-ul-Haq,CPL,Bowler,2023,2024,2,0,0.3981635417885242,0.2716184030033375,0.3302180552081388,0,0.43390563,0.23691697,0.3291774,0,0.3661783156754862,0.2793831172984412,0.35443856702607274,0,0.45203602,0.24105567,0.30690828,0,0.44995508,0.2573151,0.29272977,0,1,0,2,0.35927084222714906,0.27234973221665365,0.36837942555619724
Naveen-ul-Haq,IPL,Bowler,2023,2024,2,2,0.2057785746047473,0.26333485742835,0.5308865679669035,2,0.28016406,0.25708744,0.46274856,2,0.26481818564043796,0.29999565519528715,0.4351861591642748,2,0.25852942,0.2602124,0.48125815,2,0.20609841,0.2673094,0.52659225,0,1,0,2,0.2764113964353483,0.26154942080383675,0.46203918276081485
Naveen-ul-Haq,PSL,Bowler,2023,2024,1,0,0.46141786514781535,0.2743739313457537,0.26420820350643087,0,0.42406958,0.32481313,0.2511173,0,0.5140031820354647,0.2242164002087303,0.2617804177558051,1,0.3795592,0.40840283,0.21203804,1,0.2800331,0.39175877,0.32820818,0,1,0,2,0.25309686310314555,0.3381542285803638,0.40874890831649063
Nikhil Chaudhary,BBL,Batsman,2023,2024,1,1,0.325248016697559,0.45807576661523325,0.21667621668720766,1,0.33874893,0.4610009,0.20025016,1,0.310388682545073,0.44059541564800386,0.2490159018069232,1,0.2373695,0.50518537,0.25744507,1,0.26340064,0.50874764,0.22785167,0,1,0,1,0.327172926682437,0.49857535051932855,0.17425172279823456
Nithish Kumar Reddy,IPL,Bowler,2023,2024,1,0,0.5192597904942512,0.2470532020577043,0.2336870074480449,0,0.634986,0.18116772,0.18384627,0,0.6472573885229269,0.22076658404992572,0.13197602742714745,0,0.7226514,0.16713537,0.110213175,0,0.597645,0.22599614,0.17635888,0,0,0,0,0.6450482410746062,0.15263337317285106,0.2023183857525426
Noor Ahmad,IPL,Bowler,2023,2024,1,2,0.08987218596973351,0.2246096182606063,0.6855181957696603,2,0.12414595,0.20706676,0.66878724,2,0.15256247209098395,0.23891415223120324,0.6085233756778128,2,0.14089073,0.21563786,0.6434714,2,0.12677605,0.23534827,0.6378757,0,1,0,2,0.16396751938128004,0.23000206577508903,0.6060304148436308
O Davies,BBL,Batsman,2023,2024,0,1,0.3056310441487878,0.48731571550947606,0.2070532403417359,1,0.30504745,0.5227634,0.1721892,1,0.27526308035054164,0.5097702059320365,0.21496671371742182,1,0.4144968,0.44954276,0.13596037,1,0.41660503,0.43404663,0.14934842,0,0,1,1,0.3903361331780687,0.4556208403017268,0.15404302652020452
OB Cox,T20_Blast,Wicketkeeper-Batsman,2023,2024,1,1,0.2679292525313109,0.47804985876187706,0.2540208887068117,1,0.2581452,0.48877877,0.25307602,1,0.27558334867618617,0.4888515823596064,0.2355650689642073,1,0.21134654,0.52287424,0.26577926,1,0.16773435,0.48511273,0.34715286,0,0,1,1,0.2461184117312808,0.5102368884123282,0.2436446998563911
OC McCoy,CPL,Bowler,2023,2024,2,2,0.32080426677624996,0.2998054626196142,0.379390270604135,2,0.3005367,0.291492,0.40797135,0,0.3909633162950798,0.2939808792931649,0.3150558044117554,2,0.32958883,0.2801593,0.39025185,2,0.32974938,0.29701036,0.37324032,0,1,1,0,0.3807555871536761,0.34781138878025303,0.2714330240660708
OE Robinson,T20_Blast,Bowler,2023,2024,2,2,0.2953606192956753,0.3154933359696073,0.3891460447347175,2,0.3086432,0.3266126,0.3647442,2,0.3168566721405369,0.3253952884254507,0.35774803943401234,0,0.41039103,0.26955566,0.32005334,2,0.24182059,0.26153436,0.49664497,0,2,0,0,0.47723046926910595,0.2527475651156401,0.2700219656152539
OF Smith,CPL,All-Rounder,2023,2024,0,1,0.26382910064124954,0.3711353990776142,0.3650355002811362,1,0.2374441,0.44737366,0.3151822,1,0.1979408648300883,0.404735608183402,0.3973235269865097,1,0.25121275,0.44162023,0.30716705,1,0.35549864,0.3626446,0.2818568,0,0,1,1,0.35810414791330064,0.40227719017612096,0.23961866191057854
OG Robinson,T20_Blast,Wicketkeeper-Batsman,2023,2024,1,1,0.15968662444575346,0.49205746151544766,0.34825591403879863,1,0.16138269,0.48312113,0.35549623,1,0.16089125750006972,0.5506168826258266,0.2884918598741036,1,0.12979423,0.47839922,0.39180657,1,0.12967777,0.46637237,0.40394995,0,0,2,1,0.14466218577114093,0.46165084778722204,0.3936869664416369
OJ Carter,T20_Blast,Batsman,2023,2024,0,1,0.34169550057875203,0.4757934220943235,0.18251107732692412,1,0.39217502,0.4393009,0.16852404,1,0.3966875935717708,0.4549947907546793,0.14831761567354992,1,0.40492395,0.45000982,0.1450663,0,0.5895621,0.3288144,0.08162355,0,0,1,0,0.45764522644317235,0.38339078431560014,0.1589639892412275
OJ Pope,T20_Blast,Batsman,2023,2024,1,0,0.41853215607358385,0.41177604449224936,0.16969179943416662,1,0.38875046,0.42042834,0.19082123,0,0.44865148879804306,0.39698234647997316,0.15436616472198367,1,0.41410962,0.44507703,0.14081341,0,0.5321064,0.3730538,0.094839804,0,2,0,0,0.42701981656229315,0.4009496792182806,0.17203050421942623
OJ Price,T20_Blast,Bowler,2023,2024,2,0,0.3961792084505978,0.3720797644798576,0.23174102706954489,1,0.34742463,0.38016194,0.2724134,0,0.4662280554442838,0.29998269810731637,0.23378924644839977,1,0.24629813,0.39383927,0.35986263,2,0.27119848,0.35656983,0.3722317,0,0,0,1,0.2047936964915372,0.43727653772210134,0.3579297657863614
OP Stone,T20_Blast,Bowler,2023,2024,2,0,0.39340126601559927,0.27214506857752013,0.3344536654068803,0,0.41154048,0.3411264,0.24733311,2,0.34698691027669853,0.3042865401327865,0.348726549590515,0,0.50200164,0.24358588,0.2544124,0,0.47441748,0.24889264,0.2766899,0,0,0,0,0.4053981661552329,0.39794423259285905,0.19665760125190815
Omair Yousuf,PSL,Batsman,2023,2024,0,0,0.5421572800296044,0.31722064797143756,0.14062207199895774,0,0.45013013,0.39667872,0.15319116,1,0.38432081502859883,0.4158918488713509,0.1997873361000502,1,0.38642824,0.46407732,0.1494944,1,0.3373386,0.49162897,0.17103247,0,1,0,0,0.44641001538100267,0.44550801258128603,0.10808197203771135
P Coughlin,T20_Blast,All-Rounder,2023,2024,1,2,0.34644161164005216,0.2764855742199122,0.377072814140036,1,0.3000048,0.37396607,0.32602906,2,0.28533592751797654,0.3308875730897162,0.38377649939230724,1,0.39142862,0.39311174,0.21545969,0,0.49967375,0.2626437,0.23768257,0,0,0,0,0.4458378611171658,0.31389227432212347,0.24026986456071084
P Hatzoglou,BBL,Bowler,2023,2024,0,2,0.3575251256005594,0.2742536995906373,0.36822117480880295,0,0.45501828,0.24474882,0.30023292,0,0.4340500409546817,0.2382552221228879,0.32769473692243045,0,0.4654982,0.2912641,0.2432377,0,0.5508435,0.24816632,0.2009902,0,1,0,2,0.3368725655726032,0.24727672837716988,0.415850706050227
P Simran Singh,IPL,Batsman,2023,2024,1,1,0.15693928785226235,0.5101403737110706,0.33292033843666646,1,0.14965758,0.5294857,0.3208567,1,0.19746617231401606,0.4968766460856984,0.3056571816002855,1,0.20001341,0.5353115,0.26467496,1,0.18440248,0.50734794,0.3082496,0,2,1,1,0.24584416384306076,0.5339051758183544,0.22025066033858484
PBB Rajapaksa,CPL,Batsman,2023,2024,1,1,0.34078499888878205,0.44731981556564915,0.21189518554556877,1,0.39491627,0.42957512,0.17550862,1,0.38011223423202406,0.42394962749004583,0.19593813827793008,1,0.403884,0.45395705,0.14215893,1,0.40694103,0.46011633,0.1329426,0,1,0,0,0.4559759988480554,0.42624744951601673,0.11777655163592787
PD Salt,IPL,Wicketkeeper-Batsman,2023,2024,2,1,0.22689011509692353,0.521018322082659,0.2520915628204173,1,0.22918762,0.47850293,0.29230946,1,0.2458331635942653,0.5334284515202808,0.2207383848854538,1,0.22594616,0.5287935,0.24526036,1,0.20628926,0.5039389,0.2897718,0,2,0,1,0.23487458964262733,0.4988077837964374,0.26631762656093516
PD Salt,T20_Blast,Wicketkeeper-Batsman,2023,2024,0,1,0.1857161634544502,0.4629589340808098,0.3513249024647397,1,0.16462572,0.47610816,0.35926607,1,0.14896228189768948,0.4553593968724103,0.3956783212299004,1,0.13456678,0.4758177,0.38961554,1,0.1330125,0.4616472,0.40534025,0,1,2,1,0.13418138105979766,0.4827531274656442,0.3830654914745582
PI Walter,BBL,Bowler,2023,2024,1,2,0.1521564862844997,0.2902061168573372,0.5576373968581633,2,0.19862017,0.2757423,0.52563757,2,0.18061327799758486,0.32437464808329514,0.4950120739191201,2,0.10714787,0.25616437,0.6366878,2,0.11167365,0.24628836,0.642038,0,0,0,2,0.10365023679430822,0.31008483408480075,0.586264929120891
PI Walter,T20_Blast,All-Rounder,2023,2024,2,2,0.1587951899028414,0.3255099619917534,0.5156948481054042,2,0.13771893,0.33036727,0.5319138,2,0.12595113832514476,0.26985387861626664,0.6041949830585887,2,0.075864844,0.27842823,0.645707,2,0.10137389,0.32590306,0.57272303,0,2,2,1,0.10147518202161163,0.5112155865364729,0.3873092314419155
PJ Cummins,IPL,All-Rounder,2023,2024,2,2,0.28111797611673794,0.3112199906669373,0.40766203321632505,2,0.29721642,0.28330946,0.4194741,2,0.3464876268294347,0.2771980382935599,0.37631433487700544,1,0.29384115,0.37143457,0.33472434,2,0.24149269,0.35448417,0.40402305,0,0,0,0,0.46457957767784674,0.2684442853623196,0.26697613695983347
PM Siddle,BBL,Bowler,2023,2024,2,2,0.34615141749511746,0.28250245668946833,0.37134612581541415,2,0.354034,0.26237193,0.38359404,2,0.35894585258486683,0.251025712285829,0.3900284351293042,2,0.37076712,0.2482988,0.38093412,2,0.24519558,0.23281807,0.5219863,0,2,0,2,0.2663607995609846,0.3239383069544457,0.4097008934845697
PP Chawla,IPL,All-Rounder,2023,2024,2,2,0.10172877715124941,0.13348720078356388,0.7647840220651861,2,0.11563858,0.09571934,0.78864205,2,0.10127565857467458,0.1181235395036495,0.7806008019216759,2,0.07022355,0.14080134,0.7889752,2,0.09893821,0.19878736,0.70227444,0,2,2,2,0.08923320124864154,0.0773623542645265,0.8334044444868319
PP Shaw,IPL,Batsman,2023,2024,1,1,0.3446067359580015,0.4493937268947632,0.2059995371472349,1,0.30465534,0.48093745,0.21440725,1,0.25654655592894765,0.47956259222108927,0.26389085184996297,1,0.298625,0.5182917,0.1830833,1,0.33578584,0.48517647,0.17903776,0,2,0,1,0.3363191970998566,0.4741060784752447,0.1895747244248988
PR Brown,T20_Blast,Bowler,2023,2024,2,2,0.14865852179096753,0.18315113318918821,0.6681903450198443,2,0.27272204,0.20560622,0.5216718,2,0.22876834956281758,0.2145396222772477,0.5566920281599347,2,0.101715825,0.16687623,0.731408,2,0.1136952,0.20701736,0.6792875,0,1,2,2,0.13578815940273467,0.12382998046346189,0.7403818601338034
PR Stirling,T20_Blast,All-Rounder,2023,2024,0,0,0.4007157420380341,0.33286925305832793,0.2664150049036378,0,0.3835752,0.3066592,0.30976558,1,0.3368664935911563,0.429864949193798,0.2332685572150458,1,0.37221578,0.45432678,0.17345744,1,0.3766124,0.4329166,0.190471,0,1,0,0,0.4333822828707645,0.3681942301374122,0.19842348699182322
PSP Handscomb,BBL,Wicketkeeper-Batsman,2023,2024,0,0,0.5083791167509492,0.3039929594546575,0.18762792379439375,0,0.54581386,0.2749521,0.17923403,0,0.5996363753454437,0.29473051548084855,0.10563310917370769,0,0.5772136,0.31872833,0.10405809,0,0.6689812,0.24849845,0.08252039,0,2,0,0,0.5237863003191608,0.29535468295036144,0.18085901673047775
PSP Handscomb,T20_Blast,Wicketkeeper-Batsman,2023,2024,1,1,0.3366366170290962,0.45032865779258885,0.21303472517831523,1,0.34790015,0.43491665,0.21718317,1,0.37650288182146535,0.4548221123982522,0.1686750057802824,1,0.37667307,0.47300598,0.15032098,1,0.41224882,0.4661499,0.12160126,0,2,1,1,0.32801821660351516,0.41912112349395075,0.2528606599025342
PVD Chameera,IPL,Bowler,2023,2024,0,0,0.45117638442683344,0.25972163755847055,0.2891019780146963,0,0.4012516,0.25909615,0.33965227,0,0.4958624142380782,0.23623284633260905,0.2679047394293127,0,0.36622372,0.30501583,0.32876045,0,0.4690872,0.2838575,0.24705528,0,0,0,0,0.35749166888014644,0.2870708701238963,0.3554374609959573
PWA Mulder,T20_Blast,Batsman,2023,2024,0,1,0.22510553122494298,0.5189704286575109,0.25592404011754594,1,0.2679436,0.53428614,0.19777031,1,0.40029846750967835,0.4265705678693229,0.1731309646209988,1,0.28121445,0.50991356,0.20887198,1,0.27034116,0.47976235,0.2498966,0,2,1,1,0.2654793385462448,0.5499309648328781,0.18458969662087713
Q de Kock,CPL,Wicketkeeper-Batsman,2023,2024,2,0,0.4253402658308583,0.35091515938875584,0.22374457478038598,0,0.42448324,0.36728233,0.20823447,0,0.4931698505294354,0.3726503887474807,0.134179760723084,0,0.49310207,0.3829405,0.12395738,0,0.5627821,0.34154946,0.09566838,0,1,0,0,0.44658980558799466,0.3733149000172035,0.18009529439480193
Q de Kock,IPL,Wicketkeeper-Batsman,2023,2024,1,1,0.2545254778550704,0.4487450769898799,0.29672944515504956,1,0.22903103,0.3922245,0.37874445,2,0.21500289446001256,0.3916179208646533,0.39337918467533417,1,0.17460942,0.5174662,0.30792442,1,0.15331523,0.47448236,0.3722024,0,1,1,2,0.200014215095906,0.3958490246925452,0.4041367602115488
R Ashwin,IPL,All-Rounder,2023,2024,2,2,0.06177540525424375,0.17447152555302736,0.7637530691927292,2,0.086991005,0.14435963,0.76864934,2,0.05612438070335391,0.1948608937327677,0.7490147255638783,2,0.066616826,0.17002231,0.7633608,2,0.102906935,0.20605524,0.69103783,0,1,2,2,0.03613905032549151,0.07248004783829118,0.8913809018362174
R Dhawan,IPL,All-Rounder,2023,2024,0,0,0.3790718460553388,0.2908636330464632,0.33006452089819804,0,0.41615337,0.29380322,0.29004344,0,0.44224823823642595,0.30256646228538014,0.25518529947819385,0,0.48543686,0.32760185,0.18696128,0,0.4330113,0.3003135,0.2666753,0,1,0,0,0.41876713397714954,0.35347331352086675,0.22775955250198368
R Parag,IPL,Batsman,2023,2024,2,0,0.5023804667935725,0.36592712066059757,0.13169241254582995,0,0.5339559,0.31192502,0.15411909,0,0.4513459095113202,0.420785431865977,0.12786865862270275,0,0.64758795,0.26211601,0.09029598,0,0.5719141,0.3066064,0.121479504,0,2,0,0,0.5951773941145977,0.33579992339619114,0.06902268248921117
R Powell,CPL,Batsman,2023,2024,1,1,0.2805759962724426,0.4672928724762789,0.25213113125127773,1,0.30218592,0.49580592,0.20200819,1,0.28277747264505854,0.48746368169714704,0.22975884565779442,1,0.29633316,0.50969166,0.19397521,1,0.20868877,0.51124454,0.28006664,0,2,1,1,0.41345884996799465,0.4899980653232446,0.09654308470876084
R Powell,IPL,Batsman,2023,2024,1,0,0.47854202273544383,0.37676476089662014,0.14469321636793608,0,0.5518708,0.3232192,0.12490996,0,0.5299580251356077,0.3252396247180974,0.1448023501462949,0,0.6676014,0.24742256,0.08497608,0,0.614128,0.24739113,0.13848081,0,2,0,0,0.6438803824522602,0.28433190971574396,0.07178770783199588
R Powell,PSL,Batsman,2023,2024,1,1,0.32373712878533656,0.45836967415887325,0.21789319705579022,1,0.39803192,0.43555817,0.16640995,1,0.3577598657767099,0.3841046147239282,0.25813551949936187,0,0.4959468,0.3829869,0.12106624,0,0.48514935,0.33293137,0.18191923,0,0,1,0,0.5453655398324884,0.3561099219791895,0.09852453818832209
R Sai Kishore,IPL,Bowler,2023,2024,1,0,0.4597321065699296,0.254010719569995,0.28625717386007615,0,0.4637874,0.21242712,0.32378545,0,0.4578697578458727,0.24408649052618653,0.2980437516279407,0,0.5004763,0.19026457,0.30925912,0,0.41051483,0.21892454,0.37056062,0,1,0,0,0.4970356001915633,0.21709300889950486,0.2858713909089319
R Shepherd,CPL,All-Rounder,2023,2024,2,2,0.13067387491475183,0.2768251401503005,0.5925009849349466,2,0.11772738,0.34674117,0.53553146,2,0.08806246697596128,0.24920785145103694,0.6627296815730018,2,0.08427857,0.25041032,0.66531116,2,0.10563134,0.25477946,0.63958925,0,2,2,2,0.07367000161111156,0.44561365052684915,0.4807163478620392
R Shepherd,IPL,Bowler,2023,2024,0,0,0.49043167421748124,0.26905079810026805,0.24051752768225046,0,0.5103444,0.27890584,0.21074973,0,0.5061912417389548,0.33764661542120333,0.15616214283984184,0,0.5748705,0.27537084,0.14975862,0,0.62055415,0.22882853,0.15061733,0,2,0,0,0.5427617183046245,0.2543524202064153,0.2028858614889602
R Tewatia,IPL,All-Rounder,2023,2024,1,0,0.3983232335332324,0.348396483412078,0.2532802830546899,1,0.34516615,0.40519232,0.24964157,1,0.30689136107988263,0.39935651549432105,0.2937521234257964,1,0.3913939,0.43776697,0.17083909,1,0.3405283,0.45536458,0.20410705,0,1,0,1,0.3315621876883342,0.500451649035484,0.16798616327618193
R Vasconcelos,T20_Blast,Wicketkeeper-Batsman,2023,2024,1,1,0.171596390216917,0.45256963480865037,0.37583397497443183,1,0.18020718,0.44855416,0.37123865,1,0.22199287411597202,0.4568408338042702,0.32116629207975783,1,0.14116858,0.4956474,0.36318406,1,0.14094791,0.48313147,0.37592056,0,0,2,1,0.16718539100471902,0.4607174152719542,0.3720971937233268
RA Clarke,CPL,Batsman,2023,2024,0,0,0.663910627426698,0.26687449080203696,0.06921488177126345,0,0.61505336,0.2751305,0.10981612,0,0.655590725936988,0.241847753432114,0.10256152063089795,0,0.6534965,0.26250184,0.084001645,0,0.5854984,0.32121238,0.09328926,0,2,0,0,0.6858686654085538,0.25563001816984005,0.058501316421606046
RA Jadeja,IPL,All-Rounder,2023,2024,2,2,0.0697089577272764,0.16412724762299447,0.76616379464973,2,0.07454707,0.12719975,0.7982532,2,0.0791047848859714,0.22860968645433333,0.6922855286596953,2,0.06181594,0.16558027,0.77260387,2,0.09699286,0.21008754,0.6929196,0,2,2,2,0.04846659313246127,0.14826290741302242,0.8032704994545162
RA Reifer,CPL,All-Rounder,2023,2024,0,1,0.3079195679056809,0.4226070067391681,0.26947342535515073,1,0.36237776,0.38618705,0.25143525,1,0.31066516217651635,0.3865570870242708,0.302777750799213,1,0.4205804,0.43110743,0.1483122,1,0.33964607,0.43038604,0.22996786,0,2,1,0,0.43338570607687404,0.4052504468416311,0.16136384708149487
RA Tripathi,IPL,Batsman,2023,2024,1,1,0.19246269426739468,0.4572612332526356,0.3502760724799692,1,0.1993808,0.44946173,0.3511575,1,0.16815058422464746,0.44399173528896096,0.38785768048639163,1,0.14822589,0.46475375,0.38702038,1,0.15758146,0.4835005,0.35891795,0,0,1,1,0.16032150896134686,0.483656323068196,0.3560221679704571
RA Whiteley,T20_Blast,Batsman,2023,2024,1,0,0.41800871403775064,0.3994349568376387,0.18255632912461028,0,0.47018868,0.3651517,0.16465957,0,0.5269806021354884,0.3516294208967021,0.12138997696780957,0,0.5202427,0.36528224,0.11447506,0,0.44939142,0.3724192,0.17818944,0,2,0,1,0.4207801894343952,0.42296907177992854,0.15625073878567622
RD Chahar,IPL,Bowler,2023,2024,2,2,0.10793990630762258,0.23753701107203498,0.6545230826203423,2,0.14761852,0.21263902,0.63974243,2,0.17338409192259907,0.2304623680961861,0.5961535399812148,2,0.13320552,0.21497785,0.65181667,2,0.16116461,0.22857448,0.61026084,0,2,1,2,0.20399325593921755,0.1828890716263206,0.6131176724344619
RD Gaikwad,IPL,Batsman,2023,2024,2,2,0.09042786750382213,0.41127004796012206,0.4983020845360544,1,0.12186275,0.4559876,0.42214966,2,0.09319956273334065,0.34631899310513126,0.5604814441615281,2,0.09840574,0.42305177,0.47854245,2,0.116811834,0.4398135,0.44337466,0,0,2,2,0.07042417799491613,0.4168665070753216,0.5127093149297623
RE van der Merwe,T20_Blast,All-Rounder,2023,2024,2,2,0.09356675311785614,0.24413369825025158,0.6622995486318926,2,0.10675004,0.17793147,0.7153185,2,0.08312467940918182,0.22145875183052263,0.6954165687602956,2,0.088092,0.22876,0.683148,2,0.09812725,0.21501435,0.68685836,0,2,2,2,0.14670398377163746,0.1854843550648575,0.6678116611635051
RF Higgins,T20_Blast,All-Rounder,2023,2024,2,2,0.1694463145206386,0.28745222480045796,0.5431014606789039,2,0.17353876,0.2855352,0.54092604,2,0.13388909999041598,0.25399290536005414,0.6121179946495299,2,0.069090016,0.24157682,0.68933314,2,0.09587082,0.27252796,0.6316012,0,0,2,2,0.07626861785557144,0.2783158024079307,0.6454155797364978
RG Sharma,IPL,Batsman,2023,2024,2,1,0.1736034171919919,0.4547469123742748,0.37164967043373376,1,0.18495125,0.43060964,0.3844391,1,0.2031409079434104,0.4977339436105371,0.29912514844605254,2,0.104026064,0.39554143,0.50043255,2,0.1218743,0.38753965,0.49058607,0,1,1,1,0.13527399039651442,0.4633092380523517,0.4014167715511339
RI Walker,T20_Blast,Bowler,2023,2024,0,0,0.4568333140947509,0.25763817626114893,0.2855285096441,0,0.46755698,0.29319745,0.23924558,0,0.5110726128344819,0.25584818847330326,0.2330791986922148,0,0.55340433,0.2505525,0.19604316,0,0.5600801,0.23282713,0.20709279,0,2,0,0,0.5796750061730058,0.24959513052307702,0.17072986330391715
RJ Burns,T20_Blast,Batsman,2023,2024,1,0,0.5500887465878423,0.3389890508357773,0.1109222025763809,0,0.52744347,0.35292983,0.11962673,0,0.5714766814129603,0.31531722423956227,0.1132060943474774,0,0.61806196,0.29048726,0.09145078,0,0.63282144,0.2874026,0.07977593,0,1,0,0,0.6025760277188247,0.3003299794290921,0.09709399285208319
RJ Das,T20_Blast,Batsman,2023,2024,0,1,0.23333175122655886,0.536266800388091,0.23040144838534998,1,0.22968328,0.5300498,0.24026696,1,0.20897163934519328,0.5627329881561994,0.22829537249860724,1,0.20755258,0.5353006,0.25714687,1,0.23440778,0.5165347,0.24905753,0,0,1,1,0.25010928338131116,0.5469123819324611,0.20297833468622778
RJ Gleeson,T20_Blast,Bowler,2023,2024,2,2,0.3177490938583376,0.2653999887563099,0.4168509173853529,2,0.35564712,0.22784603,0.4165069,2,0.34939469701742987,0.22412789915456469,0.4264774038280056,2,0.33725297,0.24574028,0.41700676,2,0.17170097,0.22687559,0.60142344,0,0,0,2,0.2671991862918465,0.3336590732701704,0.39914174043798295
RJW Topley,IPL,Bowler,2023,2024,0,0,0.536889073924718,0.28517490041553323,0.17793602565974878,0,0.57760495,0.21422991,0.20816514,0,0.5458855720989664,0.24753266509288352,0.20658176280815002,0,0.5151163,0.21220715,0.27267656,0,0.51738054,0.19982791,0.2827916,0,1,0,0,0.529655468916628,0.2593443379442401,0.21100019313913201
RJW Topley,T20_Blast,Bowler,2023,2024,0,2,0.31648106307646956,0.2635877617658201,0.4199311751577107,2,0.31526446,0.2185946,0.466141,2,0.33033853674052205,0.21983404526438405,0.4498274179950939,2,0.26856533,0.2207682,0.51066643,2,0.17523514,0.22732943,0.5974355,0,2,0,2,0.2478959021101029,0.31026578246060615,0.4418383154292909
RK Bhui,IPL,Batsman,2023,2024,0,0,0.7483096978367397,0.20771270067863165,0.043977601484627794,0,0.6986226,0.20403308,0.09734433,0,0.689034713059918,0.2288162877642602,0.08214899917582157,0,0.70085394,0.19837312,0.10077293,0,0.6642933,0.22276926,0.11293741,0,0,0,0,0.723957245269589,0.215277278787087,0.060765475943323995
RK Patel,T20_Blast,Batsman,2023,2024,2,1,0.1588102695750706,0.4738307466065963,0.3673589838183328,1,0.14794773,0.5180561,0.33399618,1,0.15618585885771213,0.5501343324921415,0.29367980865014637,1,0.1379791,0.48753953,0.37448138,1,0.15542023,0.49826214,0.34631762,0,2,1,1,0.1519757625087751,0.5140378172123714,0.3339864202788535
RK Singh,IPL,Batsman,2023,2024,1,2,0.13277595602340553,0.425333273611569,0.441890770365025,1,0.1259582,0.45399833,0.4200434,1,0.11657048013021966,0.4698828730374033,0.4135466468323769,1,0.11971065,0.46833906,0.41195032,1,0.13584343,0.47149786,0.39265868,0,2,2,1,0.15753138406049602,0.5351034646917038,0.3073651512478002
RL Chase,CPL,All-Rounder,2023,2024,2,2,0.1450540840881623,0.36150722152914605,0.49343869438269145,2,0.11651488,0.32914835,0.5543367,2,0.11363767185520413,0.2777478467964968,0.6086144813482991,2,0.094095476,0.3466852,0.5592193,2,0.10014154,0.29225755,0.6076009,0,1,2,2,0.09005533293190321,0.35534501527598794,0.5545996517921089
RM Patidar,IPL,Batsman,2023,2024,2,1,0.3971331863112727,0.41499821355607525,0.18786860013265186,0,0.41559002,0.4078704,0.17653957,0,0.42385728528838096,0.40133376557864026,0.17480894913297887,0,0.4767027,0.3987395,0.12455784,0,0.5220179,0.37716693,0.10081522,0,1,0,1,0.4256046095973509,0.43373547978133953,0.1406599106213095
RM Yates,T20_Blast,Batsman,2023,2024,1,1,0.17613896600565504,0.5176887657589044,0.3061722682354405,1,0.20077528,0.53355896,0.26566577,1,0.1985405032183854,0.4580241414544148,0.3434353553271998,1,0.1826829,0.5145367,0.30278036,1,0.26468775,0.49513718,0.24017517,0,0,2,1,0.20742738758242635,0.43431445802683466,0.3582581543907389
RP Jones,T20_Blast,Batsman,2023,2024,0,0,0.5666402027762608,0.33343968988530476,0.0999201073384353,0,0.5976566,0.30585936,0.096484065,0,0.5422535383369902,0.36545049883616204,0.0922959628268478,0,0.63397646,0.27471396,0.09130959,0,0.5305498,0.35346416,0.115985975,0,2,1,0,0.5832377858189126,0.26180248267326994,0.15495973150781733
RP Meredith,BBL,Bowler,2023,2024,2,2,0.23831964492986898,0.275441353158279,0.48623900191185226,2,0.15528837,0.26653188,0.5781797,2,0.1952467655898909,0.25013072053963786,0.5546225138704712,2,0.124026366,0.21883489,0.65713876,2,0.13986617,0.22006017,0.6400737,0,1,1,2,0.14228043378897245,0.24728071935024884,0.6104388468607788
RR Pant,IPL,Wicketkeeper-Batsman,2023,2024,2,0,0.39437037688558546,0.3750261080380681,0.2306035150763466,1,0.3209049,0.37571883,0.3033763,0,0.4017028599062252,0.37763041303382716,0.22066672705994772,1,0.23227848,0.5165864,0.25113508,1,0.32793242,0.4664954,0.20557219,0,1,0,2,0.2084093349617232,0.39370983903844375,0.39788082599983304
RR Rossouw,IPL,Batsman,2023,2024,1,1,0.2800236955871094,0.4989399908110006,0.22103631360188955,1,0.3093438,0.50995404,0.18070218,1,0.27642487411140937,0.5126277952148067,0.21094733067378382,1,0.30356616,0.5187915,0.17764235,1,0.38802823,0.47037303,0.14159875,0,1,1,1,0.38674844292958077,0.46465354579080403,0.14859801127961522
RR Rossouw,PSL,Batsman,2023,2024,0,1,0.11068246677895532,0.45135568709351964,0.4379618461275241,2,0.1417001,0.40519977,0.4531001,2,0.08915444160526566,0.4008897033655612,0.5099558550291732,1,0.12142964,0.44474182,0.4338285,1,0.12726633,0.46410826,0.40862548,0,2,2,1,0.13098228956200822,0.44200206811393644,0.4270156423240553
RR Simmonds,CPL,Bowler,2023,2024,0,0,0.444426230802283,0.26008303467298666,0.295490734524731,0,0.3845315,0.27804732,0.33742112,0,0.45345538565098625,0.32420056602764646,0.22234404832136723,0,0.36742517,0.34708485,0.28548995,0,0.36860222,0.33011514,0.30128264,0,0,0,2,0.2869440199879774,0.3388396588173171,0.3742163211947055
RRS Cornwall,CPL,All-Rounder,2023,2024,2,1,0.19396206887180467,0.4412349378425444,0.36480299328565063,1,0.21420819,0.39918786,0.38660395,1,0.13600705921220663,0.47797111618724425,0.38602182460054907,1,0.18102221,0.49454507,0.32443267,2,0.16219054,0.41569483,0.42211467,0,0,1,1,0.23968612631670458,0.45238805009795774,0.30792582358533765
RS Bopara,T20_Blast,All-Rounder,2023,2024,2,2,0.08002242472616337,0.26454956286366405,0.6554280124101719,2,0.08517724,0.23587552,0.6789472,2,0.07404547516417459,0.31622991228234926,0.6097246125534762,2,0.06431312,0.22344995,0.7122369,2,0.09316109,0.27480254,0.6320364,0,1,2,2,0.021573951245766273,0.13570047713482772,0.842725571619406
RS Patel,T20_Blast,Batsman,2023,2024,0,0,0.7734772875483898,0.1903337058221968,0.036189006629413246,0,0.6950143,0.20606366,0.098922044,0,0.7088332174353537,0.17506482026048054,0.11610196230416578,0,0.6424871,0.19573984,0.161773,0,0.6174161,0.22985534,0.1527286,0,1,0,0,0.7419209023590133,0.15579135240142208,0.10228774523956477
RS Primus,CPL,All-Rounder,2023,2024,1,0,0.36510185174478965,0.3384152980141973,0.2964828502410129,0,0.38574317,0.36542264,0.24883416,0,0.42801792188303994,0.3886850220908717,0.18329705602608826,0,0.56115633,0.32785574,0.110988,0,0.48479733,0.3205305,0.19467223,0,0,1,1,0.3462774733360106,0.43062503289169607,0.2230974937722934
Rahmanullah Gurbaz,CPL,Batsman,2023,2024,1,0,0.42082627590966004,0.41446806979645134,0.1647056542938888,0,0.4649058,0.3797216,0.15537256,0,0.4409743410440824,0.41427947119733255,0.14474618775858514,0,0.5160069,0.3668494,0.117143795,0,0.59865844,0.31415927,0.08718224,0,2,0,0,0.5450647559987535,0.3450665352458598,0.10986870875538679
Rahmanullah Gurbaz,IPL,Batsman,2023,2024,0,1,0.27028261265048165,0.5141484053265765,0.2155689820229421,1,0.29306534,0.547767,0.15916768,1,0.3422431387219059,0.48656404211816773,0.17119281915992643,1,0.34364593,0.49137634,0.1649777,1,0.40542528,0.45641115,0.13816357,0,1,0,1,0.36644911311260114,0.4696734135530767,0.16387747333432207
Ramandeep Singh,IPL,Bowler,2023,2024,0,0,0.45658301903666204,0.2757667462047514,0.2676502347585873,0,0.4476838,0.32433298,0.22798324,0,0.5012817399060328,0.3052187752657399,0.19349948482822746,0,0.48859242,0.24979155,0.26161605,2,0.30759487,0.30772692,0.38467818,0,2,0,0,0.3773926564791985,0.3628649262312431,0.25974241728955844
Rashid Khan,IPL,All-Rounder,2023,2024,2,2,0.054532787589318545,0.15449530509429274,0.7909719073163899,2,0.04665375,0.113043785,0.8403025,2,0.04490971365717344,0.14380296443556073,0.8112873219072658,2,0.06181584,0.15750392,0.78068024,2,0.09376407,0.21436028,0.69187564,0,1,2,2,0.0018689613246986694,0.03048561561435259,0.9676454230609487
Rasikh Salam,IPL,Batsman,2023,2024,0,0,0.7702655652906425,0.19078989154638856,0.03894454316296989,0,0.7036681,0.21049215,0.08583971,0,0.677226814078423,0.2125770081362773,0.11019617778529958,0,0.67184854,0.22240199,0.10574949,0,0.65388393,0.24879897,0.097317055,0,0,0,0,0.7438902667833031,0.19350687926383714,0.06260285395285985
Ravi Bishnoi,IPL,Bowler,2023,2024,1,2,0.2047334737974359,0.1672144894164523,0.6280520367861112,2,0.15258119,0.19942382,0.64799505,2,0.1261233264910492,0.18605720960130287,0.6878194639076478,2,0.09065642,0.15785316,0.7514904,2,0.11246358,0.21022215,0.6773142,0,2,2,2,0.09057932115709114,0.16378633514468832,0.7456343436982205
Rehan Ahmed,T20_Blast,All-Rounder,2023,2024,2,2,0.13219412202544317,0.2819326033554069,0.5858732746191498,2,0.1197157,0.26224518,0.61803913,2,0.15802871075944025,0.29243775015543044,0.5495335390851293,2,0.09372502,0.2550856,0.6511894,2,0.11209069,0.24688056,0.64102876,0,2,2,2,0.09427379828362219,0.2947813045436928,0.6109448971726851
Rumman Raees,PSL,Bowler,2023,2024,1,0,0.37999294955836965,0.24611392712581057,0.3738931233158192,0,0.42348674,0.23243919,0.34407404,0,0.3856563595906723,0.2489393511571536,0.3654042892521741,0,0.467954,0.27135184,0.26069424,0,0.3961123,0.2795287,0.32435894,0,0,1,0,0.4278882686284411,0.27929446255928475,0.2928172688122741
S Descarte,CPL,Batsman,2023,2024,0,0,0.7086142738501972,0.23279270681647138,0.0585930193333313,0,0.64262503,0.29292464,0.06445032,0,0.6488308631023456,0.25480968552129757,0.09635945137635686,0,0.69315064,0.22178945,0.08505989,0,0.5554431,0.2788177,0.16573921,0,1,0,0,0.6340456221010219,0.3007288482108035,0.06522552968817458
S Dhawan,IPL,Batsman,2023,2024,0,2,0.11356788445850893,0.35545719523631164,0.5309749203051805,2,0.13247012,0.28257585,0.584954,2,0.1140460220366838,0.30566040430352337,0.5802935736597928,2,0.088735715,0.3452854,0.5659788,2,0.10792715,0.37790513,0.5141677,0,1,2,2,0.0864187112104495,0.2828933598369239,0.6306879289526266
S Dube,IPL,Batsman,2023,2024,2,1,0.16600863311813255,0.4510847459342085,0.3829066209476582,1,0.19315532,0.42787603,0.37896863,1,0.2588029635801265,0.3986318254633027,0.34256521095657066,1,0.17339994,0.5042064,0.32239363,1,0.2077445,0.49034268,0.30191278,0,1,2,1,0.19805996608924906,0.5857923879368367,0.2161476459739141
S Fanning,BBL,Batsman,2023,2024,0,0,0.6096198964879815,0.28713094632782843,0.1032491571841898,0,0.5307299,0.30513754,0.16413254,0,0.49030389863941387,0.3453953291375202,0.16430077222306588,0,0.50234634,0.3816659,0.115987755,0,0.5520457,0.35496905,0.092985235,0,2,0,0,0.5707466813679068,0.3463482895123324,0.08290502911976073
S Gopal,IPL,Bowler,2023,2024,0,0,0.4140275530766404,0.25501232046743816,0.33096012645592204,0,0.41421404,0.26837003,0.3174159,0,0.42342545454662384,0.2771259963451686,0.29944854910820756,0,0.41880566,0.2890611,0.29213324,0,0.42906585,0.28436208,0.28657216,0,1,0,0,0.4371333750379901,0.31494273815115703,0.24792388681085278
S Joseph,CPL,Batsman,2023,2024,0,0,0.8123192519840314,0.15123620396292145,0.0364445440530468,0,0.72144955,0.21057372,0.06797671,0,0.6925224672702815,0.18680160341108137,0.12067592931863716,0,0.73372924,0.18360066,0.08267012,0,0.6320216,0.22591178,0.14206663,0,0,0,0,0.8024952175138317,0.1478124374103241,0.04969234507584433
S Mahmood,T20_Blast,Bowler,2023,2024,2,2,0.3247103209197981,0.2594118260533969,0.4158778530268042,0,0.39417306,0.26145473,0.34437224,0,0.39250920093769126,0.24135863307190014,0.36613216599040865,0,0.45830247,0.25239247,0.28930506,0,0.40501878,0.24783286,0.3471483,0,1,0,0,0.46235556047366194,0.33145589004351617,0.20618854948282186
S Sandeep Warrier,IPL,Bowler,2023,2024,1,0,0.48284504161121733,0.2438497457337318,0.27330521265505137,0,0.5522625,0.15827678,0.28946066,0,0.5222976995985654,0.15311647166499817,0.3245858287364364,0,0.5516064,0.1790039,0.2693897,0,0.5006996,0.19946724,0.29983315,0,2,0,0,0.5469380028113501,0.1400397390798562,0.31302225810879375
S Snater,T20_Blast,Bowler,2023,2024,1,2,0.24674033210192334,0.2823950233471662,0.4708646445509103,2,0.24083582,0.3041039,0.45506024,2,0.2362613140915752,0.2729149217049375,0.49082376420348744,2,0.1702759,0.26998106,0.55974305,2,0.15428114,0.26064083,0.585078,0,0,2,1,0.2714362115622358,0.39283763805107735,0.33572615038668674
SA Abbott,BBL,All-Rounder,2023,2024,2,2,0.17491417781106205,0.22125730962247012,0.6038285125664676,2,0.16844201,0.19285874,0.6386993,2,0.13129690972183636,0.1847806812576967,0.683922409020467,2,0.11024176,0.21799977,0.6717585,2,0.10427178,0.2091945,0.68653375,0,2,2,2,0.1280031185903903,0.2338621048473588,0.6381347765622509
SA Abbott,T20_Blast,Bowler,2023,2024,2,2,0.19277187104168372,0.33222333401766097,0.4750047949406548,1,0.19342875,0.44951606,0.3570552,1,0.248735888231214,0.3865204142215226,0.3647436975472634,2,0.112690836,0.36765265,0.51965654,2,0.16397053,0.37137237,0.4646571,0,2,0,2,0.11878911975528478,0.3984026176268932,0.4828082626178219
SA Northeast,T20_Blast,Batsman,2023,2024,1,1,0.1713332543299377,0.4370847715310792,0.3915819741389824,1,0.21342497,0.42195904,0.36461598,1,0.19203111561636027,0.43172236547326437,0.3762465189103753,1,0.15986627,0.50641084,0.33372292,1,0.12553146,0.44799396,0.4264746,0,1,1,1,0.20095745137670437,0.4484296607899728,0.3506128878333229
SA Yadav,IPL,Batsman,2023,2024,2,2,0.06413212429546893,0.3370150617703861,0.5988528139341449,2,0.067142,0.33328363,0.5995743,2,0.07577469791134274,0.3489401524672767,0.5752851496213806,2,0.091014035,0.3666349,0.542351,2,0.11049099,0.40905976,0.48044923,0,1,2,2,0.042211170855585574,0.2977626940797633,0.6600261350646512
SA Zaib,T20_Blast,Batsman,2023,2024,1,1,0.19211860558281948,0.48604487973707633,0.32183651468010344,1,0.18786134,0.5186307,0.29350793,1,0.23251778346281196,0.4645798820873783,0.30290233444980974,1,0.17961141,0.517907,0.30248162,1,0.23537704,0.50697434,0.25764865,0,2,1,1,0.21628417722096496,0.5216443061521219,0.2620715166269131
SB Harper,BBL,Wicketkeeper-Batsman,2023,2024,1,0,0.44299879716419815,0.35185937268637635,0.20514183014942547,0,0.39953086,0.3828042,0.21766497,0,0.419538621082146,0.4131666105829659,0.1672947683348882,1,0.40853512,0.44707188,0.14439304,0,0.5866209,0.31868875,0.09469033,0,2,0,1,0.3849258994252449,0.4110551193020864,0.2040189812726687
SD Hope,CPL,Wicketkeeper-Batsman,2023,2024,2,2,0.1377428601164397,0.3871677020424651,0.4750894378410956,2,0.15214105,0.42269912,0.4251598,2,0.1435225611442216,0.421219834088953,0.43525760476682535,2,0.108786635,0.44248512,0.44872823,2,0.11565203,0.4350782,0.44926977,0,0,2,2,0.11350397208549903,0.41216447070997286,0.4743315572045281
SD Hope,PSL,Wicketkeeper-Batsman,2023,2024,0,0,0.45311177113878615,0.34383482364029305,0.20305340522092055,0,0.43587622,0.36266387,0.20145991,0,0.4764225810933342,0.4127542171030736,0.11082320180359223,0,0.47749862,0.39806455,0.12443687,0,0.5825561,0.33409923,0.08334464,0,1,0,0,0.4450481029937659,0.3915598491699143,0.16339204783631986
SE Rutherford,CPL,Batsman,2023,2024,0,1,0.3056037586012147,0.45790849018155383,0.23648775121723103,1,0.4124417,0.4325279,0.1550304,1,0.35949239030359764,0.42461133615972085,0.21589627353668145,0,0.50031996,0.38496968,0.11471036,1,0.39837882,0.40357658,0.1980446,0,1,1,0,0.49053592034778565,0.3391291121645254,0.17033496748768887
SE Rutherford,PSL,Batsman,2023,2024,1,1,0.41077158782995954,0.42280258644126834,0.16642582572877193,1,0.39463353,0.41594642,0.18942007,0,0.42937941898416787,0.4157387495828642,0.154881831432968,1,0.42775026,0.43384117,0.13840857,0,0.6113884,0.30417237,0.08443927,0,0,0,0,0.47692462324445495,0.36917582625574324,0.15389955049980172
SG Budinger,T20_Blast,Batsman,2023,2024,1,0,0.5256394531293652,0.34972298957910114,0.12463755729153432,0,0.49450088,0.36810362,0.13739553,0,0.4629008595782463,0.34828941078636727,0.18880972963538648,0,0.5358464,0.2894088,0.17474484,2,0.22445959,0.3388816,0.43665883,0,0,0,0,0.5271308352036064,0.38191507188934687,0.09095409290704677
SH Johnson,BBL,Bowler,2023,2024,2,2,0.051307233018570986,0.26897125537684047,0.6797215116045894,2,0.07485217,0.22589044,0.6992574,2,0.08319338641149482,0.30585984130849225,0.6109467722800129,2,0.0904115,0.19673517,0.7128533,2,0.10299737,0.23636878,0.66063386,0,2,2,2,0.09935721121278343,0.2523212775822761,0.6483215112049405
SJ Cook,T20_Blast,Bowler,2023,2024,0,2,0.16205139776159685,0.2149813082829577,0.6229672939554449,2,0.16423325,0.24643338,0.58933336,2,0.14058107903042025,0.23166071483948825,0.6277582061300916,2,0.0938183,0.16847554,0.73770624,2,0.11513304,0.22366735,0.6611996,0,1,2,2,0.12191724663579716,0.1800118267026916,0.6980709266615112
SJ Croft,T20_Blast,All-Rounder,2023,2024,1,2,0.12960622771890862,0.43064398363066175,0.4397497886504294,1,0.14095822,0.45251226,0.4065295,1,0.18560132363855933,0.48853452636157507,0.32586414999986557,2,0.09634829,0.373082,0.5305697,2,0.11752479,0.41839686,0.46407837,0,2,1,1,0.11881748158294257,0.4826095948845498,0.3985729235325076
SK Springer,CPL,Bowler,2023,2024,2,0,0.4594561668945807,0.2769801681606596,0.26356366494476025,0,0.3663136,0.34929278,0.28439355,0,0.3793862730434626,0.35499199338093657,0.26562173357560087,0,0.46335697,0.35782778,0.17881528,0,0.5323867,0.27745274,0.19016045,0,2,1,1,0.3239487765470289,0.3640134656452359,0.3120377578077352
SM Curran,IPL,All-Rounder,2023,2024,2,2,0.19180650745698452,0.2847191700441463,0.5234743224988692,2,0.18673164,0.33112276,0.48214558,2,0.16757935265534996,0.3034269755234627,0.5289936718211874,2,0.074398145,0.25254592,0.6730559,2,0.12436462,0.2934378,0.5821975,0,0,2,2,0.07061790851097013,0.22447734602613614,0.7049047454628937
SM Curran,T20_Blast,All-Rounder,2023,2024,1,2,0.12956974819872732,0.2370339594509567,0.6333962923503158,2,0.08968083,0.20284675,0.70747244,2,0.11139722516470026,0.2662990933866715,0.6223036814486282,2,0.063794054,0.21153557,0.7246704,2,0.09184951,0.2503283,0.6578222,0,2,2,2,0.022588656272589117,0.17122535964421878,0.8061859840831921
SN Thakur,IPL,Bowler,2023,2024,1,2,0.22244378739204831,0.3657359706107007,0.4118202419972508,2,0.24132799,0.3157961,0.4428759,2,0.20520700384432158,0.28668224945084675,0.5081107467048317,2,0.11590177,0.29143113,0.5926671,2,0.24113052,0.30794704,0.45092243,0,0,1,2,0.2521234394359006,0.30160468562098824,0.4462718749431112
SO Hetmyer,CPL,Batsman,2023,2024,2,1,0.2572197712713326,0.5052137892623237,0.23756643946634304,1,0.2405428,0.5494982,0.209959,1,0.22587219966201938,0.4968863554493041,0.27724144488867647,1,0.21046332,0.53659433,0.25294238,1,0.2201229,0.5266272,0.25324997,0,1,1,1,0.261430537486611,0.48991158219537795,0.24865788031801106
SO Hetmyer,IPL,Batsman,2023,2024,1,1,0.21665300494615033,0.4973514749336957,0.2859955201201531,1,0.21448171,0.5572582,0.2282601,1,0.15854457023786986,0.5159934015352505,0.32546202822687953,1,0.154886,0.50848454,0.33662942,1,0.1620566,0.491106,0.34683734,0,2,1,1,0.18458565666791305,0.5560649437396411,0.2593493995924458
SP Narine,CPL,All-Rounder,2023,2024,2,2,0.04611159159188149,0.18486532349278323,0.7690230849153353,2,0.06871661,0.1860667,0.7452167,2,0.06049899613024122,0.2150863184310186,0.7244146854387401,2,0.08288666,0.21202578,0.70508754,2,0.1011731,0.23226635,0.66656053,0,0,2,2,0.018576750675085203,0.1385657764599727,0.8428574728649422
SP Narine,IPL,All-Rounder,2023,2024,2,2,0.044857375388072385,0.20826311212852688,0.7468795124834017,2,0.06763468,0.16349244,0.76887286,2,0.07895930705109529,0.1674811479518111,0.7535595449970937,2,0.06563441,0.16961804,0.76474756,2,0.10504503,0.21528895,0.67966604,0,0,1,2,0.012214757705866925,0.05998321277747125,0.9278020295166618
SPD Smith,BBL,Batsman,2023,2024,0,1,0.36995143971171046,0.42356179579351927,0.20648676449477082,1,0.34375355,0.38169664,0.27454975,1,0.2581245800934878,0.41803254121127,0.32384287869524214,1,0.36073947,0.47658288,0.16267765,1,0.2584034,0.52251095,0.21908557,0,0,0,0,0.43501667886610723,0.39912463184686964,0.16585868928702313
SR Dickson,T20_Blast,Batsman,2023,2024,1,1,0.2528783101121909,0.48071667603457485,0.26640501385323395,1,0.24926956,0.53096473,0.21976572,1,0.21754162348820666,0.5386020862877668,0.24385629022402647,1,0.20533782,0.54025483,0.25440726,1,0.23133741,0.53563774,0.23302479,0,1,1,1,0.30029110274001486,0.4995428704936553,0.20016602676632975
SR Hain,T20_Blast,Batsman,2023,2024,2,2,0.11630749314057989,0.35139279118190764,0.5322997156775129,2,0.14172989,0.35851204,0.49975806,2,0.11154157189571795,0.3896668379999174,0.49879159010436475,2,0.09803619,0.4233819,0.47858194,2,0.112301186,0.4195654,0.46813342,0,2,2,1,0.07795381841844899,0.4926939643114904,0.42935221727006045
SR Harmer,T20_Blast,All-Rounder,2023,2024,2,2,0.07816286040716619,0.1612956670206229,0.7605414725722106,2,0.06965472,0.113597184,0.8167481,2,0.07845684671946092,0.16982756621261366,0.7517155870679254,2,0.066355094,0.16793036,0.7657145,2,0.09377276,0.20751277,0.6987145,0,0,2,2,0.045578424396886495,0.1864133604526193,0.7680082151504942
SR Patel,T20_Blast,All-Rounder,2023,2024,2,2,0.07145148069520971,0.1959160115777481,0.7326325077270425,2,0.083992496,0.15607636,0.75993115,2,0.08547893845176652,0.15032257514100308,0.7641984864072303,2,0.069724284,0.20455863,0.72571707,2,0.09777467,0.21452464,0.68770075,0,1,2,2,0.03268593670211375,0.07667207607511436,0.8906419872227718
SS Eskinazi,T20_Blast,Batsman,2023,2024,1,2,0.09709520708128885,0.3919378578977698,0.5109669350209406,2,0.096928194,0.38308975,0.51998204,2,0.08667958070330485,0.3598760365254818,0.5534443827712133,2,0.10673641,0.43864492,0.4546186,2,0.1173225,0.44077855,0.44189894,0,2,2,1,0.10150149356286724,0.47402762826922135,0.4244708781679114
SS Iyer,IPL,Batsman,2023,2024,2,0,0.4847401600690865,0.36959933694174696,0.14566050298916625,0,0.42617252,0.3430905,0.23073699,0,0.4216744481587443,0.40066039930173347,0.1776651525395223,1,0.35453495,0.47091022,0.17455485,0,0.54402137,0.32547954,0.13049906,0,1,0,0,0.48192231701261457,0.3373209748648386,0.18075670812254677
SS Prabhudessai,IPL,Batsman,2023,2024,0,0,0.607550044210539,0.30928311182744345,0.08316684396201739,0,0.67501146,0.24894719,0.07604132,0,0.6697377151474669,0.26835049786154314,0.061911786990989884,0,0.70638937,0.21574295,0.07786769,0,0.6730951,0.2512784,0.07562646,0,0,0,0,0.6181883703133843,0.2918992085770389,0.08991242110957694
SSJ Brooks,CPL,Batsman,2023,2024,0,1,0.2778733016458711,0.481832047872836,0.24029465048129314,1,0.26565126,0.5266501,0.2076987,1,0.22295584098762686,0.49329745900798644,0.2837467000043868,1,0.29013652,0.5272321,0.18263131,1,0.3060019,0.51091295,0.18308522,0,0,1,1,0.35437489708564013,0.48191277101476476,0.16371233189959514
SV Samson,IPL,Wicketkeeper-Batsman,2023,2024,2,2,0.094329052423433,0.38651436197461797,0.5191565856019489,2,0.09159734,0.3418912,0.56651145,2,0.10855918037059699,0.4063291331506302,0.4851116864787729,2,0.09170941,0.38304222,0.52524835,2,0.107823335,0.3903674,0.50180924,0,1,2,2,0.07178229758858587,0.3822378955660431,0.5459798068453711
SW Billings,BBL,Wicketkeeper-Batsman,2023,2024,1,1,0.2540183965884819,0.48324690875294063,0.26273469465857713,1,0.24358788,0.48452845,0.27188373,1,0.23735905079762287,0.4728007399144146,0.2898402092879625,1,0.22816958,0.5331808,0.2386497,1,0.26423782,0.52674043,0.20902173,0,0,1,1,0.23154536367925949,0.46517030479501215,0.30328433152572837
SW Billings,T20_Blast,Wicketkeeper-Batsman,2023,2024,2,1,0.21148879547574045,0.4856866305471726,0.3028245739770867,1,0.18420514,0.49918208,0.31661278,1,0.2303228482892309,0.4827753574701795,0.2869017942405894,1,0.17602515,0.5078115,0.3161633,1,0.14545988,0.47255546,0.38198468,0,2,1,1,0.18956647485586023,0.5137938603459302,0.2966396647982096
SW Currie,T20_Blast,Bowler,2023,2024,2,2,0.36050990434849217,0.2513178147564674,0.38817228089503997,0,0.36586502,0.3070695,0.3270655,0,0.395632703065266,0.30071504470246607,0.30365225223226794,0,0.4471711,0.24973871,0.30309018,0,0.4129099,0.2863679,0.30072218,0,1,1,0,0.44941376314700493,0.27690072563452994,0.273685511218465
Sahibzada Farhan,PSL,Batsman,2023,2024,1,0,0.608759228235891,0.30953197203388416,0.0817087997302248,0,0.64418066,0.26700327,0.08881612,0,0.6261919483454813,0.2738671812615461,0.09994087039297266,0,0.673302,0.24189281,0.084805295,0,0.65401477,0.26703116,0.07895404,0,0,0,0,0.6399447172787766,0.27468811721274855,0.08536716550847473
Saim Ayub,PSL,Batsman,2023,2024,2,1,0.1946249260593177,0.5148156206212628,0.29055945331941935,1,0.24500133,0.500081,0.25491768,1,0.2705432763865246,0.47285949466298083,0.2565972289504945,1,0.2912306,0.5180776,0.1906918,1,0.27215397,0.4957199,0.23212613,0,1,2,1,0.24381992318838813,0.5535661005375503,0.20261397627406164
Salman Irshad,PSL,Bowler,2023,2024,1,2,0.35731523689742817,0.2510849986303489,0.3915997644722228,0,0.36344373,0.2996952,0.33686104,0,0.3981525209904093,0.2818928779084172,0.31995460110117335,0,0.42459175,0.2509687,0.32443962,0,0.43594098,0.27333376,0.2907252,0,0,1,0,0.45145237995740184,0.2574955776784335,0.29105204236416454
Sandeep Sharma,IPL,Bowler,2023,2024,2,2,0.18719079186959292,0.18232861706722608,0.6304805910631806,2,0.1751686,0.14976943,0.675062,2,0.2699291178918639,0.22984728406111993,0.5002235980470162,2,0.11936642,0.18860716,0.69202644,2,0.13323845,0.21335523,0.6534063,0,1,2,2,0.11660830811536864,0.09730091000742683,0.7860907818772046
Sanvir Singh,IPL,Batsman,2023,2024,0,0,0.7442915473594516,0.20554675218506238,0.05016170045548619,0,0.6877219,0.21813616,0.094141945,0,0.7481342480825721,0.17987424626553156,0.07199150565189624,0,0.6885213,0.2294803,0.08199837,0,0.67895794,0.23998939,0.081052735,0,0,0,0,0.7130574264553019,0.21839938546530074,0.06854318807939729
Sarfraz Ahmed,PSL,Wicketkeeper-Batsman,2023,2024,0,1,0.38296204882428553,0.4299658144567356,0.18707213671897818,1,0.38174754,0.4222384,0.19601409,1,0.29190267184574065,0.517542399049905,0.19055492910435443,1,0.26648456,0.5042108,0.22930449,1,0.37615007,0.4427616,0.18108837,0,1,1,0,0.3790797535025104,0.3022125423908883,0.31870770410660143
Shadab Khan,PSL,All-Rounder,2023,2024,2,2,0.08199257890032087,0.21323010806044507,0.7047773130392352,2,0.09170819,0.19236793,0.71592385,2,0.08509402607429281,0.23657576636419939,0.6783302075615077,2,0.07701548,0.25875196,0.66423255,2,0.09716981,0.23382816,0.66900206,0,1,2,2,0.056388747109833236,0.1943798555525216,0.7492313973376452
Shahbaz Ahmed,IPL,All-Rounder,2023,2024,2,0,0.4479194446852106,0.33549917820918074,0.21658137710560865,0,0.41370374,0.36373246,0.22256376,0,0.4880532465269398,0.3339585511766641,0.17798820229639603,0,0.6071629,0.28049827,0.11233887,0,0.47310108,0.3316015,0.19529751,0,0,0,0,0.462186035083691,0.3749112411887325,0.16290272372757655
Shaheen Shah Afridi,PSL,Bowler,2023,2024,2,2,0.07989196902039285,0.22027681308499286,0.6998312178946138,2,0.098030135,0.17833333,0.72363657,2,0.07972731371392996,0.24592233375698036,0.6743503525290897,2,0.07162497,0.1964663,0.73190874,2,0.094417416,0.22111647,0.6844661,0,0,2,2,0.022773014598648996,0.12445145900483653,0.8527755263965145
Shahnawaz Dhani,PSL,Bowler,2023,2024,0,2,0.33439867519920563,0.28209952252885284,0.3835018022719419,0,0.3539897,0.3118995,0.33411083,0,0.3611313216422542,0.352543114509657,0.28632556384808877,0,0.44615424,0.24096808,0.31287774,0,0.44591248,0.28552574,0.2685618,0,1,0,0,0.366768814497105,0.3217931845091859,0.31143800099370916
Shan Masood,PSL,Batsman,2023,2024,0,1,0.2434454674154957,0.48230774182992425,0.27424679075458025,1,0.24048465,0.49113205,0.26838332,1,0.19087414843342884,0.48272459122045547,0.3264012603461157,1,0.1942529,0.5336875,0.27205965,1,0.21121651,0.53028727,0.25849622,0,0,1,1,0.239969662555733,0.4994162533481069,0.2606140840961601
Shan Masood,T20_Blast,Batsman,2023,2024,1,1,0.2701375758031622,0.47567413243722295,0.25418829175961466,1,0.26396894,0.5143699,0.22166112,1,0.2217176189731377,0.5004653920317734,0.27781698899508883,1,0.25110337,0.5328833,0.2160134,1,0.28449216,0.52085745,0.19465038,0,1,1,1,0.2718413094324126,0.5266944391231091,0.20146425144447844
Shashank Singh,IPL,Batsman,2023,2024,2,0,0.6335525017692362,0.28631375339220405,0.08013374483855944,0,0.6359241,0.25935057,0.10472533,0,0.6595077345225995,0.25942545089994745,0.08106681457745313,0,0.62993526,0.27051345,0.09955135,0,0.6418262,0.2716248,0.08654904,0,1,0,0,0.6371633287144923,0.2675859990750766,0.09525067221043114
Shoaib Bashir,T20_Blast,Bowler,2023,2024,0,0,0.47709697455492733,0.2517446281053305,0.27115839733974223,0,0.5076146,0.22265604,0.26972935,0,0.5207740016772416,0.2365377222964857,0.24268827602627266,0,0.5536034,0.19707315,0.24932343,0,0.46737123,0.20631815,0.32631055,0,2,0,0,0.5481036659611142,0.1831542862611001,0.2687420477777857
Shoaib Malik,PSL,All-Rounder,2023,2024,1,1,0.21800285311144016,0.48484753825166427,0.2971496086368952,1,0.14198224,0.5336294,0.32438836,1,0.1698122355261604,0.4559876010761256,0.37420016339771395,1,0.13589194,0.46262068,0.40148738,1,0.15534481,0.4896107,0.3550445,0,1,1,1,0.15195418480991751,0.4321019489101616,0.4159438662799209
Shubman Gill,IPL,Batsman,2023,2024,2,2,0.06600775569340794,0.3117422076328555,0.6222500366737368,2,0.079312615,0.29957625,0.6211111,2,0.07825933980794675,0.341194193562437,0.5805464666296162,2,0.07754404,0.32562998,0.5968259,2,0.10485628,0.4029153,0.49222842,0,1,2,2,0.018006592839350338,0.24624194955968548,0.7357514576009642
Sikandar Raza,IPL,Batsman,2023,2024,0,1,0.33716397573262247,0.4686739306364538,0.19416209363092346,1,0.39169705,0.46120957,0.14709333,0,0.4467310021407551,0.4047820408586898,0.14848695700055498,0,0.47897035,0.39340562,0.12762406,0,0.46846873,0.38033655,0.15119475,0,2,0,0,0.4694375846650143,0.42020719068113704,0.11035522465384864
Sikandar Raza,PSL,Batsman,2023,2024,0,1,0.2634693052673324,0.513754568039924,0.22277612669274366,1,0.30458567,0.5061588,0.18925545,1,0.26300043869502426,0.49659529349302134,0.24040426781195448,1,0.27330512,0.5134322,0.21326277,1,0.2666339,0.49489203,0.23847403,0,1,1,1,0.3118310393625471,0.5738201401784063,0.11434882045904654
Simarjeet Singh,IPL,Bowler,2023,2024,0,0,0.46905207870356685,0.24995925313379735,0.2809886681626363,0,0.5186601,0.23075612,0.25058374,0,0.5603439787283911,0.17567791236483982,0.26397810890676904,0,0.5096259,0.22596362,0.2644105,0,0.44412744,0.26364154,0.292231,0,1,0,0,0.5010981083007394,0.27124711992025596,0.22765477177900467
Sohail Khan,PSL,All-Rounder,2023,2024,0,0,0.42671691898326913,0.2800320853868265,0.29325099562990475,0,0.46140856,0.25958145,0.27901,0,0.4074827622207784,0.24859894199423252,0.34391829578498906,0,0.5060343,0.23595466,0.258011,0,0.5634317,0.2816159,0.15495244,0,0,0,0,0.5260935846258082,0.27184558499611683,0.20206083037807493
Suyash Sharma,IPL,Bowler,2023,2024,0,2,0.2193534118595089,0.26190574106246345,0.5187408470780276,2,0.2958237,0.2001101,0.50406617,2,0.26001137592524737,0.24815025152467365,0.49183837255007895,2,0.26790833,0.21028125,0.5218104,2,0.34238118,0.19391236,0.4637065,0,2,0,2,0.32978238226096096,0.18172836012133087,0.4884892576177082
Swapnil Singh,IPL,Bowler,2023,2024,1,0,0.5471670981106078,0.28555614934754425,0.16727675254184882,0,0.5830387,0.22596715,0.19099414,0,0.6553681699652107,0.2023933280694976,0.14223850196529172,0,0.6535441,0.20622149,0.14023441,0,0.5642313,0.25308824,0.18268052,0,1,0,0,0.5961786443718919,0.1541686757425831,0.24965267988552503
T Banton,BBL,Wicketkeeper-Batsman,2023,2024,0,0,0.4511424175780523,0.3077912338100379,0.24106634861191018,0,0.4296631,0.29405272,0.27628425,0,0.5015235352269269,0.34907886369596014,0.14939760107711295,0,0.49121118,0.33619198,0.17259674,0,0.51314527,0.30895323,0.17790149,0,1,0,1,0.2767745338279779,0.43604881146375796,0.28717665470826426
T Banton,T20_Blast,Wicketkeeper-Batsman,2023,2024,2,2,0.1013534129043016,0.4130081145334091,0.4856384725622886,2,0.07936136,0.4062474,0.51439124,2,0.11142508216652863,0.39973056854698585,0.4888443492864855,2,0.09617187,0.4079119,0.4959162,2,0.111152165,0.4242133,0.4646345,0,1,2,2,0.058243752354989846,0.43734662130979274,0.5044096263352175
T Hinds,CPL,Bowler,2023,2024,1,0,0.48572539391538,0.2547349314480699,0.2595396746365505,0,0.5453062,0.25543043,0.19926341,0,0.5087301335076203,0.24923418791816118,0.2420356785742185,0,0.61949366,0.23942259,0.14108385,0,0.53113955,0.25802016,0.21084027,0,0,0,0,0.5145680069773132,0.28258346500137776,0.20284852802130907
T Kohler-Cadmore,PSL,Batsman,2023,2024,0,1,0.18285964753073242,0.4950434120670183,0.3220969404022486,1,0.17759627,0.49569517,0.3267085,1,0.16389246138997077,0.5132321689103738,0.32287536969965536,1,0.1756251,0.5287923,0.29558256,1,0.2022991,0.521913,0.27578792,0,0,2,1,0.24802701505404906,0.5359291898507452,0.2160437950952057
T Kohler-Cadmore,T20_Blast,Batsman,2023,2024,1,2,0.08738299351597587,0.35588784352755265,0.5567291629564718,2,0.07745915,0.30985296,0.6126879,2,0.08235713572481623,0.33336224963271516,0.5842806146424686,2,0.09764147,0.41453788,0.4878207,2,0.110050164,0.41635117,0.4735987,0,1,2,1,0.07440001966646421,0.484560180212398,0.4410398001211377
T Murphy,BBL,Bowler,2023,2024,1,0,0.3968984740187156,0.2920025457279313,0.31109898025335314,1,0.24482231,0.39333645,0.3618412,2,0.30203257088162133,0.34414223935238875,0.35382518976598987,0,0.38870537,0.3403045,0.2709901,2,0.2772285,0.26856136,0.4542102,0,2,1,1,0.3187836663564111,0.34977405442784887,0.33144227921574
T Natarajan,IPL,Bowler,2023,2024,2,2,0.22337088115758796,0.28277239632350554,0.4938567225189061,2,0.20533614,0.21156563,0.5830983,2,0.2039401736215575,0.27070534331963825,0.5253544830588043,2,0.15962264,0.18241711,0.6579603,2,0.18033056,0.18706958,0.63259983,0,1,2,2,0.2616960486670402,0.1862643948927849,0.5520395564401749
T Sangha,BBL,Bowler,2023,2024,1,2,0.12661474692346222,0.22619665663767533,0.6471885964388626,2,0.12653245,0.26405203,0.6094155,2,0.1590780067660266,0.21633175699849222,0.6245902362354812,2,0.15669775,0.21484081,0.6284615,2,0.22399989,0.24611793,0.52988225,0,0,2,2,0.13737146515632484,0.25019676622319853,0.6124317686204767
T Shamsi,CPL,Bowler,2023,2024,1,2,0.294959332906004,0.29065215515323567,0.41438851194076054,2,0.31396574,0.26170376,0.42433053,2,0.24548113830361973,0.28569627602373426,0.46882258567264595,2,0.30724776,0.24756478,0.44518742,2,0.17948163,0.22681026,0.5937081,0,0,0,2,0.2748150728055489,0.35763330397814996,0.36755162321630125
T Shamsi,PSL,Bowler,2023,2024,0,0,0.4052728357284918,0.31250481577059425,0.2822223485009139,1,0.35653427,0.38116592,0.26229987,0,0.3797590354208707,0.35691760932226385,0.26332335525686545,0,0.41758588,0.25107682,0.33133733,0,0.467597,0.22031945,0.31208348,0,2,0,0,0.48183133212947415,0.23393251687261948,0.2842361509979062
T Stubbs,IPL,Batsman,2023,2024,2,0,0.7608627026560649,0.20423558955405122,0.03490170778988462,0,0.65033656,0.2794585,0.07020496,0,0.6250733071707417,0.2615736489519568,0.11335304387730144,0,0.65670264,0.23170045,0.11159691,0,0.6539462,0.21728875,0.12876499,0,0,0,0,0.730889059547043,0.21686528483972142,0.05224565561323559
T van der Gugten,T20_Blast,All-Rounder,2023,2024,2,2,0.17780779188816445,0.33723000810371484,0.48496220000812,2,0.25887826,0.30361405,0.4375077,2,0.20189851447512216,0.3122625068363865,0.4858389786884914,2,0.10754752,0.33108854,0.561364,2,0.124433964,0.2809415,0.5946246,0,2,1,2,0.13551279672649305,0.3296864865832522,0.5348007166902548
TA Boult,IPL,Bowler,2023,2024,2,2,0.14189109594805654,0.2154887544496471,0.6426201496022956,2,0.15705094,0.23077717,0.6121719,2,0.13510282055832162,0.2160255430152346,0.6488716364264437,2,0.0971794,0.18295646,0.7198641,2,0.11619345,0.21541269,0.6683939,0,2,2,2,0.1221829559373828,0.14846262575887959,0.7293544183037377
TA Lammonby,T20_Blast,All-Rounder,2023,2024,0,1,0.36452949555100794,0.39425592069330107,0.24121458375569071,1,0.30230016,0.42863393,0.26906595,1,0.3123165974503565,0.4542341905618825,0.23344921198776106,1,0.37292954,0.4588223,0.16824815,1,0.3121111,0.4724919,0.21539694,0,2,0,1,0.26350776361525574,0.4458266464876936,0.29066558989705077
TAI Taylor,T20_Blast,All-Rounder,2023,2024,2,2,0.16094997730381969,0.19663919830547005,0.6424108243907106,2,0.1575254,0.2444038,0.5980708,2,0.15507208148568344,0.2385194421049128,0.6064084764094038,2,0.077731855,0.19292423,0.7293439,2,0.09913877,0.21697924,0.68388206,0,2,2,2,0.10235055922285466,0.32754306571180947,0.5701063750653359
TAR Scriven,T20_Blast,Bowler,2023,2024,0,0,0.44360604273343635,0.2898017713613258,0.2665921859052381,0,0.41672975,0.33464104,0.24862929,0,0.510411284025499,0.25192794997580037,0.23766076599870065,0,0.4938838,0.25819403,0.24792217,0,0.4440845,0.31298456,0.24293089,0,0,0,0,0.36909941463723506,0.3352921230245319,0.295608462338233
TB Abell,T20_Blast,Batsman,2023,2024,1,1,0.17823404175750013,0.4778962352422938,0.3438697230002055,1,0.14011309,0.46019423,0.39969262,1,0.1857118959856189,0.49160625271392944,0.3226818513004516,2,0.10036705,0.37114605,0.5284869,1,0.15467614,0.48155814,0.36376572,0,2,1,1,0.1250282268304913,0.4874872898999315,0.3874844832695771
TC Bruce,T20_Blast,Batsman,2023,2024,0,0,0.6563464014472283,0.2693783192289865,0.07427527932378493,0,0.66036135,0.23823206,0.10140657,0,0.660806603025509,0.23905471491112523,0.10013868206336587,0,0.69018674,0.2064207,0.103392564,0,0.6386148,0.24117404,0.120211214,0,0,0,0,0.6438490618957201,0.2528447894978549,0.1033061486064251
TD Andrews,BBL,Bowler,2023,2024,2,0,0.4840460930988654,0.2516337153826478,0.26432019151848746,0,0.4912495,0.2577385,0.25101203,0,0.6401161740180729,0.21253058171744396,0.1473532442644832,0,0.5706927,0.256175,0.17313236,0,0.518178,0.32671744,0.15510455,0,1,0,0,0.5129506960619492,0.21910468625393678,0.26794461768411404
TE Albert,T20_Blast,Batsman,2023,2024,1,1,0.3913997896448301,0.4473185591358108,0.1612816512193587,1,0.4274656,0.43665695,0.1358775,0,0.46350078609484013,0.40311564071536765,0.13338357318979213,0,0.44491193,0.42435515,0.13073291,0,0.57540566,0.3387899,0.08580441,0,0,1,0,0.44764891587091676,0.40782166051841606,0.14452942361066726
TE Lawes,T20_Blast,Bowler,2023,2024,0,0,0.47586585734914644,0.27536747065514106,0.24876667199571248,0,0.51946884,0.23177963,0.24875157,0,0.5123889788684909,0.22760552672285844,0.2600054944086507,0,0.5701465,0.21908426,0.2107692,0,0.5140365,0.26515585,0.2208077,0,2,0,0,0.4998757239772393,0.26272947020165666,0.2373948058211041
TF Rogers,BBL,Batsman,2023,2024,0,1,0.31674839347654216,0.4775493812550909,0.2057022252683663,1,0.3452471,0.47589123,0.17886165,1,0.288760172175933,0.4877225187741416,0.22351730904992526,1,0.35221326,0.49213868,0.15564805,1,0.40695217,0.464143,0.1289048,0,0,1,1,0.3992313048408558,0.45348728449245773,0.14728141066668646
TG Helm,T20_Blast,Bowler,2023,2024,1,2,0.23470685734277238,0.23175117006032606,0.5335419725969015,2,0.2774147,0.22407967,0.4985056,2,0.22725571715678566,0.2332025195001948,0.5395417633430195,2,0.11934779,0.19819368,0.6824586,2,0.12648672,0.23935081,0.6341625,0,0,2,2,0.2073275310679554,0.2140364701247786,0.578635998807266
TGR Clark,T20_Blast,Batsman,2023,2024,1,1,0.21755043122154288,0.5366137520683727,0.24583581671008434,1,0.2109587,0.57888716,0.21015412,1,0.2546223052228629,0.5201543245112172,0.22522337026591996,1,0.2527005,0.52964604,0.2176535,1,0.22318867,0.5145679,0.2622434,0,1,0,1,0.2604409094029939,0.5426241328164739,0.19693495778053224
TH David,BBL,Batsman,2023,2024,2,1,0.3179421286804265,0.46009230984473337,0.22196556147483995,1,0.28586626,0.4776357,0.23649804,1,0.2457887739611644,0.46777996755204715,0.2864312584867886,1,0.27811462,0.50875366,0.21313174,1,0.33931124,0.46952426,0.19116445,0,1,1,1,0.29872242350237066,0.5568684304337276,0.14440914606390168
TH David,CPL,Batsman,2023,2024,0,1,0.40929814451202773,0.42014036181220604,0.17056149367576628,0,0.4548964,0.38759568,0.15750797,0,0.4459463964071265,0.3962756921869175,0.15777791140595593,0,0.46209136,0.39467138,0.14323725,0,0.5318478,0.34662187,0.121530324,0,1,0,0,0.5213585955458175,0.28417468069131724,0.19446672376286517
TH David,IPL,Batsman,2023,2024,1,1,0.21923544412966375,0.5357569878758003,0.24500756799453555,1,0.20306072,0.53610706,0.26083225,1,0.19120913725512415,0.5550425225412539,0.253748340203622,1,0.17541465,0.519492,0.30509335,1,0.206803,0.50340974,0.28978726,0,1,1,1,0.195065901543452,0.5525758950184883,0.25235820343805965
TJ Bishop,CPL,Bowler,2023,2024,0,0,0.47739409283129125,0.24841822607011704,0.27418768109859176,0,0.53330094,0.19219638,0.2745027,0,0.5527198138854593,0.2201451675782453,0.22713501853629536,0,0.549074,0.18454738,0.26637864,0,0.47973606,0.21828198,0.301982,0,2,0,0,0.5802474676137057,0.1894255204643876,0.23032701192190677
TJ Moores,T20_Blast,Wicketkeeper-Batsman,2023,2024,1,2,0.13478354116024613,0.41783407685036983,0.44738238198938385,2,0.12552167,0.41261438,0.46186396,1,0.12405512556498134,0.448826824766891,0.42711804966812783,2,0.112000726,0.44065487,0.44734442,2,0.112984404,0.42105582,0.46595973,0,2,2,1,0.11477653782418566,0.50680233202558,0.3784211301502344
TJ Prest,T20_Blast,Batsman,2023,2024,1,1,0.3970303191219013,0.42490632725161426,0.17806335362648407,0,0.4360535,0.41170272,0.15224373,1,0.38718353200686323,0.4347273694609792,0.17808909853215765,1,0.40986934,0.44241562,0.14771508,1,0.4193014,0.4352448,0.14545383,0,1,0,1,0.3911183423813147,0.4623175161960951,0.14656414142259014
TJ Price,T20_Blast,Bowler,2023,2024,0,0,0.503732707584342,0.2595672515544809,0.23670004086117735,0,0.5955693,0.21530463,0.18912603,0,0.6230176023824384,0.25780646027568915,0.11917593734187254,0,0.6527281,0.2026097,0.14466228,0,0.45094234,0.31491593,0.23414172,0,2,0,0,0.5119089677808372,0.2820060588526982,0.20608497336646467
TK Curran,BBL,All-Rounder,2023,2024,1,2,0.2969927232508557,0.2848260827336555,0.41818119401548837,2,0.2267829,0.32885182,0.4443653,2,0.16846396047684745,0.3420652689521593,0.48947077057099325,2,0.19139929,0.36553785,0.44306284,2,0.18243243,0.31040245,0.5071651,0,0,0,2,0.13040351195982117,0.3279898816255537,0.5416066064146251
TK Curran,T20_Blast,All-Rounder,2023,2024,2,1,0.2088981708257786,0.4683443411640054,0.32275748801021586,1,0.22463898,0.4124296,0.36293137,2,0.2079787854556809,0.3768515961851362,0.4151696183591829,1,0.17844659,0.48774374,0.3338096,1,0.25497457,0.4662526,0.27877283,0,0,1,2,0.15612161602962674,0.39581407809447455,0.44806430587589885
TL Seifert,CPL,Wicketkeeper-Batsman,2023,2024,2,0,0.4592286215422647,0.34470970620904356,0.19606167224869178,0,0.45072582,0.35776806,0.19150616,0,0.5504602064073534,0.3435873609828349,0.10595243260981177,0,0.50065666,0.374714,0.12462926,0,0.61920047,0.3003413,0.08045817,0,0,0,1,0.3532701276886722,0.39450983412915874,0.2522200381821689
TM Head,IPL,Batsman,2023,2024,2,0,0.4598611275340555,0.39006224969630526,0.15007662276963926,0,0.5516743,0.29874778,0.14957793,0,0.5098406772208344,0.2870341444874104,0.2031251782917552,0,0.55827343,0.2523408,0.18938573,0,0.54124814,0.2620214,0.19673043,0,0,0,0,0.5298349138746409,0.281475659521194,0.18868942660416504
TMJ Smith,T20_Blast,Bowler,2023,2024,2,2,0.06815920327399298,0.11564660892311565,0.8161941878028917,2,0.068542935,0.08922001,0.84223706,2,0.07285034837722418,0.13540123962563905,0.7917484119971369,2,0.07187406,0.1518322,0.7762937,2,0.096350886,0.19827469,0.7053745,0,2,2,2,0.047080312833913694,0.22048881157602165,0.7324308755900647
TP Alsop,T20_Blast,Wicketkeeper-Batsman,2023,2024,2,1,0.2696028839710065,0.4744240158296506,0.2559731001993422,1,0.27701673,0.481857,0.24112621,1,0.29330545658594254,0.44548656990765395,0.2612079735064035,1,0.24060562,0.53827673,0.22111762,1,0.21443437,0.52393526,0.26163033,0,0,1,1,0.2683496021143999,0.463801981145202,0.267848416740398
TR Bevan,T20_Blast,Batsman,2023,2024,0,0,0.7594563872553569,0.1975377158625184,0.04300589688212504,0,0.729088,0.20809764,0.06281434,0,0.7299182616907104,0.21590963220588932,0.054172106103400224,0,0.71978056,0.20309302,0.077126406,0,0.65113103,0.2536421,0.09522682,0,0,0,0,0.7803421186082327,0.1760109281102603,0.04364695328150696
TS Mills,PSL,Bowler,2023,2024,1,2,0.31553383516025524,0.2897049290933139,0.39476123574643013,2,0.31605688,0.26755595,0.4163872,2,0.3584739992648693,0.2292963371061563,0.41222966362897434,2,0.29912093,0.23894309,0.461936,0,0.38639894,0.24345796,0.37014312,0,1,0,0,0.39794040284802373,0.21906089417685948,0.38299870297511673
TS Mills,T20_Blast,Bowler,2023,2024,2,2,0.08914331991166041,0.24879457327455556,0.6620621068137846,2,0.10586268,0.16859815,0.72553915,2,0.1299297469755923,0.25218676419889985,0.6178834888255078,2,0.09241831,0.17736536,0.7302163,2,0.101494424,0.21489461,0.683611,0,2,2,2,0.059922984726719794,0.17007328896924756,0.7700037263040326
TS Muyeye,T20_Blast,Batsman,2023,2024,1,1,0.22797131424955183,0.5056354178236167,0.26639326792683077,1,0.22917852,0.56314665,0.20767485,1,0.2578954038435728,0.4953894668579966,0.2467151292984307,1,0.24729435,0.53016573,0.22253992,1,0.23117466,0.51974726,0.24907814,0,1,1,1,0.2561559960887669,0.5339008675548427,0.2099431363563903
TS Rogers,BBL,Bowler,2023,2024,2,2,0.19338307817103886,0.28441806782367873,0.5221988540052817,2,0.15467185,0.26896283,0.57636535,2,0.16267092500052113,0.26799632031867654,0.5693327546808024,2,0.126667,0.24384536,0.6294877,2,0.12238943,0.2460128,0.6315978,0,2,1,2,0.1251536469131867,0.2720227152386228,0.6028236378481905
TU Deshpande,IPL,Bowler,2023,2024,2,2,0.18748666389671934,0.2323181320797047,0.5801952040235763,2,0.25281364,0.23775294,0.5094334,2,0.2143782768489446,0.2621572862964047,0.5234644368546506,2,0.090723194,0.15839683,0.75088006,2,0.1482068,0.25347862,0.5983146,0,0,2,2,0.1341455809853604,0.06899776243950692,0.7968566565751327
TW Hartley,T20_Blast,Bowler,2023,2024,0,2,0.20659313286164382,0.3040751474682045,0.48933171967015165,2,0.21015294,0.30476213,0.4850849,2,0.1637377988408134,0.2931124693257895,0.5431497318333972,2,0.1010138,0.23803014,0.660956,2,0.15740538,0.28053546,0.56205916,0,2,1,2,0.15502439000510926,0.33378715386634195,0.5111884561285488
Tayyab Tahir,PSL,Batsman,2023,2024,0,1,0.3350066900517919,0.4528019708912657,0.21219133905694257,1,0.38489917,0.43717042,0.17793044,1,0.2901172967029767,0.4774757440234263,0.232406959273597,1,0.36761647,0.47706664,0.15531695,0,0.45437023,0.43214267,0.113487065,0,0,0,0,0.44703325029325375,0.4278072369045346,0.12515951280221166
Tilak Varma,IPL,Batsman,2023,2024,2,1,0.18335241837845165,0.5129406949075225,0.30370688671402524,1,0.17713685,0.5224608,0.30040234,1,0.15776973922371057,0.5112488849131243,0.33098137586316523,1,0.21663035,0.53715485,0.24621475,1,0.31477228,0.5029198,0.18230797,0,0,2,1,0.17199973416560357,0.6142039207935787,0.21379634504081785
UT Khawaja,BBL,Batsman,2023,2024,0,0,0.41207644325126314,0.4116850075321924,0.17623854921654475,0,0.4247461,0.3548996,0.22035429,1,0.30365619239551095,0.40945627387255806,0.28688753373193104,1,0.4112461,0.45171627,0.13703762,0,0.43917188,0.43341663,0.1274115,0,0,0,0,0.5152446420813119,0.364607021036283,0.12014833688240506
UT Yadav,IPL,Bowler,2023,2024,1,2,0.3052606418059253,0.30602649556367845,0.38871286263039617,2,0.36368886,0.24416488,0.3921462,2,0.3063444867145411,0.2633022715942797,0.4303532416911791,2,0.24108726,0.2678356,0.49107718,2,0.22416943,0.30029964,0.47553098,0,0,0,0,0.5167743708711096,0.2074093558316759,0.2758162732972145
Umran Malik,IPL,Bowler,2023,2024,0,2,0.2885499900209731,0.30185106910924864,0.4095989408697775,1,0.25492984,0.3807284,0.36434174,1,0.2943028953378221,0.3587838210659182,0.3469132835962597,2,0.27445233,0.3565422,0.36900547,1,0.3377202,0.36445385,0.29782596,0,1,1,0,0.36347027898153306,0.34859163567084894,0.28793808534761806
Usama Mir,BBL,Bowler,2023,2024,2,0,0.4446433515240622,0.2669394606325225,0.2884171878434156,0,0.42156008,0.26983416,0.30860576,0,0.4803315168135115,0.2683170765615781,0.2513514066249103,0,0.4175607,0.2739821,0.30845723,0,0.45701534,0.2418735,0.30111122,0,2,0,0,0.39142231193291294,0.2818396135515965,0.3267380745154907
Usama Mir,PSL,Bowler,2023,2024,2,2,0.07295541666445626,0.25386028074930983,0.6731843025862347,2,0.09681428,0.27041915,0.6327666,2,0.08797174548199381,0.23893773459030035,0.673090519927706,2,0.098840535,0.2426516,0.6585079,2,0.101758875,0.23890744,0.6593337,0,2,2,2,0.1395884849764518,0.31672803569804037,0.5436834793255079
Usman Khan,PSL,Batsman,2023,2024,2,1,0.31544799149423874,0.46218272795144716,0.22236928055431407,1,0.3183497,0.50580746,0.17584287,1,0.2942914399391486,0.4656387546368945,0.24006980542395695,1,0.36524707,0.48107618,0.15367681,1,0.2719704,0.5158533,0.21217637,0,0,1,1,0.39470626379030616,0.47935817238106254,0.12593556382863133
V Kohli,IPL,Batsman,2023,2024,2,2,0.07494352259702777,0.3160888555097585,0.6089676218932143,2,0.09706127,0.3018011,0.60113764,2,0.136126422435395,0.38919870964958375,0.47467486791502117,2,0.07267303,0.27664858,0.6506784,2,0.112071835,0.3685888,0.5193393,0,2,2,2,0.018684254967049375,0.11732431417797574,0.8639914308549749
V Permaul,CPL,Bowler,2023,2024,0,2,0.31781402840093315,0.31237959796047243,0.3698063736385934,2,0.358685,0.2719933,0.36932167,2,0.30878621779043536,0.2516829879241738,0.43953079428539077,2,0.3459445,0.22428545,0.42977002,2,0.32472244,0.24431297,0.43096456,0,1,0,0,0.43452637766750263,0.22642057623218687,0.33905304610031056
V Shankar,IPL,Batsman,2023,2024,0,1,0.23745688258762823,0.46220281366709,0.3003403037452814,1,0.2920936,0.4920388,0.21586767,1,0.3231564130821623,0.41907558272721424,0.25776800419062346,1,0.30707443,0.51237655,0.18054903,1,0.19599761,0.5175432,0.2864592,0,1,1,1,0.3339684176333498,0.5489254785639629,0.1171061038026873
VG Arora,IPL,Bowler,2023,2024,2,0,0.4810053431874574,0.25719507396516017,0.2617995828473834,0,0.51332605,0.25009853,0.23657538,0,0.5113569627448331,0.24470794122273734,0.2439350960324296,0,0.5088721,0.2434941,0.24763383,0,0.48138288,0.28366578,0.23495126,0,2,1,2,0.36085458997259817,0.2688961130571729,0.37024929697022885
VR Iyer,IPL,Batsman,2023,2024,2,1,0.16760661984566638,0.46138401486031905,0.37100936529401446,1,0.20979333,0.47450566,0.31570104,1,0.2616578922429892,0.41391193490178624,0.32443017285522463,1,0.2033233,0.5232336,0.27344304,1,0.195863,0.5069797,0.29715732,0,1,2,1,0.20487939827999285,0.5437796620601861,0.25134093965982107
Vijaykumar Vyshak,IPL,Bowler,2023,2024,0,0,0.3717777892169943,0.2963618791430761,0.3318603316399305,0,0.403778,0.2817171,0.3145049,0,0.3904905536510718,0.32266464766945335,0.28684479867947477,2,0.3081868,0.30573708,0.38607612,0,0.3901331,0.34450436,0.26536253,0,1,0,2,0.32547750348390486,0.2649771713077553,0.40954532520833986
W Luxton,T20_Blast,Batsman,2023,2024,0,0,0.748240929892015,0.22396597333209867,0.027793096775885606,0,0.7213713,0.20793007,0.070698634,0,0.7213589325215565,0.22448105251838735,0.05416001496005623,0,0.722341,0.19903147,0.07862754,0,0.68754226,0.23081829,0.08163945,0,2,0,0,0.7217852674089494,0.21864120196743325,0.05957353062361735
W Prestwidge,BBL,Bowler,2023,2024,0,0,0.47842141893899776,0.24955201331894344,0.2720265677420591,0,0.51351863,0.24516635,0.24131505,0,0.5450080537915231,0.2365045121876666,0.2184874340208103,0,0.4821551,0.2395686,0.27827626,0,0.52417433,0.26095363,0.21487205,0,0,0,0,0.3684917251397595,0.26444144791543955,0.3670668269448009
W Sutherland,BBL,All-Rounder,2023,2024,2,1,0.23006455175815604,0.4031905205393051,0.36674492770253847,2,0.19190086,0.39751562,0.41058353,2,0.1935649214548549,0.3548538608354983,0.4515812177096468,2,0.16504316,0.39205077,0.4429061,2,0.14325637,0.37097046,0.48577318,0,0,1,2,0.2134316878809611,0.3561038153326046,0.4304644967864343
WA Agar,BBL,Bowler,2023,2024,1,2,0.34599746253955493,0.2851254222641013,0.36887711519634453,0,0.39090544,0.3017966,0.30729797,0,0.3939066120011213,0.30737126478992444,0.2987221232089543,0,0.40003437,0.2576159,0.34234974,2,0.31852937,0.3039416,0.377529,0,1,0,0,0.38499425690195693,0.34748099421274703,0.267524748885296
WCF Smeed,T20_Blast,Batsman,2023,2024,1,1,0.08781240238658458,0.4919752510681935,0.42021234654522077,2,0.10701935,0.4353603,0.45762038,1,0.11017250693807705,0.4696969005972081,0.42013059246471496,2,0.107896484,0.44195357,0.45014992,1,0.12199199,0.44648322,0.4315248,0,0,2,1,0.06626624524079872,0.5051171052967905,0.42861664946241074
WG Jacks,T20_Blast,All-Rounder,2023,2024,1,2,0.0963354413052577,0.38552919120559664,0.5181353674891455,2,0.06805134,0.32014844,0.6118002,2,0.06981788183108649,0.3434435194308045,0.586738598738109,2,0.07021532,0.27662495,0.65315974,2,0.100991555,0.36430812,0.53470033,0,0,2,2,0.011541072457897495,0.26918000765714195,0.7192789198849605
WL Madsen,T20_Blast,All-Rounder,2023,2024,1,2,0.08574744250516622,0.3323847044205044,0.5818678530743289,2,0.12893425,0.3298669,0.54119885,1,0.15684838927199005,0.4222972438046419,0.4208543669233681,2,0.08603427,0.34424162,0.5697241,2,0.107062854,0.40094537,0.4919917,0,0,2,2,0.028322835729398883,0.2980839856461533,0.6735931786244478
WP Saha,IPL,Wicketkeeper-Batsman,2023,2024,1,2,0.13057118045943722,0.41229210771645675,0.4571367118241059,2,0.14896871,0.38436666,0.4666646,1,0.16107369139731453,0.4263321801008806,0.41259412850180477,1,0.12625484,0.4640188,0.40972638,2,0.11490927,0.41701612,0.46807468,0,0,2,1,0.19900898670830364,0.4878404038300234,0.3131506094616729
WT Smale,T20_Blast,Batsman,2023,2024,1,0,0.6137192008093293,0.28593571463403844,0.10034508455663169,0,0.5627829,0.3314738,0.105743304,0,0.5663729017127805,0.32860000212416257,0.10502709616305687,0,0.60494936,0.30068594,0.09436476,0,0.61901623,0.30041555,0.080568165,0,0,0,0,0.5757338435343975,0.33489864941020914,0.08936750705539331
Waqar Salamkheil,CPL,Bowler,2023,2024,2,2,0.20899875927276101,0.2233180115515388,0.5676832291757004,2,0.20623048,0.25605097,0.53771853,2,0.23860538739574205,0.25078340144969197,0.5106112111545661,2,0.21657863,0.24562582,0.5377956,2,0.22135648,0.2410466,0.53759694,0,1,0,2,0.2785564695367825,0.23318487317219858,0.4882586572910191
Waqar Salamkheil,PSL,Bowler,2023,2024,0,0,0.5014031505982299,0.23824072558390708,0.2603561238178636,0,0.61075634,0.16843787,0.2208058,0,0.694423105933229,0.17480519908669823,0.13077169498007282,0,0.66598964,0.16669267,0.16731767,0,0.61059904,0.223307,0.16609398,0,1,0,0,0.5701129965406241,0.13851905260036845,0.29136795085900746
Washington Sundar,IPL,All-Rounder,2023,2024,0,0,0.34824123607502466,0.3425620831065649,0.3091966808184099,1,0.29763228,0.35713175,0.34523597,1,0.2910593722932149,0.3687553390600177,0.3401852886467675,0,0.38766077,0.35566977,0.25666943,0,0.33579907,0.33290195,0.33129895,0,0,1,0,0.3778780366284772,0.33761367442525153,0.28450828894627134
XA Crone,BBL,Batsman,2023,2024,0,0,0.7869212230920712,0.1863796194167236,0.026699157491205206,0,0.7253934,0.19120374,0.083402835,0,0.7046435034607509,0.19176613381081514,0.10359036272843397,0,0.70534647,0.18344128,0.11121228,0,0.66453254,0.23254853,0.10291897,0,1,0,0,0.7903865876683841,0.15500146603777018,0.05461194629384585
XC Bartlett,BBL,Bowler,2023,2024,2,2,0.10030370310241692,0.21382262511324762,0.6858736717843357,2,0.104647964,0.20224056,0.6931115,2,0.08879941003489038,0.2225289845155396,0.6886716054495701,2,0.09203029,0.21689776,0.69107187,2,0.10206101,0.22250621,0.6754328,0,2,2,2,0.09516328591556583,0.22282652911421538,0.6820101849702188
YBK Jaiswal,IPL,Batsman,2023,2024,2,2,0.09446554211254103,0.42888470113402355,0.4766497567534343,2,0.14102216,0.40908417,0.4498936,2,0.13748681235835772,0.42756248328898566,0.4349507043526565,1,0.16978991,0.5052734,0.3249367,1,0.31812832,0.41409892,0.26777273,0,0,2,1,0.12888774728881175,0.5371514621166084,0.33396079059457995
YS Chahal,IPL,Bowler,2023,2024,2,2,0.07815186717087294,0.12175530252124855,0.800092830307879,2,0.080690905,0.09101651,0.8282926,2,0.09781633694230323,0.13403597545602508,0.7681476876016716,2,0.07365702,0.13007297,0.7962701,2,0.108276665,0.19817558,0.6935477,0,1,2,2,0.01864171307866821,0.04960607512605092,0.9317522117952809
Yash Dayal,IPL,Bowler,2023,2024,2,0,0.49701918542963514,0.25857488560291003,0.24440592896745564,0,0.45883447,0.29641378,0.2447518,0,0.5134543418502276,0.28318126607669497,0.20336439207307735,0,0.5568889,0.21842779,0.22468327,0,0.499605,0.29542857,0.20496643,0,0,0,0,0.5446054747411537,0.2743031235020984,0.18109140175674796
Yash Thakur,IPL,Bowler,2023,2024,1,2,0.19402968471341087,0.29012042657843085,0.5158498887081585,2,0.28085274,0.251048,0.46809924,2,0.20732761308609188,0.2665178630564575,0.5261545238574505,2,0.26263684,0.20462298,0.5327402,2,0.29725364,0.2063202,0.4964262,0,2,0,2,0.31914438696539904,0.17928821607142206,0.501567396963179
Yasir Khan,PSL,Batsman,2023,2024,1,0,0.5833318334558218,0.3187700653976778,0.09789810114649977,0,0.60387623,0.29000086,0.106122926,0,0.6021387360642583,0.30587173449774646,0.09198952943799527,0,0.667004,0.2500386,0.082957536,0,0.664888,0.25617737,0.078934684,0,1,0,0,0.6425222691927548,0.27396507375643153,0.08351265705081382
Yudhvir Singh,IPL,Bowler,2023,2024,0,0,0.4821333908671833,0.2607499734498569,0.2571166356829602,0,0.54434735,0.2592217,0.1964309,0,0.6161432132504707,0.22716550274299838,0.15669128400653085,0,0.53461117,0.23651479,0.22887407,0,0.5340879,0.2519553,0.21395682,0,0,0,0,0.49145095422996005,0.3023338866973541,0.20621515907268584
Z Crawley,T20_Blast,Batsman,2023,2024,0,0,0.41708682678877357,0.41036960136270173,0.17254357184852454,1,0.3572307,0.42515674,0.21761255,0,0.4242406032481812,0.3977620144048753,0.17799738234694343,1,0.3522864,0.4835054,0.1642081,0,0.54135484,0.36086565,0.09777948,0,2,0,0,0.4223057015817474,0.3911164480804805,0.18657785033777213
ZJ Chappell,T20_Blast,Bowler,2023,2024,2,2,0.12977663185725619,0.21787404027928559,0.6523493278634586,2,0.1758161,0.26089272,0.56329113,2,0.1405859837459828,0.19727450604648247,0.6621395102075348,2,0.0960438,0.18144386,0.7225123,2,0.10130999,0.21613404,0.68255603,0,1,2,2,0.07824143595286907,0.21952388013370003,0.7022346839134308
Zahid Mahmood,PSL,Bowler,2023,2024,2,0,0.48044036849442284,0.2496235028776324,0.2699361286279453,0,0.5379435,0.22707127,0.23498525,0,0.5176179647823522,0.18458889335426834,0.2977931418633795,0,0.6551979,0.1963296,0.14847259,0,0.54240185,0.2627721,0.19482605,0,0,0,0,0.5786914033581202,0.2502091887672067,0.171099407874673
Zaman Khan,PSL,Bowler,2023,2024,1,2,0.18321946759242883,0.22260929393655396,0.5941712384710173,2,0.15446283,0.22548088,0.62005633,2,0.16522047473678841,0.24187688747099625,0.5929026377922153,2,0.14357522,0.20372833,0.6526964,2,0.16418134,0.24440946,0.59140915,0,1,2,2,0.17426157095656986,0.2927444249395443,0.532994004103886
