player_name,league,target_season,cutoff_season,forecast_prob_poor,forecast_prob_average,forecast_prob_elite,role,recent_form,recent_form_percentile,n_recent_seasons_used,reliability,reliability_percentile,forecast_expected_tier,forecast_normalized,forecast_predicted_tier,eligible,forecast_model,forecast_model_status
A Athanaze,CPL,2024,2023,0.5816089,0.32080686,0.097584255,Batsman,,,0,0.2667,0.5416666666666666,0.51597537,0.257987685,Poor,1,FT-Transformer,frozen_primary
A Badoni,IPL,2024,2023,0.34249997,0.4899557,0.16754432,Batsman,46.87,0.3958333333333333,1,0.7667,0.4516129032258064,0.82504434,0.41252217,Average,1,FT-Transformer,frozen_primary
A Karvelas,T20_Blast,2024,2023,0.36251646,0.24691024,0.3905733,Bowler,,,0,0.2333,0.2160493827160493,1.02805684,0.51402842,Elite,1,FT-Transformer,frozen_primary
A Lyth,T20_Blast,2024,2023,0.1380713,0.47241175,0.3895169,All-Rounder,48.370000000000005,0.2222222222222222,3,1.0,0.6190476190476191,1.2514455500000001,0.6257227750000001,Average,1,FT-Transformer,frozen_primary
A Manohar,IPL,2024,2023,0.46964315,0.40615836,0.12419848,Batsman,38.75,0.25,1,0.4333,0.3306451612903225,0.65455532,0.32727766,Poor,1,FT-Transformer,frozen_primary
A Mishra,IPL,2024,2023,0.21216209,0.27317566,0.51466227,All-Rounder,73.53857142857143,0.8636363636363636,2,1.0,0.6136363636363636,1.3025001999999999,0.6512500999999999,Elite,1,FT-Transformer,frozen_primary
A Nortje,IPL,2024,2023,0.103615694,0.20517695,0.69120735,Bowler,65.27000000000001,0.6326530612244898,3,1.0,0.8194444444444444,1.58759165,0.793795825,Elite,1,FT-Transformer,frozen_primary
A Zampa,BBL,2024,2023,0.15186025,0.2236932,0.6244465,Bowler,65.525,0.59375,3,1.0,0.75,1.4725862,0.7362931,Elite,1,FT-Transformer,frozen_primary
AAP Atkinson,T20_Blast,2024,2023,0.10741418,0.19979401,0.6927918,Bowler,71.03400000000002,0.6774193548387096,3,1.0,0.7962962962962963,1.5853776099999999,0.7926888049999999,Elite,1,FT-Transformer,frozen_primary
AC Agar,BBL,2024,2023,0.17559041,0.28662443,0.5377852,All-Rounder,58.90300000000001,0.4347826086956521,3,1.0,0.5869565217391305,1.36219483,0.681097415,Elite,1,FT-Transformer,frozen_primary
AC Agar,T20_Blast,2024,2023,0.4105268,0.2750765,0.3143967,Bowler,,,0,0.3333,0.2962962962962963,0.9038698999999999,0.45193494999999995,Poor,1,FT-Transformer,frozen_primary
AC Lenham,T20_Blast,2024,2023,0.5850996,0.23133829,0.18356216,Bowler,17.753333333333334,0.0806451612903225,2,0.6667,0.4444444444444444,0.59846261,0.299231305,Poor,1,FT-Transformer,frozen_primary
AD Hales,PSL,2024,2023,0.28394046,0.5296333,0.1864263,Batsman,52.70000000000001,0.56,3,1.0,0.8676470588235294,0.9024859,0.45124295,Average,1,FT-Transformer,frozen_primary
AD Hales,T20_Blast,2024,2023,0.123149276,0.46867847,0.40817228,Batsman,66.274,0.8571428571428571,3,1.0,0.7956989247311828,1.28502303,0.642511515,Average,1,FT-Transformer,frozen_primary
AD Russell,CPL,2024,2023,0.08000089,0.27044106,0.64955807,All-Rounder,64.43200000000002,0.5263157894736842,3,1.0,0.631578947368421,1.5695572,0.7847786,Elite,1,FT-Transformer,frozen_primary
AD Russell,IPL,2024,2023,0.088169076,0.325156,0.58667487,All-Rounder,64.74500000000002,0.5454545454545454,3,1.0,0.6136363636363636,1.49850574,0.74925287,Elite,1,FT-Transformer,frozen_primary
ADS Fletcher,CPL,2024,2023,0.16076967,0.48090583,0.3583245,Wicketkeeper-Batsman,64.78600000000002,0.8333333333333334,3,1.0,0.7142857142857143,1.19755483,0.598777415,Average,1,FT-Transformer,frozen_primary
AF Milne,BBL,2024,2023,0.39558876,0.21806908,0.38634223,Bowler,,,0,0.4,0.3095238095238095,0.99075354,0.49537677,Poor,1,FT-Transformer,frozen_primary
AGH Orr,T20_Blast,2024,2023,0.45284286,0.419306,0.12785117,Batsman,16.59,0.1558441558441558,1,0.3333,0.2150537634408602,0.67500834,0.33750417,Poor,1,FT-Transformer,frozen_primary
AHT Donald,T20_Blast,2024,2023,0.5141939,0.3704384,0.11536775,Batsman,27.230000000000004,0.2207792207792207,2,1.0,0.7956989247311828,0.6011739,0.30058695,Poor,1,FT-Transformer,frozen_primary
AI Ross,BBL,2024,2023,0.3312045,0.50083745,0.16795805,Batsman,44.44800000000001,0.6216216216216216,3,1.0,0.7666666666666667,0.8367535500000001,0.41837677500000003,Average,1,FT-Transformer,frozen_primary
AJ Hose,T20_Blast,2024,2023,0.107732646,0.43989658,0.45237076,Batsman,70.751,0.948051948051948,3,1.0,0.7956989247311828,1.3446381,0.67231905,Elite,1,FT-Transformer,frozen_primary
AJ Hosein,BBL,2024,2023,0.31802967,0.33765596,0.34431443,Bowler,10.58,0.15625,1,0.3333,0.2619047619047619,1.0262848199999999,0.5131424099999999,Elite,1,FT-Transformer,frozen_primary
AJ Hosein,CPL,2024,2023,0.13716185,0.26352438,0.5993138,All-Rounder,65.49900000000001,0.631578947368421,3,1.0,0.631578947368421,1.46215198,0.73107599,Elite,1,FT-Transformer,frozen_primary
AJ Hosein,PSL,2024,2023,0.6364104,0.19916373,0.16442582,Bowler,,,0,0.1,0.09375,0.52801537,0.264007685,Poor,1,FT-Transformer,frozen_primary
AJ Turner,BBL,2024,2023,0.5112956,0.3765325,0.11217197,Batsman,32.357000000000006,0.4054054054054054,3,1.0,0.7666666666666667,0.60087644,0.30043822,Poor,1,FT-Transformer,frozen_primary
AJ Turner,IPL,2024,2023,0.7037385,0.19625182,0.10000969,Batsman,,,0,0.1333,0.0967741935483871,0.3962712,0.1981356,Poor,1,FT-Transformer,frozen_primary
AJ Turner,T20_Blast,2024,2023,0.1356463,0.45007604,0.41427767,Batsman,60.33,0.7922077922077922,1,0.6333,0.4193548387096774,1.27863138,0.63931569,Average,1,FT-Transformer,frozen_primary
AJ Tye,BBL,2024,2023,0.098088294,0.22056024,0.6813515,Bowler,79.763,0.9375,3,1.0,0.75,1.58326324,0.79163162,Elite,1,FT-Transformer,frozen_primary
AK Markram,IPL,2024,2023,0.28559536,0.5131932,0.20121147,Batsman,54.10000000000001,0.5416666666666666,2,1.0,0.7741935483870968,0.91561614,0.45780807,Average,1,FT-Transformer,frozen_primary
AL Davies,T20_Blast,2024,2023,0.11692115,0.45241898,0.4306599,Wicketkeeper-Batsman,64.43,0.5909090909090909,3,1.0,0.5681818181818182,1.31373878,0.65686939,Average,1,FT-Transformer,frozen_primary
AM Hardie,BBL,2024,2023,0.08592589,0.3376728,0.5764013,All-Rounder,62.643000000000015,0.5652173913043478,3,1.0,0.5869565217391305,1.4904754,0.7452377,Elite,1,FT-Transformer,frozen_primary
AM Rahane,IPL,2024,2023,0.11740103,0.43037987,0.4522191,Batsman,49.61,0.4166666666666667,3,1.0,0.7741935483870968,1.3348180699999999,0.6674090349999999,Elite,1,FT-Transformer,frozen_primary
AM Rossington,T20_Blast,2024,2023,0.21769999,0.5250339,0.25726604,Wicketkeeper-Batsman,56.69900000000002,0.5,3,1.0,0.5681818181818182,1.03956598,0.51978299,Average,1,FT-Transformer,frozen_primary
AR Nedd,CPL,2024,2023,0.47019753,0.24543227,0.28437018,Bowler,28.88428571428572,0.2857142857142857,2,0.3333,0.4259259259259259,0.81417263,0.407086315,Poor,1,FT-Transformer,frozen_primary
AR Patel,IPL,2024,2023,0.06361365,0.20490156,0.7314848,All-Rounder,69.91100000000002,0.7727272727272727,3,1.0,0.6136363636363636,1.66787116,0.83393558,Elite,1,FT-Transformer,frozen_primary
AS Dale,T20_Blast,2024,2023,0.5185226,0.19335736,0.2881201,Bowler,,,0,0.0667,0.0246913580246913,0.76959756,0.38479878,Poor,1,FT-Transformer,frozen_primary
AS Joseph,CPL,2024,2023,0.123534404,0.24588566,0.63057995,All-Rounder,77.21700000000001,0.8947368421052632,3,0.98335,0.2105263157894736,1.50704556,0.75352278,Elite,1,FT-Transformer,frozen_primary
AS Joseph,IPL,2024,2023,0.43944857,0.2742787,0.28627276,Bowler,59.78666666666668,0.5306122448979592,2,0.6333,0.5486111111111112,0.84682422,0.42341211,Poor,1,FT-Transformer,frozen_primary
AS Roy,IPL,2024,2023,0.5685064,0.2634338,0.16805981,Bowler,30.60666666666667,0.2448979591836734,2,0.2,0.2083333333333333,0.59955342,0.29977671,Poor,1,FT-Transformer,frozen_primary
AT Carey,BBL,2024,2023,0.24357623,0.5313258,0.22509795,Wicketkeeper-Batsman,17.512000000000004,0.1666666666666666,3,1.0,0.6153846153846154,0.9815216999999999,0.49076084999999997,Average,1,FT-Transformer,frozen_primary
AT Thomson,T20_Blast,2024,2023,0.4236277,0.38046917,0.19590311,Bowler,36.781000000000006,0.3548387096774194,3,0.8,0.5185185185185185,0.77227539,0.386137695,Poor,1,FT-Transformer,frozen_primary
AW Finch,T20_Blast,2024,2023,0.3160432,0.32941952,0.35453728,Bowler,38.29666666666667,0.3709677419354839,2,0.5333,0.3888888888888889,1.03849408,0.51924704,Elite,1,FT-Transformer,frozen_primary
AW Gorvin,T20_Blast,2024,2023,0.6049715,0.24177624,0.15325229,Bowler,,,0,0.1667,0.1358024691358024,0.54828082,0.27414041,Poor,1,FT-Transformer,frozen_primary
AWJ Auguste,CPL,2024,2023,0.7098544,0.20577292,0.08437262,Batsman,,,0,0.0667,0.2083333333333333,0.37451816,0.18725908,Poor,1,FT-Transformer,frozen_primary
AZ Lees,T20_Blast,2024,2023,0.18895325,0.5319511,0.2790956,Batsman,45.462857142857146,0.5194805194805194,2,1.0,0.7956989247311828,1.0901423000000001,0.5450711500000001,Average,1,FT-Transformer,frozen_primary
Aamer Jamal,PSL,2024,2023,0.36000702,0.30336705,0.33662587,Bowler,,,0,0.2,0.25,0.9766187900000001,0.48830939500000003,Poor,1,FT-Transformer,frozen_primary
Aaron Beard,T20_Blast,2024,2023,0.47230834,0.28033802,0.24735358,Bowler,51.14333333333333,0.532258064516129,2,0.6667,0.4444444444444444,0.77504518,0.38752259,Poor,1,FT-Transformer,frozen_primary
Abbas Afridi,PSL,2024,2023,0.109904505,0.26303825,0.62705725,Bowler,72.23666666666666,0.8181818181818182,2,0.6667,0.5625,1.51715275,0.758576375,Elite,1,FT-Transformer,frozen_primary
Abdul Samad,IPL,2024,2023,0.46913537,0.40410388,0.12676069,Batsman,34.68200000000001,0.1458333333333333,3,0.9,0.5161290322580645,0.6576252600000001,0.32881263000000005,Poor,1,FT-Transformer,frozen_primary
Abdullah Shafique,PSL,2024,2023,0.22680426,0.53414124,0.23905452,Batsman,52.24,0.52,1,0.7,0.6470588235294118,1.01225028,0.50612514,Average,1,FT-Transformer,frozen_primary
Abhishek Sharma,IPL,2024,2023,0.29513237,0.51622087,0.18864675,Batsman,53.440000000000005,0.5,3,1.0,0.7741935483870968,0.8935143700000001,0.44675718500000006,Average,1,FT-Transformer,frozen_primary
Abishek Porel,IPL,2024,2023,0.7152297,0.20679179,0.07797852,Batsman,,,0,0.1333,0.0967741935483871,0.36274883,0.181374415,Poor,1,FT-Transformer,frozen_primary
Abrar Ahmed,PSL,2024,2023,0.60849136,0.21465445,0.1768542,Bowler,26.21571428571429,0.1818181818181818,2,0.2333,0.28125,0.56836285,0.284181425,Poor,1,FT-Transformer,frozen_primary
Agha Salman,PSL,2024,2023,0.6661412,0.22532386,0.108534895,Batsman,15.74,0.12,1,0.4667,0.3970588235294117,0.44239364999999997,0.22119682499999999,Poor,1,FT-Transformer,frozen_primary
Ahsan Hafeez,PSL,2024,2023,0.65660715,0.25515524,0.08823759,Batsman,,,0,0.0667,0.0441176470588235,0.43163042,0.21581521,Poor,1,FT-Transformer,frozen_primary
Aimal Khan,PSL,2024,2023,0.67775625,0.18782544,0.13441828,Bowler,,,0,0.1333,0.171875,0.456662,0.228331,Poor,1,FT-Transformer,frozen_primary
Akash Deep,IPL,2024,2023,0.5355429,0.31648716,0.14796999,Bowler,12.73,0.1428571428571428,1,0.2333,0.2569444444444444,0.61242714,0.30621357,Poor,1,FT-Transformer,frozen_primary
Akash Madhwal,IPL,2024,2023,0.27072856,0.20736043,0.521911,Bowler,,,0,0.2667,0.2986111111111111,1.25118243,0.625591215,Elite,1,FT-Transformer,frozen_primary
Anmolpreet Singh,IPL,2024,2023,0.50739944,0.3793216,0.113279015,Batsman,20.99,0.125,2,0.2333,0.1854838709677419,0.60587963,0.302939815,Poor,1,FT-Transformer,frozen_primary
Anuj Dal,T20_Blast,2024,2023,0.6864165,0.22425786,0.08932569,Batsman,14.74,0.1428571428571428,1,0.6,0.3870967741935484,0.40290924,0.20145462,Poor,1,FT-Transformer,frozen_primary
Anuj Rawat,IPL,2024,2023,0.5582177,0.33784717,0.10393508,Batsman,39.35333333333334,0.3125,2,0.5333,0.3951612903225806,0.54571733,0.272858665,Poor,1,FT-Transformer,frozen_primary
Anwar Ali,PSL,2024,2023,0.22348525,0.34448034,0.4320345,All-Rounder,48.746,0.4,3,1.0,0.75,1.20854934,0.60427467,Elite,1,FT-Transformer,frozen_primary
Arjun Tendulkar,IPL,2024,2023,0.55622995,0.3004287,0.1433414,Bowler,,,0,0.1333,0.1527777777777778,0.5871115,0.29355575,Poor,1,FT-Transformer,frozen_primary
Arshad Khan,IPL,2024,2023,0.5789844,0.24705863,0.17395703,Bowler,,,0,0.2,0.2083333333333333,0.5949726900000001,0.29748634500000004,Poor,1,FT-Transformer,frozen_primary
Arshdeep Singh,IPL,2024,2023,0.115772575,0.17594217,0.7082852,Bowler,72.62800000000001,0.7755102040816326,3,1.0,0.8194444444444444,1.5925125699999998,0.7962562849999999,Elite,1,FT-Transformer,frozen_primary
Asif Ali,PSL,2024,2023,0.24332763,0.47945336,0.277219,Batsman,43.63400000000001,0.36,3,1.0,0.8676470588235294,1.03389136,0.51694568,Average,1,FT-Transformer,frozen_primary
Atharva Taide,IPL,2024,2023,0.3227277,0.5040173,0.17325497,Batsman,,,0,0.2333,0.1854838709677419,0.85052724,0.42526362,Average,1,FT-Transformer,frozen_primary
Avesh Khan,IPL,2024,2023,0.18890387,0.26642513,0.544671,Bowler,68.53000000000002,0.7142857142857143,3,1.0,0.8194444444444444,1.35576713,0.677883565,Elite,1,FT-Transformer,frozen_primary
Azam Khan,CPL,2024,2023,0.20223744,0.5333685,0.26439402,Wicketkeeper-Batsman,63.25666666666668,0.6666666666666666,2,1.0,0.7142857142857143,1.0621565400000001,0.5310782700000001,Average,1,FT-Transformer,frozen_primary
Azam Khan,PSL,2024,2023,0.1368371,0.49353096,0.36963198,Wicketkeeper-Batsman,72.26400000000002,0.75,3,1.0,0.8,1.2327949200000001,0.6163974600000001,Average,1,FT-Transformer,frozen_primary
B Doggett,BBL,2024,2023,0.5649196,0.2207664,0.214314,Bowler,23.70200000000001,0.25,3,1.0,0.75,0.6493944,0.3246972,Poor,1,FT-Transformer,frozen_primary
B Kumar,IPL,2024,2023,0.07266284,0.14520167,0.7821355,Bowler,72.787,0.7959183673469388,3,1.0,0.8194444444444444,1.70947267,0.854736335,Elite,1,FT-Transformer,frozen_primary
B Muzarabani,PSL,2024,2023,0.4492909,0.23541643,0.31529266,Bowler,43.3,0.3636363636363636,1,0.3333,0.390625,0.86600175,0.433000875,Poor,1,FT-Transformer,frozen_primary
B Nikitaras,BBL,2024,2023,0.7141752,0.20330982,0.082514934,Batsman,,,0,0.0333,0.0444444444444444,0.368339688,0.184169844,Poor,1,FT-Transformer,frozen_primary
B Sai Sudharsan,IPL,2024,2023,0.2025088,0.53173655,0.2657547,Batsman,65.13,0.7708333333333334,1,0.4333,0.3306451612903225,1.06324595,0.531622975,Average,1,FT-Transformer,frozen_primary
B Stanlake,BBL,2024,2023,0.5538979,0.20267163,0.24343047,Bowler,3.33,0.03125,1,1.0,0.75,0.68953257,0.344766285,Poor,1,FT-Transformer,frozen_primary
BA Carse,T20_Blast,2024,2023,0.24880217,0.46847442,0.2827234,All-Rounder,39.78500000000001,0.1111111111111111,3,1.0,0.6190476190476191,1.03392122,0.51696061,Average,1,FT-Transformer,frozen_primary
BA King,CPL,2024,2023,0.18504341,0.53302646,0.28193015,Batsman,60.114,0.9166666666666666,3,1.0,0.8958333333333334,1.0968867599999998,0.5484433799999999,Average,1,FT-Transformer,frozen_primary
BA Raine,T20_Blast,2024,2023,0.07535895,0.1945097,0.7301314,All-Rounder,85.11000000000003,0.9523809523809524,3,1.0,0.6190476190476191,1.6547725,0.82738625,Elite,1,FT-Transformer,frozen_primary
BAC Howell,T20_Blast,2024,2023,0.09459407,0.3221557,0.5832502,All-Rounder,69.423,0.6666666666666666,3,1.0,0.6190476190476191,1.4886561,0.74432805,Elite,1,FT-Transformer,frozen_primary
BAD Manenti,BBL,2024,2023,0.70145124,0.20691709,0.09163161,Bowler,21.094,0.21875,3,0.9333,0.4761904761904761,0.39018031,0.195090155,Poor,1,FT-Transformer,frozen_primary
BBA Geddes,T20_Blast,2024,2023,0.7017544,0.20727156,0.09097397,Batsman,,,0,0.2,0.1290322580645161,0.3892195,0.19460975,Poor,1,FT-Transformer,frozen_primary
BC Cullen,T20_Blast,2024,2023,0.24044393,0.25866216,0.5008939,Bowler,50.07666666666667,0.5,2,0.7667,0.4938271604938271,1.2604499599999999,0.6302249799999999,Elite,1,FT-Transformer,frozen_primary
BD Guest,T20_Blast,2024,2023,0.19159715,0.5211315,0.28727138,Wicketkeeper-Batsman,67.22700000000002,0.6818181818181818,3,1.0,0.5681818181818182,1.09567426,0.54783713,Average,1,FT-Transformer,frozen_primary
BFW de Leede,T20_Blast,2024,2023,0.43853968,0.4059368,0.15552355,Batsman,,,0,0.2,0.1290322580645161,0.7169839,0.35849195,Poor,1,FT-Transformer,frozen_primary
BG Charlesworth,T20_Blast,2024,2023,0.32702652,0.49068117,0.18229225,Batsman,,,0,0.4333,0.2688172043010752,0.85526567,0.427632835,Average,1,FT-Transformer,frozen_primary
BGF Green,T20_Blast,2024,2023,0.06638179,0.19668993,0.7369283,All-Rounder,75.065,0.8571428571428571,3,1.0,0.6190476190476191,1.67054653,0.835273265,Elite,1,FT-Transformer,frozen_primary
BI Kellaway,T20_Blast,2024,2023,0.73304904,0.18734108,0.07960986,Batsman,,,0,0.0667,0.0161290322580645,0.3465608,0.1732804,Poor,1,FT-Transformer,frozen_primary
BJ Currie,T20_Blast,2024,2023,0.54524803,0.23148565,0.22326629,Bowler,,,0,0.2,0.1851851851851851,0.6780182299999999,0.33900911499999997,Poor,1,FT-Transformer,frozen_primary
BJ Dwarshuis,BBL,2024,2023,0.06992387,0.17908649,0.7509896,All-Rounder,77.50400000000002,1.0,3,1.0,0.5869565217391305,1.68106569,0.840532845,Elite,1,FT-Transformer,frozen_primary
BJ Dwarshuis,T20_Blast,2024,2023,0.41830796,0.23858924,0.3431028,Bowler,,,0,0.4333,0.3333333333333333,0.92479484,0.46239742,Poor,1,FT-Transformer,frozen_primary
BJ Webster,BBL,2024,2023,0.15423054,0.46808773,0.37768164,All-Rounder,48.45300000000001,0.217391304347826,3,1.0,0.5869565217391305,1.22345101,0.611725505,Average,1,FT-Transformer,frozen_primary
BL Couch,BBL,2024,2023,0.45805722,0.22388218,0.31806058,Bowler,9.16,0.09375,1,0.5,0.3333333333333333,0.86000334,0.43000167,Poor,1,FT-Transformer,frozen_primary
BL D'Oliveira,T20_Blast,2024,2023,0.065544754,0.22169013,0.7127651,All-Rounder,71.796,0.746031746031746,3,1.0,0.6190476190476191,1.6472203300000001,0.8236101650000001,Elite,1,FT-Transformer,frozen_primary
BM Duckett,BBL,2024,2023,0.56652486,0.32472846,0.10874671,Batsman,,,0,0.4,0.3444444444444444,0.54222188,0.27111094,Poor,1,FT-Transformer,frozen_primary
BM Duckett,T20_Blast,2024,2023,0.27916798,0.513928,0.20690396,Batsman,76.6875,0.974025974025974,2,1.0,0.7956989247311828,0.92773592,0.46386796,Average,1,FT-Transformer,frozen_primary
BMJ Allison,T20_Blast,2024,2023,0.62145793,0.2180983,0.1604438,Bowler,40.91666666666667,0.3870967741935484,2,0.6,0.4074074074074074,0.5389859,0.26949295,Poor,1,FT-Transformer,frozen_primary
BR McDermott,BBL,2024,2023,0.13665162,0.49025613,0.37309223,Wicketkeeper-Batsman,67.25900000000001,1.0,3,1.0,0.6153846153846154,1.23644059,0.618220295,Average,1,FT-Transformer,frozen_primary
BR McDermott,T20_Blast,2024,2023,0.120708525,0.4573746,0.42191684,Wicketkeeper-Batsman,81.72,1.0,1,1.0,0.5681818181818182,1.30120828,0.65060414,Average,1,FT-Transformer,frozen_primary
BT Slater,T20_Blast,2024,2023,0.63754445,0.2682249,0.094230644,Batsman,20.71,0.1818181818181818,1,0.3333,0.2150537634408602,0.456686188,0.228343094,Poor,1,FT-Transformer,frozen_primary
BTJ Wheal,T20_Blast,2024,2023,0.26368532,0.24109222,0.49522242,Bowler,88.30749999999998,1.0,2,1.0,0.7962962962962963,1.23153706,0.61576853,Elite,1,FT-Transformer,frozen_primary
BW Sanderson,T20_Blast,2024,2023,0.14645919,0.20199989,0.6515409,Bowler,75.31000000000003,0.7903225806451613,3,1.0,0.7962962962962963,1.50508169,0.752540845,Elite,1,FT-Transformer,frozen_primary
BWM Mike,T20_Blast,2024,2023,0.10271995,0.29079005,0.60648996,All-Rounder,64.90200000000002,0.5396825396825397,3,1.0,0.6190476190476191,1.50376997,0.751884985,Elite,1,FT-Transformer,frozen_primary
Babar Azam,PSL,2024,2023,0.1013715,0.43341076,0.46521774,Batsman,74.05600000000001,1.0,3,1.0,0.8676470588235294,1.36384624,0.68192312,Elite,1,FT-Transformer,frozen_primary
C Connolly,BBL,2024,2023,0.24189124,0.51237863,0.24573016,Batsman,42.95,0.5675675675675675,1,0.4,0.3444444444444444,1.00383895,0.501919475,Average,1,FT-Transformer,frozen_primary
C Green,IPL,2024,2023,0.09404156,0.34581277,0.5601457,Batsman,,,0,0.5333,0.3951612903225806,1.46610417,0.733052085,Elite,1,FT-Transformer,frozen_primary
C Kellaway,BBL,2024,2023,0.6846534,0.21833543,0.09701123,Batsman,,,0,0.2667,0.2222222222222222,0.41235789,0.206178945,Poor,1,FT-Transformer,frozen_primary
C McKerr,T20_Blast,2024,2023,0.50145227,0.24831891,0.25022885,Bowler,31.42,0.2741935483870967,2,0.5333,0.3888888888888889,0.74877661,0.374388305,Poor,1,FT-Transformer,frozen_primary
C Munro,BBL,2024,2023,0.19420432,0.5374492,0.26834652,Batsman,57.76200000000001,0.918918918918919,3,1.0,0.7666666666666667,1.07414224,0.53707112,Average,1,FT-Transformer,frozen_primary
C Munro,PSL,2024,2023,0.15571071,0.48050153,0.3637878,Batsman,56.293000000000006,0.64,3,1.0,0.8676470588235294,1.20807713,0.604038565,Average,1,FT-Transformer,frozen_primary
C Overton,T20_Blast,2024,2023,0.07420872,0.18844576,0.7373456,All-Rounder,81.26,0.9365079365079364,3,1.0,0.6190476190476191,1.66313696,0.83156848,Elite,1,FT-Transformer,frozen_primary
CA Ingram,T20_Blast,2024,2023,0.08562692,0.33067337,0.5836997,All-Rounder,52.162000000000006,0.3174603174603174,3,1.0,0.6190476190476191,1.49807277,0.749036385,Elite,1,FT-Transformer,frozen_primary
CA Lynn,BBL,2024,2023,0.12345482,0.44064522,0.43589997,Batsman,69.75,0.972972972972973,3,1.0,0.7666666666666667,1.31244516,0.65622258,Average,1,FT-Transformer,frozen_primary
CA Wakim,BBL,2024,2023,0.7175744,0.2057268,0.076698735,Batsman,4.35,0.081081081081081,1,0.1,0.1111111111111111,0.35912427,0.179562135,Poor,1,FT-Transformer,frozen_primary
CB Cooke,T20_Blast,2024,2023,0.10985169,0.43821043,0.45193794,Wicketkeeper-Batsman,71.084,0.7727272727272727,3,1.0,0.5681818181818182,1.34208631,0.671043155,Elite,1,FT-Transformer,frozen_primary
CD Fletcher,T20_Blast,2024,2023,0.6432703,0.27011564,0.08661402,Batsman,,,0,0.1,0.0591397849462365,0.44334368,0.22167184,Poor,1,FT-Transformer,frozen_primary
CF Parkinson,T20_Blast,2024,2023,0.06987336,0.14483802,0.78528863,All-Rounder,74.92200000000001,0.8253968253968254,3,1.0,0.6190476190476191,1.7154152800000002,0.8577076400000001,Elite,1,FT-Transformer,frozen_primary
CG Benjamin,T20_Blast,2024,2023,0.24671789,0.5399134,0.21336861,Batsman,53.84,0.6883116883116883,2,0.9667,0.5806451612903226,0.96665062,0.48332531,Average,1,FT-Transformer,frozen_primary
CG Harrison,T20_Blast,2024,2023,0.15731357,0.2783895,0.56429684,All-Rounder,70.626,0.6984126984126984,3,0.85,0.0634920634920634,1.40698318,0.70349159,Elite,1,FT-Transformer,frozen_primary
CJ Boyce,BBL,2024,2023,0.09229345,0.17295952,0.734747,Bowler,76.694,0.90625,3,1.0,0.75,1.6424535200000001,0.8212267600000001,Elite,1,FT-Transformer,frozen_primary
CJ Gannon,BBL,2024,2023,0.5011677,0.22847934,0.27035302,Bowler,9.86,0.125,1,0.7333,0.4047619047619047,0.76918538,0.38459269,Poor,1,FT-Transformer,frozen_primary
CJ Green,BBL,2024,2023,0.10935094,0.29313442,0.5975146,All-Rounder,63.94700000000001,0.6086956521739131,3,1.0,0.5869565217391305,1.48816362,0.74408181,Elite,1,FT-Transformer,frozen_primary
CJ Green,CPL,2024,2023,0.07169475,0.19578597,0.73251927,All-Rounder,73.31800000000001,0.7894736842105263,3,1.0,0.631578947368421,1.6608245099999999,0.8304122549999999,Elite,1,FT-Transformer,frozen_primary
CJ Green,T20_Blast,2024,2023,0.21065244,0.37208667,0.41726086,All-Rounder,75.6,0.873015873015873,2,0.83335,0.0476190476190476,1.20660839,0.603304195,Elite,1,FT-Transformer,frozen_primary
CJ Jordan,BBL,2024,2023,0.117001854,0.35287917,0.5301189,All-Rounder,53.23800000000001,0.391304347826087,3,0.9,0.0652173913043478,1.41311697,0.706558485,Elite,1,FT-Transformer,frozen_primary
CJ Jordan,CPL,2024,2023,0.5114924,0.20860086,0.27990675,Bowler,,,0,0.1667,0.2222222222222222,0.76841436,0.38420718,Poor,1,FT-Transformer,frozen_primary
CJ Jordan,PSL,2024,2023,0.38897625,0.24666566,0.3643581,Bowler,58.41,0.5454545454545454,1,0.9,0.75,0.97538186,0.48769093,Poor,1,FT-Transformer,frozen_primary
CJ Jordan,T20_Blast,2024,2023,0.07395682,0.2401058,0.68593735,All-Rounder,79.921,0.9206349206349206,3,1.0,0.6190476190476191,1.6119805,0.80599025,Elite,1,FT-Transformer,frozen_primary
CN Ackermann,T20_Blast,2024,2023,0.10947894,0.3826437,0.50787735,All-Rounder,52.40500000000001,0.3333333333333333,3,1.0,0.6190476190476191,1.3983984,0.6991992,Elite,1,FT-Transformer,frozen_primary
CN Miles,T20_Blast,2024,2023,0.25454834,0.23644915,0.50900245,Bowler,68.95400000000001,0.6612903225806451,3,1.0,0.7962962962962963,1.25445405,0.627227025,Elite,1,FT-Transformer,frozen_primary
CP Jewell,BBL,2024,2023,0.25141117,0.5374276,0.21116126,Batsman,49.467000000000006,0.7837837837837838,3,1.0,0.7666666666666667,0.95975012,0.47987506,Average,1,FT-Transformer,frozen_primary
CP Wood,T20_Blast,2024,2023,0.07283234,0.17678563,0.75038207,All-Rounder,86.45000000000002,0.9682539682539684,3,1.0,0.6190476190476191,1.67754977,0.838774885,Elite,1,FT-Transformer,frozen_primary
CR Brathwaite,PSL,2024,2023,0.6282532,0.23783739,0.13390936,Bowler,29.028571428571432,0.2272727272727272,2,0.4667,0.484375,0.50565611,0.252828055,Poor,1,FT-Transformer,frozen_primary
CR Woakes,T20_Blast,2024,2023,0.2276316,0.40649417,0.36587423,All-Rounder,55.26428571428572,0.4126984126984127,2,0.7666999999999999,0.0158730158730158,1.1382426300000001,0.5691213150000001,Average,1,FT-Transformer,frozen_primary
CT Bancroft,BBL,2024,2023,0.22407696,0.5349494,0.24097371,Wicketkeeper-Batsman,57.74000000000001,0.75,3,1.0,0.6153846153846154,1.01689682,0.50844841,Average,1,FT-Transformer,frozen_primary
CT Bancroft,T20_Blast,2024,2023,0.5206637,0.35520133,0.124134965,Wicketkeeper-Batsman,53.94,0.4545454545454545,1,0.6333,0.0454545454545454,0.60347126,0.30173563,Poor,1,FT-Transformer,frozen_primary
CT Steel,T20_Blast,2024,2023,0.6852752,0.22097409,0.09375066,Batsman,7.423333333333334,0.0909090909090909,2,0.3333,0.2150537634408602,0.40847541,0.204237705,Poor,1,FT-Transformer,frozen_primary
CV Varun,IPL,2024,2023,0.096310765,0.15880413,0.74488515,Bowler,75.61500000000001,0.8979591836734694,3,1.0,0.8194444444444444,1.64857443,0.824287215,Elite,1,FT-Transformer,frozen_primary
D Brevis,IPL,2024,2023,0.4677353,0.37448037,0.15778434,Batsman,,,0,0.2333,0.1854838709677419,0.69004905,0.345024525,Poor,1,FT-Transformer,frozen_primary
D Elgar,T20_Blast,2024,2023,0.5838025,0.2389752,0.17722222,Batsman,,,0,0.1,0.0591397849462365,0.59341964,0.29670982,Poor,1,FT-Transformer,frozen_primary
D Moriarty,T20_Blast,2024,2023,0.48905593,0.25506976,0.25587434,Bowler,27.261000000000003,0.2096774193548387,3,1.0,0.7962962962962963,0.76681844,0.38340922,Poor,1,FT-Transformer,frozen_primary
D Padikkal,IPL,2024,2023,0.19288298,0.53242743,0.27468953,Batsman,54.35700000000001,0.5833333333333334,3,1.0,0.7741935483870968,1.08180649,0.540903245,Average,1,FT-Transformer,frozen_primary
D Pretorius,CPL,2024,2023,0.086855255,0.19901139,0.7141334,Bowler,84.42,1.0,1,0.6,0.5740740740740741,1.6272781900000002,0.8136390950000001,Elite,1,FT-Transformer,frozen_primary
D Wiese,CPL,2024,2023,0.27193144,0.4193883,0.3086803,All-Rounder,73.38,0.8421052631578947,2,0.76665,0.0526315789473684,1.0367489,0.51837445,Average,1,FT-Transformer,frozen_primary
D Wiese,PSL,2024,2023,0.09766131,0.30824944,0.59408927,All-Rounder,58.33100000000001,0.6,3,1.0,0.75,1.49642798,0.74821399,Elite,1,FT-Transformer,frozen_primary
DA Douthwaite,T20_Blast,2024,2023,0.21498477,0.41126755,0.3737476,All-Rounder,66.25800000000001,0.5873015873015873,3,1.0,0.6190476190476191,1.15876275,0.579381375,Average,1,FT-Transformer,frozen_primary
DA Miller,CPL,2024,2023,0.44971517,0.42067355,0.12961127,Batsman,69.64,1.0,1,0.6667,0.7083333333333334,0.67989609,0.339948045,Poor,1,FT-Transformer,frozen_primary
DA Miller,IPL,2024,2023,0.16260979,0.5121112,0.32527903,Batsman,63.05600000000001,0.6875,3,1.0,0.7741935483870968,1.16266926,0.58133463,Average,1,FT-Transformer,frozen_primary
DA Payne,T20_Blast,2024,2023,0.07961394,0.15560883,0.76477724,Bowler,77.83500000000002,0.8870967741935484,3,1.0,0.7962962962962963,1.68516331,0.842581655,Elite,1,FT-Transformer,frozen_primary
DA Warner,BBL,2024,2023,0.6605989,0.2561681,0.083233036,Batsman,19.14666666666667,0.2162162162162162,2,0.3667,0.3,0.422634172,0.211317086,Poor,1,FT-Transformer,frozen_primary
DA Warner,IPL,2024,2023,0.08335405,0.3298801,0.5867659,Batsman,69.77000000000001,0.8333333333333334,3,1.0,0.7741935483870968,1.5034119,0.75170595,Elite,1,FT-Transformer,frozen_primary
DC Drakes,CPL,2024,2023,0.28993446,0.41481754,0.29524803,Bowler,55.99857142857143,0.5714285714285714,2,0.8667,0.7037037037037037,1.0053136,0.5026568,Average,1,FT-Transformer,frozen_primary
DG Bedingham,T20_Blast,2024,2023,0.52277607,0.36290297,0.114320986,Batsman,42.99,0.4545454545454545,2,0.9333,0.5591397849462365,0.591544942,0.295772471,Poor,1,FT-Transformer,frozen_primary
DG Nalkande,IPL,2024,2023,0.68618226,0.18943273,0.12438511,Bowler,7.03,0.0816326530612244,1,0.1,0.1041666666666666,0.43820295,0.219101475,Poor,1,FT-Transformer,frozen_primary
DJ Bell-Drummond,T20_Blast,2024,2023,0.114399664,0.4337245,0.4518759,Batsman,66.601,0.8701298701298701,3,1.0,0.7956989247311828,1.3374763,0.66873815,Elite,1,FT-Transformer,frozen_primary
DJ Bravo,CPL,2024,2023,0.270472,0.33545336,0.39407468,All-Rounder,37.291,0.0526315789473684,3,1.0,0.631578947368421,1.12360272,0.56180136,Elite,1,FT-Transformer,frozen_primary
DJ Hooda,IPL,2024,2023,0.5406778,0.34956157,0.1097607,Batsman,38.857000000000006,0.2708333333333333,3,1.0,0.7741935483870968,0.56908297,0.284541485,Poor,1,FT-Transformer,frozen_primary
DJ Lamb,T20_Blast,2024,2023,0.5603307,0.26611453,0.17355469,All-Rounder,51.735000000000014,0.3015873015873015,3,1.0,0.6190476190476191,0.6132239100000001,0.30661195500000005,Poor,1,FT-Transformer,frozen_primary
DJ Leech,T20_Blast,2024,2023,0.6081057,0.21315251,0.17874174,Bowler,7.03,0.032258064516129,1,0.1333,0.0802469135802469,0.57063599,0.285317995,Poor,1,FT-Transformer,frozen_primary
DJ Malan,PSL,2024,2023,0.58623946,0.30429357,0.10946706,Batsman,,,0,0.6333,0.5735294117647058,0.52322769,0.261613845,Poor,1,FT-Transformer,frozen_primary
DJ Malan,T20_Blast,2024,2023,0.11629437,0.42550418,0.4582015,Batsman,66.82900000000001,0.8831168831168831,3,1.0,0.7956989247311828,1.34190718,0.67095359,Elite,1,FT-Transformer,frozen_primary
DJ Mitchell,IPL,2024,2023,0.7112149,0.20427047,0.08451469,Batsman,,,0,0.0667,0.0403225806451612,0.37329985,0.186649925,Poor,1,FT-Transformer,frozen_primary
DJ Willey,PSL,2024,2023,0.48532298,0.25773,0.25694695,Bowler,,,0,0.2667,0.3125,0.7716239,0.38581195,Poor,1,FT-Transformer,frozen_primary
DJ Willey,T20_Blast,2024,2023,0.06347728,0.1976472,0.73887557,All-Rounder,70.94200000000001,0.7142857142857143,3,1.0,0.6190476190476191,1.67539834,0.83769917,Elite,1,FT-Transformer,frozen_primary
DJ Worrall,T20_Blast,2024,2023,0.49633604,0.25480506,0.2488589,Bowler,28.610000000000003,0.2258064516129032,2,0.6333,0.419753086419753,0.75252286,0.37626143,Poor,1,FT-Transformer,frozen_primary
DJM Short,BBL,2024,2023,0.23617442,0.51402825,0.24979731,All-Rounder,37.943000000000005,0.0869565217391304,3,1.0,0.5869565217391305,1.0136228699999998,0.5068114349999999,Average,1,FT-Transformer,frozen_primary
DL Chahar,IPL,2024,2023,0.11568884,0.18360597,0.70070523,Bowler,69.27000000000001,0.7551020408163265,2,1.0,0.8194444444444444,1.58501643,0.792508215,Elite,1,FT-Transformer,frozen_primary
DL Lloyd,T20_Blast,2024,2023,0.43563384,0.42018035,0.14418578,Batsman,58.2725,0.7792207792207793,2,1.0,0.7956989247311828,0.70855191,0.354275955,Poor,1,FT-Transformer,frozen_primary
DM Bess,T20_Blast,2024,2023,0.13417308,0.2944362,0.57139075,Bowler,63.10000000000001,0.5967741935483871,3,1.0,0.7962962962962963,1.4372177,0.71860885,Elite,1,FT-Transformer,frozen_primary
DP Sibley,T20_Blast,2024,2023,0.5528728,0.28255194,0.16457525,Batsman,,,0,1.0,0.7956989247311828,0.61170244,0.30585122,Poor,1,FT-Transformer,frozen_primary
DR Briggs,T20_Blast,2024,2023,0.08143685,0.16494606,0.75361705,Bowler,77.61300000000001,0.8387096774193549,3,1.0,0.7962962962962963,1.67218016,0.83609008,Elite,1,FT-Transformer,frozen_primary
DR Drew,BBL,2024,2023,0.68193316,0.23253793,0.08552888,Batsman,,,0,0.1,0.1111111111111111,0.40359569,0.201797845,Poor,1,FT-Transformer,frozen_primary
DR Mousley,T20_Blast,2024,2023,0.0690111,0.24702282,0.68396616,All-Rounder,46.35300000000001,0.1746031746031746,3,0.86665,0.0952380952380952,1.61495514,0.80747757,Elite,1,FT-Transformer,frozen_primary
DR Sams,BBL,2024,2023,0.08051008,0.22048047,0.6990094,All-Rounder,64.531,0.6521739130434783,3,1.0,0.5869565217391305,1.61849927,0.809249635,Elite,1,FT-Transformer,frozen_primary
DR Sams,T20_Blast,2024,2023,0.06237683,0.18886878,0.7487544,All-Rounder,88.38,1.0,1,0.93335,0.1587301587301587,1.68637758,0.84318879,Elite,1,FT-Transformer,frozen_primary
DT Christian,BBL,2024,2023,0.19938712,0.34763303,0.4529798,All-Rounder,51.1675,0.3043478260869565,2,1.0,0.5869565217391305,1.25359263,0.626796315,Elite,1,FT-Transformer,frozen_primary
DW Lawrence,BBL,2024,2023,0.38351947,0.44354913,0.17293142,Batsman,35.08,0.4324324324324324,1,0.3,0.2555555555555555,0.78941197,0.394705985,Average,1,FT-Transformer,frozen_primary
DW Lawrence,T20_Blast,2024,2023,0.10895235,0.42646745,0.46458015,All-Rounder,54.104000000000006,0.3809523809523809,3,1.0,0.6190476190476191,1.35562775,0.677813875,Elite,1,FT-Transformer,frozen_primary
DY Pennington,T20_Blast,2024,2023,0.13471936,0.20580688,0.6594738,Bowler,65.331,0.6129032258064516,3,1.0,0.7962962962962963,1.52475448,0.76237724,Elite,1,FT-Transformer,frozen_primary
Dhruv Jurel,IPL,2024,2023,0.36134186,0.47523656,0.16342154,Batsman,,,0,0.3667,0.2903225806451613,0.80207964,0.40103982,Average,1,FT-Transformer,frozen_primary
E Lewis,CPL,2024,2023,0.35675678,0.48453864,0.15870455,Batsman,43.83700000000001,0.4166666666666667,3,1.0,0.8958333333333334,0.80194774,0.40097387,Average,1,FT-Transformer,frozen_primary
EG Barnard,T20_Blast,2024,2023,0.33708653,0.38330907,0.27960438,All-Rounder,48.23100000000001,0.2063492063492063,3,1.0,0.6190476190476191,0.9425178299999999,0.47125891499999994,Average,1,FT-Transformer,frozen_primary
EJ Byrom,T20_Blast,2024,2023,0.4274796,0.43939474,0.13312575,Batsman,38.245000000000005,0.3506493506493506,3,0.9333,0.5591397849462365,0.70564624,0.35282312,Average,1,FT-Transformer,frozen_primary
EJ Pollock,T20_Blast,2024,2023,0.29370221,0.5164765,0.18982127,Batsman,44.63800000000001,0.4935064935064935,3,1.0,0.7956989247311828,0.89611904,0.44805952,Average,1,FT-Transformer,frozen_primary
F O'Neill,BBL,2024,2023,0.4628744,0.20692226,0.33020335,Bowler,,,0,0.0667,0.0595238095238095,0.86732896,0.43366448,Poor,1,FT-Transformer,frozen_primary
F du Plessis,CPL,2024,2023,0.27715075,0.5298329,0.1930164,Batsman,44.03500000000001,0.5,3,0.9667,0.75,0.9158657000000001,0.45793285000000006,Average,1,FT-Transformer,frozen_primary
F du Plessis,IPL,2024,2023,0.08028965,0.3119314,0.6077789,Batsman,83.686,0.9791666666666666,3,1.0,0.7741935483870968,1.5274892,0.7637446,Elite,1,FT-Transformer,frozen_primary
FA Allen,CPL,2024,2023,0.18237142,0.48210004,0.33552855,All-Rounder,55.31100000000001,0.2631578947368421,3,1.0,0.631578947368421,1.15315714,0.57657857,Average,1,FT-Transformer,frozen_primary
FIN Khushi,T20_Blast,2024,2023,0.20018652,0.5359398,0.26387373,Batsman,45.085,0.5064935064935064,3,0.7333,0.4677419354838709,1.06368726,0.53184363,Average,1,FT-Transformer,frozen_primary
FJ Heldreich,T20_Blast,2024,2023,0.14802654,0.2009769,0.65099657,Bowler,75.32000000000001,0.8064516129032258,2,0.9333,0.5740740740740741,1.5029700400000001,0.7514850200000001,Elite,1,FT-Transformer,frozen_primary
FJ Hudson-Prentice,T20_Blast,2024,2023,0.3375857,0.42310393,0.23931044,All-Rounder,32.09400000000001,0.0793650793650793,3,1.0,0.6190476190476191,0.90172481,0.450862405,Average,1,FT-Transformer,frozen_primary
Faheem Ashraf,PSL,2024,2023,0.07705902,0.27609757,0.6468434,All-Rounder,66.00500000000002,0.8,3,1.0,0.75,1.5697843699999998,0.7848921849999999,Elite,1,FT-Transformer,frozen_primary
Fakhar Zaman,PSL,2024,2023,0.09994647,0.37807113,0.52198243,Batsman,72.09800000000001,0.92,3,1.0,0.8676470588235294,1.42203599,0.711017995,Elite,1,FT-Transformer,frozen_primary
G Clark,T20_Blast,2024,2023,0.2082182,0.507191,0.2845909,Batsman,61.72200000000001,0.8311688311688312,3,1.0,0.7956989247311828,1.0763728,0.5381864,Average,1,FT-Transformer,frozen_primary
G Motie,CPL,2024,2023,0.09438051,0.20777917,0.69784033,Bowler,72.20666666666668,0.8571428571428571,2,0.9,0.7407407407407407,1.60345983,0.801729915,Elite,1,FT-Transformer,frozen_primary
G Stewart,T20_Blast,2024,2023,0.08690871,0.23051777,0.68257344,All-Rounder,86.85000000000001,0.984126984126984,3,1.0,0.6190476190476191,1.59566465,0.797832325,Elite,1,FT-Transformer,frozen_primary
GA Bartlett,T20_Blast,2024,2023,0.69389737,0.22068669,0.08541589,Batsman,4.115,0.0519480519480519,2,0.2333,0.1505376344086021,0.39151846999999995,0.19575923499999998,Poor,1,FT-Transformer,frozen_primary
GCH Hill,T20_Blast,2024,2023,0.67217803,0.20412783,0.12369413,Batsman,10.7825,0.1168831168831168,2,0.2667,0.1720430107526881,0.45151609000000004,0.22575804500000002,Poor,1,FT-Transformer,frozen_primary
GH Dockrell,T20_Blast,2024,2023,0.6012017,0.17227861,0.22651976,Bowler,,,0,0.1333,0.0802469135802469,0.6253181299999999,0.31265906499999996,Poor,1,FT-Transformer,frozen_primary
GH Roderick,T20_Blast,2024,2023,0.6348108,0.26793304,0.09725623,Batsman,29.16,0.2337662337662337,1,0.6,0.3870967741935484,0.4624455,0.23122275,Poor,1,FT-Transformer,frozen_primary
GHS Garton,BBL,2024,2023,0.38350496,0.2828585,0.3336366,Bowler,,,0,0.2,0.1904761904761904,0.9501317,0.47506585,Poor,1,FT-Transformer,frozen_primary
GHS Garton,T20_Blast,2024,2023,0.25551742,0.47695574,0.26752687,All-Rounder,49.11800000000001,0.238095238095238,3,0.93335,0.1587301587301587,1.0120094800000001,0.5060047400000001,Average,1,FT-Transformer,frozen_primary
GID Lavelle,T20_Blast,2024,2023,0.6927384,0.20318688,0.10407463,Batsman,,,0,0.0667,0.0161290322580645,0.41133613999999996,0.20566806999999998,Poor,1,FT-Transformer,frozen_primary
GJ Bell,T20_Blast,2024,2023,0.6733919,0.24444045,0.082167655,Batsman,14.45,0.1298701298701298,1,0.1333,0.1021505376344086,0.40877576000000004,0.20438788000000002,Poor,1,FT-Transformer,frozen_primary
GJ Maxwell,BBL,2024,2023,0.09017501,0.34829453,0.5615305,All-Rounder,67.15428571428572,0.6956521739130435,2,1.0,0.5869565217391305,1.47135553,0.735677765,Elite,1,FT-Transformer,frozen_primary
GJ Maxwell,IPL,2024,2023,0.09707421,0.3788746,0.5240512,All-Rounder,66.01000000000002,0.7272727272727273,3,1.0,0.6136363636363636,1.4269770000000002,0.7134885000000001,Elite,1,FT-Transformer,frozen_primary
GL van Buuren,T20_Blast,2024,2023,0.2200234,0.51297617,0.26700044,All-Rounder,50.42,0.2857142857142857,2,0.93335,0.1587301587301587,1.04697705,0.523488525,Average,1,FT-Transformer,frozen_primary
GLS Scrimshaw,T20_Blast,2024,2023,0.08815526,0.14914186,0.7627029,Bowler,82.882,0.967741935483871,3,1.0,0.7962962962962963,1.67454766,0.83727383,Elite,1,FT-Transformer,frozen_primary
GS Drissell,T20_Blast,2024,2023,0.59158397,0.2187938,0.18962228,Bowler,26.38,0.1935483870967742,1,0.1333,0.0802469135802469,0.59803836,0.29901918,Poor,1,FT-Transformer,frozen_primary
GS Sandhu,BBL,2024,2023,0.4518947,0.26358038,0.28452498,Bowler,48.21400000000001,0.34375,3,1.0,0.75,0.8326303399999999,0.41631516999999996,Poor,1,FT-Transformer,frozen_primary
H Kerr,BBL,2024,2023,0.3472691,0.38137907,0.27135184,All-Rounder,46.075,0.1739130434782608,3,0.9,0.0652173913043478,0.92408275,0.462041375,Average,1,FT-Transformer,frozen_primary
H Klaasen,IPL,2024,2023,0.11574452,0.455607,0.42864844,Wicketkeeper-Batsman,99.26,1.0,1,0.5667,0.2,1.31290388,0.65645194,Average,1,FT-Transformer,frozen_primary
H McKenzie,BBL,2024,2023,0.5025172,0.28642792,0.21105482,Bowler,,,0,0.1,0.1071428571428571,0.70853756,0.35426878,Poor,1,FT-Transformer,frozen_primary
H Sharma,IPL,2024,2023,0.72368073,0.16833794,0.10798131,Bowler,,,0,0.0333,0.0208333333333333,0.38430056,0.19215028,Poor,1,FT-Transformer,frozen_primary
HD Ward,T20_Blast,2024,2023,0.3871749,0.46375653,0.1490686,Batsman,48.38333333333334,0.5714285714285714,2,0.8,0.5,0.7618937299999999,0.38094686499999997,Average,1,FT-Transformer,frozen_primary
HE van der Dussen,PSL,2024,2023,0.44366267,0.42611498,0.1302224,Batsman,,,0,0.2,0.1764705882352941,0.68655978,0.34327989,Poor,1,FT-Transformer,frozen_primary
HH Pandya,IPL,2024,2023,0.07954619,0.29564118,0.6248126,All-Rounder,57.02500000000001,0.3181818181818182,3,1.0,0.6136363636363636,1.5452663800000002,0.7726331900000001,Elite,1,FT-Transformer,frozen_primary
HJ Nielsen,BBL,2024,2023,0.50551474,0.37859923,0.115886055,Wicketkeeper-Batsman,38.705000000000005,0.4166666666666667,3,0.9667,0.1538461538461538,0.61037134,0.30518567,Poor,1,FT-Transformer,frozen_primary
HJ Swindells,T20_Blast,2024,2023,0.51540273,0.37215516,0.11244214,Wicketkeeper-Batsman,33.309,0.0454545454545454,3,0.9,0.0909090909090909,0.59703944,0.29851972,Poor,1,FT-Transformer,frozen_primary
HJH Brookes,T20_Blast,2024,2023,0.088202775,0.2239201,0.6878771,All-Rounder,66.17333333333335,0.5714285714285714,2,0.8666499999999999,0.0793650793650793,1.5996743,0.79983715,Elite,1,FT-Transformer,frozen_primary
HR Walsh,CPL,2024,2023,0.41709298,0.4122494,0.17065759,Bowler,33.172000000000004,0.4285714285714285,3,1.0,0.925925925925926,0.7535645799999999,0.37678228999999996,Poor,1,FT-Transformer,frozen_primary
HRC Came,T20_Blast,2024,2023,0.1884952,0.53270113,0.27880368,Batsman,50.366666666666674,0.5974025974025974,2,0.7333,0.4677419354838709,1.09030849,0.545154245,Average,1,FT-Transformer,frozen_primary
HTRY Thornton,BBL,2024,2023,0.3100983,0.28831774,0.40158397,Bowler,66.95600000000002,0.6875,3,0.8,0.4285714285714285,1.09148568,0.54574284,Elite,1,FT-Transformer,frozen_primary
HV Patel,IPL,2024,2023,0.11873792,0.22813548,0.65312654,Bowler,76.498,0.9183673469387756,3,1.0,0.8194444444444444,1.53438856,0.76719428,Elite,1,FT-Transformer,frozen_primary
HWR Cartwright,BBL,2024,2023,0.1947039,0.50430036,0.3009957,Batsman,57.019000000000005,0.8918918918918919,3,1.0,0.7666666666666667,1.10629176,0.55314588,Average,1,FT-Transformer,frozen_primary
HZ Finch,T20_Blast,2024,2023,0.69460106,0.2262797,0.07911921,Batsman,4.004285714285714,0.0259740259740259,2,0.6667,0.4354838709677419,0.38451811999999996,0.19225905999999998,Poor,1,FT-Transformer,frozen_primary
Haider Ali,PSL,2024,2023,0.4724416,0.40709004,0.120468356,Batsman,38.992,0.24,3,1.0,0.8676470588235294,0.648026752,0.324013376,Poor,1,FT-Transformer,frozen_primary
Haris Rauf,PSL,2024,2023,0.093686625,0.1876658,0.7186476,Bowler,74.51600000000002,0.9090909090909092,3,1.0,0.90625,1.624961,0.8124805,Elite,1,FT-Transformer,frozen_primary
Harpreet Brar,IPL,2024,2023,0.23409885,0.3444993,0.4214019,Bowler,59.042,0.4897959183673469,3,0.8667,0.6180555555555556,1.1873031,0.59365155,Elite,1,FT-Transformer,frozen_primary
Harpreet Singh,IPL,2024,2023,0.6061218,0.30124566,0.09263248,Batsman,19.44,0.1041666666666666,1,0.2,0.1451612903225806,0.48651062,0.24325531,Poor,1,FT-Transformer,frozen_primary
Harshit Rana,IPL,2024,2023,0.60113335,0.20968564,0.18918104,Bowler,55.76,0.4285714285714285,1,0.2667,0.2986111111111111,0.58804772,0.29402386,Poor,1,FT-Transformer,frozen_primary
Hasan Ali,PSL,2024,2023,0.105851196,0.21125014,0.68289864,Bowler,67.95200000000001,0.7727272727272727,3,1.0,0.90625,1.57704742,0.78852371,Elite,1,FT-Transformer,frozen_primary
Hasan Ali,T20_Blast,2024,2023,0.2956849,0.26510325,0.43921188,Bowler,,,0,0.1667,0.1358024691358024,1.1435270100000001,0.5717635050000001,Elite,1,FT-Transformer,frozen_primary
Haseebullah Khan,PSL,2024,2023,0.5332243,0.3577293,0.10904638,Batsman,,,0,0.2,0.1764705882352941,0.5758220599999999,0.28791102999999996,Poor,1,FT-Transformer,frozen_primary
Hussain Talat,PSL,2024,2023,0.38652927,0.46238112,0.15108964,Batsman,43.55900000000001,0.32,3,1.0,0.8676470588235294,0.7645603999999999,0.38228019999999996,Average,1,FT-Transformer,frozen_primary
I Sharma,IPL,2024,2023,0.16953447,0.20965643,0.62080914,Bowler,59.32285714285715,0.5102040816326531,2,1.0,0.8194444444444444,1.4512747099999999,0.7256373549999999,Elite,1,FT-Transformer,frozen_primary
IG Holland,T20_Blast,2024,2023,0.6547723,0.20877369,0.13645403,Batsman,8.22,0.1038961038961039,1,0.5,0.3064516129032258,0.48168175,0.240840875,Poor,1,FT-Transformer,frozen_primary
Iftikhar Ahmed,PSL,2024,2023,0.49675462,0.3892399,0.11400542,All-Rounder,44.36000000000001,0.2,3,0.93335,0.4,0.61725074,0.30862537,Poor,1,FT-Transformer,frozen_primary
Imad Wasim,CPL,2024,2023,0.06584487,0.22346371,0.71069145,All-Rounder,78.44400000000002,0.9473684210526316,3,1.0,0.631578947368421,1.64484661,0.822423305,Elite,1,FT-Transformer,frozen_primary
Imad Wasim,PSL,2024,2023,0.06917116,0.2524667,0.67836213,All-Rounder,78.037,1.0,3,1.0,0.75,1.60919096,0.80459548,Elite,1,FT-Transformer,frozen_primary
Imran Tahir,CPL,2024,2023,0.08459625,0.19060612,0.72479767,Bowler,81.03600000000002,0.9523809523809524,3,1.0,0.925925925925926,1.6402014599999999,0.8201007299999999,Elite,1,FT-Transformer,frozen_primary
Irfan Khan,PSL,2024,2023,0.5793987,0.3209809,0.099620394,Batsman,,,0,0.2333,0.25,0.520221688,0.260110844,Poor,1,FT-Transformer,frozen_primary
Ishan Kishan,IPL,2024,2023,0.09717865,0.40815884,0.49466252,Wicketkeeper-Batsman,63.878000000000014,0.5714285714285714,3,1.0,0.6666666666666666,1.39748388,0.69874194,Elite,1,FT-Transformer,frozen_primary
J Broad,T20_Blast,2024,2023,0.44424227,0.4187449,0.13701282,Batsman,,,0,0.2,0.1290322580645161,0.6927705399999999,0.34638526999999997,Poor,1,FT-Transformer,frozen_primary
J Brown,BBL,2024,2023,0.18816863,0.5277506,0.28408074,Batsman,64.52,0.945945945945946,1,0.7667,0.4444444444444444,1.09591208,0.54795604,Average,1,FT-Transformer,frozen_primary
J Charles,CPL,2024,2023,0.16067193,0.5087553,0.33057275,Wicketkeeper-Batsman,55.19200000000001,0.3333333333333333,3,1.0,0.7142857142857143,1.1699008000000002,0.5849504000000001,Average,1,FT-Transformer,frozen_primary
J Charles,PSL,2024,2023,0.39450237,0.43522158,0.17027606,Wicketkeeper-Batsman,46.12,0.25,1,0.4,0.4,0.7757737,0.38788685,Average,1,FT-Transformer,frozen_primary
J Clark,T20_Blast,2024,2023,0.4805423,0.36462995,0.15482771,All-Rounder,26.452000000000005,0.0317460317460317,3,1.0,0.6190476190476191,0.67428537,0.337142685,Poor,1,FT-Transformer,frozen_primary
J Da Silva,CPL,2024,2023,0.67036265,0.2478676,0.08176976,Batsman,16.242000000000004,0.1666666666666666,3,0.4667,0.625,0.41140712,0.20570356,Poor,1,FT-Transformer,frozen_primary
J Edwards,BBL,2024,2023,0.15372102,0.39998955,0.44628945,Batsman,39.191428571428574,0.4864864864864865,2,1.0,0.7666666666666667,1.29256845,0.646284225,Elite,1,FT-Transformer,frozen_primary
J Fraser-McGurk,BBL,2024,2023,0.2728606,0.51882756,0.20831189,Batsman,45.44700000000001,0.6486486486486487,3,1.0,0.7666666666666667,0.93545134,0.46772567,Average,1,FT-Transformer,frozen_primary
J Hull,T20_Blast,2024,2023,0.45197204,0.24315311,0.3048749,Bowler,,,0,0.1667,0.1358024691358024,0.8529029100000001,0.42645145500000003,Poor,1,FT-Transformer,frozen_primary
J Layne,CPL,2024,2023,0.7343557,0.18454319,0.08110109,Batsman,,,0,0.0333,0.0833333333333333,0.34674537,0.173372685,Poor,1,FT-Transformer,frozen_primary
J Little,IPL,2024,2023,0.38981882,0.2078993,0.40228194,Bowler,,,0,0.3333,0.3611111111111111,1.0124631800000001,0.5062315900000001,Elite,1,FT-Transformer,frozen_primary
J Merlo,BBL,2024,2023,0.717566,0.20129111,0.08114294,Batsman,7.371428571428572,0.1081081081081081,2,0.3667,0.3,0.36357699,0.181788495,Poor,1,FT-Transformer,frozen_primary
J Overton,BBL,2024,2023,0.1031336,0.28546223,0.6114041,Bowler,,,0,0.3,0.238095238095238,1.50827043,0.754135215,Elite,1,FT-Transformer,frozen_primary
J Overton,T20_Blast,2024,2023,0.12508446,0.40051636,0.47439924,All-Rounder,52.41000000000001,0.3492063492063492,3,1.0,0.6190476190476191,1.34931484,0.67465742,Elite,1,FT-Transformer,frozen_primary
J Shaw,T20_Blast,2024,2023,0.44039232,0.37434474,0.18526292,Bowler,35.23100000000001,0.3225806451612903,3,0.9,0.5493827160493827,0.74487058,0.37243529,Poor,1,FT-Transformer,frozen_primary
J Weatherald,BBL,2024,2023,0.23353377,0.5386794,0.22778685,Batsman,44.148,0.5945945945945946,3,1.0,0.7666666666666667,0.9942531000000001,0.49712655000000006,Average,1,FT-Transformer,frozen_primary
JA Chohan,T20_Blast,2024,2023,0.2502596,0.37935168,0.37038875,Bowler,,,0,0.3667,0.3148148148148148,1.12012918,0.56006459,Average,1,FT-Transformer,frozen_primary
JA Davies,BBL,2024,2023,0.6406204,0.26895866,0.09042088,Batsman,24.84,0.2702702702702703,1,0.1667,0.1777777777777777,0.44980042,0.22490021,Poor,1,FT-Transformer,frozen_primary
JA Haynes,T20_Blast,2024,2023,0.14963925,0.5027455,0.34761533,Batsman,52.785,0.6493506493506493,3,1.0,0.7956989247311828,1.19797616,0.59898808,Average,1,FT-Transformer,frozen_primary
JA Leaning,T20_Blast,2024,2023,0.16804792,0.48054627,0.3514057,All-Rounder,45.09700000000001,0.1587301587301587,3,1.0,0.6190476190476191,1.18335767,0.591678835,Average,1,FT-Transformer,frozen_primary
JA Richardson,BBL,2024,2023,0.15518649,0.23278505,0.6120284,Bowler,59.970000000000006,0.46875,3,1.0,0.75,1.45684185,0.728420925,Elite,1,FT-Transformer,frozen_primary
JA Richardson,IPL,2024,2023,0.5492315,0.20623612,0.24453232,Bowler,,,0,0.1,0.1041666666666666,0.69530076,0.34765038,Poor,1,FT-Transformer,frozen_primary
JA Simpson,T20_Blast,2024,2023,0.31872177,0.49621442,0.18506385,Wicketkeeper-Batsman,42.42100000000001,0.1363636363636363,3,1.0,0.5681818181818182,0.86634212,0.43317106,Average,1,FT-Transformer,frozen_primary
JA Sinclair,CPL,2024,2023,0.43335506,0.33856493,0.22807999,Bowler,30.63,0.3333333333333333,1,0.3333,0.4259259259259259,0.79472491,0.397362455,Poor,1,FT-Transformer,frozen_primary
JA Thompson,T20_Blast,2024,2023,0.07300733,0.21738471,0.70960796,All-Rounder,74.22100000000002,0.8095238095238095,3,1.0,0.6190476190476191,1.63660063,0.818300315,Elite,1,FT-Transformer,frozen_primary
JA Turner,T20_Blast,2024,2023,0.09028046,0.17075169,0.73896784,Bowler,,,0,0.3667,0.3148148148148148,1.6486873700000002,0.8243436850000001,Elite,1,FT-Transformer,frozen_primary
JB Cracknell,T20_Blast,2024,2023,0.19520508,0.5339282,0.27086666,Batsman,53.8,0.6753246753246753,3,1.0,0.7956989247311828,1.07566152,0.53783076,Average,1,FT-Transformer,frozen_primary
JB Lintott,T20_Blast,2024,2023,0.12289305,0.22940126,0.6477057,Bowler,73.72200000000001,0.7096774193548387,3,1.0,0.7962962962962963,1.52481266,0.76240633,Elite,1,FT-Transformer,frozen_primary
JC Archer,T20_Blast,2024,2023,0.20419928,0.25051942,0.5452813,Bowler,5.55,0.0161290322580645,1,1.0,0.7962962962962963,1.34108202,0.67054101,Elite,1,FT-Transformer,frozen_primary
JC Buttler,IPL,2024,2023,0.09481929,0.3977231,0.5074577,Wicketkeeper-Batsman,82.799,0.9285714285714286,3,1.0,0.6666666666666666,1.4126385,0.70631925,Elite,1,FT-Transformer,frozen_primary
JC Silk,BBL,2024,2023,0.27735126,0.5284781,0.19417062,Batsman,50.726000000000006,0.8108108108108109,3,1.0,0.7666666666666667,0.91681934,0.45840967,Average,1,FT-Transformer,frozen_primary
JD Libby,T20_Blast,2024,2023,0.5842543,0.30563775,0.110107936,Batsman,42.1675,0.4155844155844156,2,1.0,0.7956989247311828,0.525853622,0.262926811,Poor,1,FT-Transformer,frozen_primary
JD Unadkat,IPL,2024,2023,0.50807005,0.30790704,0.18402292,Bowler,26.537,0.2040816326530612,3,1.0,0.8194444444444444,0.6759528800000001,0.33797644000000004,Poor,1,FT-Transformer,frozen_primary
JDM Evison,T20_Blast,2024,2023,0.38016656,0.44214222,0.17769118,Bowler,49.27,0.4838709677419355,1,0.2667,0.2345679012345679,0.7975245799999999,0.39876228999999996,Average,1,FT-Transformer,frozen_primary
JDS Neesham,T20_Blast,2024,2023,0.16274503,0.39948037,0.43777466,All-Rounder,73.55,0.7619047619047619,2,1.0,0.6190476190476191,1.27502969,0.637514845,Elite,1,FT-Transformer,frozen_primary
JE Root,T20_Blast,2024,2023,0.58342034,0.31326824,0.10331144,Batsman,21.8075,0.1948051948051948,2,0.6,0.3870967741935484,0.51989112,0.25994556,Poor,1,FT-Transformer,frozen_primary
JG Bethell,T20_Blast,2024,2023,0.42526007,0.38850683,0.1862331,Batsman,39.16333333333334,0.3636363636363636,2,0.6,0.3870967741935484,0.76097303,0.380486515,Poor,1,FT-Transformer,frozen_primary
JH Davey,T20_Blast,2024,2023,0.11754425,0.2610592,0.62139654,Bowler,72.80600000000001,0.6935483870967742,3,1.0,0.7962962962962963,1.50385228,0.75192614,Elite,1,FT-Transformer,frozen_primary
JH Wharton,T20_Blast,2024,2023,0.41336152,0.44848245,0.13815606,Batsman,49.15,0.5844155844155844,1,0.2667,0.1720430107526881,0.72479457,0.362397285,Average,1,FT-Transformer,frozen_primary
JJ Bazley,BBL,2024,2023,0.4485597,0.31706136,0.23437898,All-Rounder,49.92100000000001,0.2608695652173913,3,1.0,0.5869565217391305,0.78581932,0.39290966,Poor,1,FT-Transformer,frozen_primary
JJ Bohannon,T20_Blast,2024,2023,0.7178082,0.20541614,0.076775685,Batsman,4.057,0.0389610389610389,3,0.5667,0.3440860215053763,0.35896751,0.179483755,Poor,1,FT-Transformer,frozen_primary
JJ Bumrah,IPL,2024,2023,0.16945384,0.2033544,0.6271917,Bowler,82.3775,0.9591836734693876,2,1.0,0.8194444444444444,1.4577378,0.7288689,Elite,1,FT-Transformer,frozen_primary
JJ Bushnell,T20_Blast,2024,2023,0.46350214,0.40009615,0.13640173,Batsman,6.32,0.0779220779220779,1,0.1,0.0591397849462365,0.67289961,0.336449805,Poor,1,FT-Transformer,frozen_primary
JJ Cobb,T20_Blast,2024,2023,0.24908842,0.49089327,0.2600183,All-Rounder,45.038,0.1428571428571428,3,1.0,0.6190476190476191,1.01092987,0.505464935,Average,1,FT-Transformer,frozen_primary
JJ Peirson,BBL,2024,2023,0.48214892,0.39487633,0.1229748,Wicketkeeper-Batsman,34.69800000000001,0.25,3,1.0,0.6153846153846154,0.64082593,0.320412965,Poor,1,FT-Transformer,frozen_primary
JJ Roy,PSL,2024,2023,0.2073064,0.5409531,0.25174046,Batsman,68.44333333333334,0.88,2,0.9333,0.7058823529411765,1.04443402,0.52221701,Average,1,FT-Transformer,frozen_primary
JJ Roy,T20_Blast,2024,2023,0.21566883,0.499169,0.28516215,Batsman,36.343,0.3116883116883117,3,1.0,0.7956989247311828,1.0694933,0.53474665,Average,1,FT-Transformer,frozen_primary
JJ Weatherley,T20_Blast,2024,2023,0.14792,0.473765,0.3783151,Batsman,61.29200000000001,0.8051948051948052,3,1.0,0.7956989247311828,1.2303952,0.6151976,Average,1,FT-Transformer,frozen_primary
JJS Sangha,BBL,2024,2023,0.6576521,0.25686234,0.08548556,Batsman,18.952000000000005,0.1891891891891892,3,0.9667,0.5111111111111111,0.42783346,0.21391673,Poor,1,FT-Transformer,frozen_primary
JK Fuller,T20_Blast,2024,2023,0.09821585,0.31265634,0.5891278,All-Rounder,66.12700000000001,0.5555555555555556,3,1.0,0.6190476190476191,1.49091194,0.74545597,Elite,1,FT-Transformer,frozen_primary
JL Denly,T20_Blast,2024,2023,0.09625816,0.3800311,0.5237107,All-Rounder,52.72500000000001,0.365079365079365,3,1.0,0.6190476190476191,1.4274525,0.71372625,Elite,1,FT-Transformer,frozen_primary
JL Smith,T20_Blast,2024,2023,0.29792586,0.5171912,0.18488294,Wicketkeeper-Batsman,42.11000000000001,0.0909090909090909,3,1.0,0.5681818181818182,0.88695708,0.44347854,Average,1,FT-Transformer,frozen_primary
JL du Plooy,T20_Blast,2024,2023,0.365294,0.47911844,0.1555875,Batsman,61.39700000000001,0.8181818181818182,3,1.0,0.7956989247311828,0.7902934399999999,0.39514671999999995,Average,1,FT-Transformer,frozen_primary
JLB Davies,T20_Blast,2024,2023,0.33455274,0.49817422,0.16727313,Batsman,46.32333333333334,0.5324675324675324,2,0.8,0.5,0.83272048,0.41636024,Average,1,FT-Transformer,frozen_primary
JM Bairstow,IPL,2024,2023,0.31727135,0.5020877,0.1806409,Wicketkeeper-Batsman,57.8475,0.2857142857142857,2,1.0,0.6666666666666666,0.8633695,0.43168475,Average,1,FT-Transformer,frozen_primary
JM Bird,BBL,2024,2023,0.22865531,0.26172918,0.5096155,Bowler,66.73100000000001,0.65625,3,1.0,0.75,1.2809601800000001,0.6404800900000001,Elite,1,FT-Transformer,frozen_primary
JM Blatherwick,T20_Blast,2024,2023,0.34479713,0.3582258,0.29697707,Bowler,,,0,0.1667,0.1358024691358024,0.95217994,0.47608997,Average,1,FT-Transformer,frozen_primary
JM Clarke,BBL,2024,2023,0.28140208,0.52650636,0.19209157,Wicketkeeper-Batsman,50.00000000000001,0.5,3,1.0,0.6153846153846154,0.9106894999999999,0.45534474999999996,Average,1,FT-Transformer,frozen_primary
JM Clarke,T20_Blast,2024,2023,0.09450303,0.39652744,0.5089695,Wicketkeeper-Batsman,77.79600000000002,0.9090909090909092,3,1.0,0.5681818181818182,1.41446644,0.70723322,Elite,1,FT-Transformer,frozen_primary
JM Coles,T20_Blast,2024,2023,0.46959218,0.3578127,0.17259505,Batsman,,,0,0.3333,0.2150537634408602,0.7030027999999999,0.35150139999999996,Poor,1,FT-Transformer,frozen_primary
JM Cox,T20_Blast,2024,2023,0.124069944,0.47061887,0.40531117,Wicketkeeper-Batsman,77.92700000000002,0.9545454545454546,3,1.0,0.5681818181818182,1.2812412100000001,0.6406206050000001,Average,1,FT-Transformer,frozen_primary
JM De Caires,T20_Blast,2024,2023,0.32290572,0.38970807,0.28738624,Bowler,23.773333333333333,0.1612903225806451,2,0.3,0.2654320987654321,0.96448055,0.482240275,Average,1,FT-Transformer,frozen_primary
JM James,CPL,2024,2023,0.5209276,0.22798935,0.25108305,Bowler,7.81,0.0952380952380952,1,0.1,0.1296296296296296,0.7301554499999999,0.36507772499999996,Poor,1,FT-Transformer,frozen_primary
JM Sharma,IPL,2024,2023,0.15884088,0.50159496,0.3395642,Wicketkeeper-Batsman,56.0,0.2142857142857142,1,0.8,0.2666666666666666,1.18072336,0.59036168,Average,1,FT-Transformer,frozen_primary
JM Vince,BBL,2024,2023,0.20642863,0.5324947,0.2610767,Batsman,51.08500000000001,0.8378378378378378,3,1.0,0.7666666666666667,1.0546481,0.52732405,Average,1,FT-Transformer,frozen_primary
JM Vince,PSL,2024,2023,0.2604857,0.5375968,0.20191737,Batsman,46.57200000000001,0.44,3,1.0,0.8676470588235294,0.94143154,0.47071577,Average,1,FT-Transformer,frozen_primary
JM Vince,T20_Blast,2024,2023,0.08762404,0.34765396,0.56472194,Batsman,87.83200000000001,1.0,3,1.0,0.7956989247311828,1.4770978399999999,0.7385489199999999,Elite,1,FT-Transformer,frozen_primary
JMR Taylor,T20_Blast,2024,2023,0.4592861,0.41052097,0.13019292,Batsman,43.18000000000001,0.4675324675324675,3,1.0,0.7956989247311828,0.67090681,0.335453405,Poor,1,FT-Transformer,frozen_primary
JN Hamilton,CPL,2024,2023,0.70750844,0.20119153,0.09129997,Batsman,,,0,0.1667,0.4583333333333333,0.38379147,0.191895735,Poor,1,FT-Transformer,frozen_primary
JNT Seales,CPL,2024,2023,0.5225385,0.24971765,0.22774385,Bowler,31.876000000000005,0.3809523809523809,3,0.6333,0.6481481481481481,0.70520535,0.352602675,Poor,1,FT-Transformer,frozen_primary
JO Holder,CPL,2024,2023,0.08909266,0.23634452,0.6745628,All-Rounder,69.98700000000001,0.7368421052631579,3,1.0,0.631578947368421,1.58547012,0.79273506,Elite,1,FT-Transformer,frozen_primary
JP Behrendorff,BBL,2024,2023,0.08687598,0.1547101,0.75841385,Bowler,81.63000000000001,0.96875,3,1.0,0.75,1.6715377999999999,0.8357688999999999,Elite,1,FT-Transformer,frozen_primary
JP Greaves,CPL,2024,2023,0.6169186,0.27630296,0.10677836,Batsman,8.873333333333335,0.0833333333333333,2,0.3,0.5833333333333334,0.48985968,0.24492984,Poor,1,FT-Transformer,frozen_primary
JP Inglis,BBL,2024,2023,0.14035659,0.49139023,0.36825317,Wicketkeeper-Batsman,62.940000000000005,0.9166666666666666,3,1.0,0.6153846153846154,1.22789657,0.613948285,Average,1,FT-Transformer,frozen_primary
JP McIlroy,T20_Blast,2024,2023,0.1626503,0.20526229,0.6320874,Bowler,77.24,0.8225806451612904,1,0.5,0.3703703703703703,1.46943709,0.734718545,Elite,1,FT-Transformer,frozen_primary
JP Wood,BBL,2024,2023,0.59964883,0.20762108,0.1927301,Bowler,3.82,0.0625,1,0.0667,0.0595238095238095,0.59308128,0.29654064,Poor,1,FT-Transformer,frozen_primary
JR Doran,BBL,2024,2023,0.6577793,0.2265787,0.115642026,Batsman,,,0,0.1667,0.1777777777777777,0.457862752,0.228931376,Poor,1,FT-Transformer,frozen_primary
JR Philippe,BBL,2024,2023,0.13670284,0.4790319,0.38426527,Wicketkeeper-Batsman,57.46200000000001,0.6666666666666666,3,1.0,0.6153846153846154,1.24756244,0.62378122,Average,1,FT-Transformer,frozen_primary
JS Louis,CPL,2024,2023,0.5968233,0.18731622,0.21586052,Bowler,,,0,0.1667,0.2222222222222222,0.61903726,0.30951863,Poor,1,FT-Transformer,frozen_primary
JS Paris,BBL,2024,2023,0.39589888,0.25712225,0.34697887,Bowler,54.62600000000001,0.4375,3,1.0,0.75,0.95107999,0.475539995,Poor,1,FT-Transformer,frozen_primary
JT Ball,T20_Blast,2024,2023,0.16768633,0.19508968,0.637224,Bowler,74.24800000000002,0.7580645161290323,3,1.0,0.7962962962962963,1.46953768,0.73476884,Elite,1,FT-Transformer,frozen_primary
JW Wells,BBL,2024,2023,0.58547544,0.31857297,0.09595151,Batsman,49.41000000000001,0.7567567567567568,3,1.0,0.7666666666666667,0.51047599,0.255237995,Poor,1,FT-Transformer,frozen_primary
James Bracey,T20_Blast,2024,2023,0.409782,0.44978178,0.14043623,Wicketkeeper-Batsman,44.440000000000005,0.2272727272727272,3,1.0,0.5681818181818182,0.73065424,0.36532712,Average,1,FT-Transformer,frozen_primary
Jaskaran Singh,T20_Blast,2024,2023,0.70762473,0.16276844,0.12960686,Bowler,,,0,0.0667,0.0246913580246913,0.42198216,0.21099108,Poor,1,FT-Transformer,frozen_primary
K Alleyne,CPL,2024,2023,0.61742455,0.27357388,0.10900151,Bowler,4.9,0.0476190476190476,1,0.1,0.1296296296296296,0.4915769,0.24578845,Poor,1,FT-Transformer,frozen_primary
K Gowtham,IPL,2024,2023,0.2192215,0.4212531,0.35952544,All-Rounder,49.17333333333334,0.1818181818181818,2,0.95,0.1363636363636363,1.1403039799999999,0.5701519899999999,Average,1,FT-Transformer,frozen_primary
K Pierre,CPL,2024,2023,0.21163554,0.2762104,0.5121541,Bowler,49.443000000000005,0.5238095238095238,3,1.0,0.925925925925926,1.3005186,0.6502593,Elite,1,FT-Transformer,frozen_primary
K Pitman,CPL,2024,2023,0.5295385,0.1998329,0.27062863,Bowler,,,0,0.0667,0.074074074074074,0.7410901599999999,0.37054507999999997,Poor,1,FT-Transformer,frozen_primary
K Rabada,IPL,2024,2023,0.20075347,0.25976676,0.5394798,Bowler,68.56600000000002,0.7346938775510204,3,1.0,0.8194444444444444,1.33872636,0.66936318,Elite,1,FT-Transformer,frozen_primary
K Sinclair,CPL,2024,2023,0.5409556,0.23269108,0.22635324,Bowler,14.589999999999998,0.1428571428571428,2,0.2667,0.3333333333333333,0.68539756,0.34269878,Poor,1,FT-Transformer,frozen_primary
KA Anderson,CPL,2024,2023,0.6722528,0.245834,0.08191318,Batsman,,,0,0.1,0.2916666666666667,0.40966036,0.20483018,Poor,1,FT-Transformer,frozen_primary
KA Pollard,CPL,2024,2023,0.14422636,0.45912045,0.3966532,All-Rounder,40.51900000000001,0.1052631578947368,3,1.0,0.631578947368421,1.25242685,0.626213425,Average,1,FT-Transformer,frozen_primary
KA Pollard,PSL,2024,2023,0.17576662,0.5124285,0.3118049,All-Rounder,64.62,0.7,1,0.8833500000000001,0.2,1.1360383,0.56801915,Average,1,FT-Transformer,frozen_primary
KD Karthik,IPL,2024,2023,0.13199668,0.4545264,0.41347697,Wicketkeeper-Batsman,59.06400000000001,0.4285714285714285,3,1.0,0.6666666666666666,1.2814803399999999,0.6407401699999999,Average,1,FT-Transformer,frozen_primary
KH Pandya,IPL,2024,2023,0.07258076,0.22213498,0.70528424,All-Rounder,59.65000000000001,0.3636363636363636,3,1.0,0.6136363636363636,1.63270346,0.81635173,Elite,1,FT-Transformer,frozen_primary
KHM James,CPL,2024,2023,0.69373286,0.22528549,0.080981694,Batsman,,,0,0.0333,0.0833333333333333,0.387248878,0.193624439,Poor,1,FT-Transformer,frozen_primary
KK Ahmed,IPL,2024,2023,0.16585925,0.21360609,0.6205346,Bowler,66.75600000000001,0.673469387755102,3,1.0,0.8194444444444444,1.4546752900000002,0.7273376450000001,Elite,1,FT-Transformer,frozen_primary
KK Jennings,T20_Blast,2024,2023,0.23153636,0.4674167,0.30104688,All-Rounder,49.82999999999999,0.2698412698412698,2,0.98335,0.2222222222222222,1.06951046,0.53475523,Average,1,FT-Transformer,frozen_primary
KL Rahul,IPL,2024,2023,0.114713475,0.44996953,0.43531704,Wicketkeeper-Batsman,72.049,0.7857142857142857,3,1.0,0.6666666666666666,1.32060361,0.660301805,Average,1,FT-Transformer,frozen_primary
KMA Paul,CPL,2024,2023,0.18205273,0.49244052,0.32550672,All-Rounder,62.26000000000001,0.4736842105263157,3,1.0,0.631578947368421,1.14345396,0.57172698,Average,1,FT-Transformer,frozen_primary
KO Wickham,CPL,2024,2023,0.72715616,0.19662152,0.0762223,Batsman,,,0,0.0667,0.2083333333333333,0.34906612000000004,0.17453306000000002,Poor,1,FT-Transformer,frozen_primary
KR Mayers,CPL,2024,2023,0.18629633,0.5001552,0.31354848,All-Rounder,56.214,0.3684210526315789,3,1.0,0.631578947368421,1.12725216,0.56362608,Average,1,FT-Transformer,frozen_primary
KR Patterson,BBL,2024,2023,0.58903694,0.3153155,0.09564754,Batsman,27.070000000000004,0.2972972972972973,3,1.0,0.7666666666666667,0.50661058,0.25330529,Poor,1,FT-Transformer,frozen_primary
KR Sen,IPL,2024,2023,0.6476419,0.20250216,0.14985593,Bowler,6.91,0.0612244897959183,1,0.3,0.3263888888888889,0.50221402,0.25110701,Poor,1,FT-Transformer,frozen_primary
KS Carlson,T20_Blast,2024,2023,0.25845453,0.52922153,0.212324,Batsman,55.51200000000001,0.7142857142857143,3,1.0,0.7956989247311828,0.9538695300000001,0.47693476500000004,Average,1,FT-Transformer,frozen_primary
KS Williamson,IPL,2024,2023,0.47661576,0.3870246,0.13635957,Batsman,46.35,0.375,2,1.0,0.7741935483870968,0.65974374,0.32987187,Poor,1,FT-Transformer,frozen_primary
KU Carty,CPL,2024,2023,0.5369726,0.3553365,0.10769095,Batsman,17.46,0.25,1,0.1333,0.375,0.5707184,0.2853592,Poor,1,FT-Transformer,frozen_primary
KV Sharma,IPL,2024,2023,0.30757284,0.25822085,0.43420637,All-Rounder,65.69,0.6818181818181818,1,1.0,0.6136363636363636,1.12663359,0.563316795,Elite,1,FT-Transformer,frozen_primary
KW Richardson,BBL,2024,2023,0.22821277,0.2863367,0.48545057,All-Rounder,67.44000000000001,0.7391304347826086,3,1.0,0.5869565217391305,1.2572378400000002,0.6286189200000001,Elite,1,FT-Transformer,frozen_primary
Kamran Ghulam,PSL,2024,2023,0.5602898,0.33103672,0.108673476,Batsman,36.75666666666668,0.2,2,0.6333,0.5735294117647058,0.548383672,0.274191836,Poor,1,FT-Transformer,frozen_primary
Kartik Tyagi,IPL,2024,2023,0.61217076,0.21797825,0.16985098,Bowler,16.782000000000004,0.1632653061224489,3,0.6333,0.5486111111111112,0.55768021,0.278840105,Poor,1,FT-Transformer,frozen_primary
Kashif Ali,T20_Blast,2024,2023,0.391165,0.46225682,0.14657807,Batsman,42.76,0.4415584415584415,1,0.7,0.4516129032258064,0.75541296,0.37770648,Average,1,FT-Transformer,frozen_primary
Khurram Shahzad,PSL,2024,2023,0.55778724,0.23638394,0.20582879,Bowler,22.673333333333336,0.1363636363636363,2,0.3333,0.390625,0.64804152,0.32402076,Poor,1,FT-Transformer,frozen_primary
Khushdil Shah,PSL,2024,2023,0.22898977,0.50078374,0.2702265,All-Rounder,45.86200000000001,0.3,3,0.9,0.3,1.04123674,0.52061837,Average,1,FT-Transformer,frozen_primary
Kuldeep Yadav,IPL,2024,2023,0.09742111,0.18719186,0.715387,Bowler,73.56666666666668,0.8367346938775511,2,1.0,0.8194444444444444,1.61796586,0.80898293,Elite,1,FT-Transformer,frozen_primary
L Gregory,T20_Blast,2024,2023,0.06828234,0.20120777,0.7305098,All-Rounder,71.79400000000001,0.7301587301587301,3,1.0,0.6190476190476191,1.66222737,0.831113685,Elite,1,FT-Transformer,frozen_primary
L Pope,BBL,2024,2023,0.34247053,0.2402387,0.41729078,Bowler,65.28142857142859,0.5625,2,1.0,0.75,1.0748202599999999,0.5374101299999999,Elite,1,FT-Transformer,frozen_primary
L Scott,BBL,2024,2023,0.6686973,0.1947799,0.13652278,Batsman,1.88,0.027027027027027,1,0.1,0.1111111111111111,0.46782546,0.23391273,Poor,1,FT-Transformer,frozen_primary
L Wood,PSL,2024,2023,0.5805449,0.17202854,0.24742658,Bowler,,,0,0.0333,0.046875,0.6668817,0.33344085,Poor,1,FT-Transformer,frozen_primary
L Wood,T20_Blast,2024,2023,0.07907493,0.16846523,0.7524599,Bowler,77.78900000000002,0.8709677419354839,3,1.0,0.7962962962962963,1.67338503,0.836692515,Elite,1,FT-Transformer,frozen_primary
LA Dawson,T20_Blast,2024,2023,0.06760265,0.21182182,0.7205755,All-Rounder,75.87800000000001,0.8888888888888888,3,1.0,0.6190476190476191,1.65297282,0.82648641,Elite,1,FT-Transformer,frozen_primary
LBK Hollman,T20_Blast,2024,2023,0.08808747,0.27900732,0.63290524,All-Rounder,64.468,0.5079365079365079,3,1.0,0.6190476190476191,1.5448178000000001,0.7724089000000001,Elite,1,FT-Transformer,frozen_primary
LD McManus,T20_Blast,2024,2023,0.2801775,0.50896955,0.21085295,Wicketkeeper-Batsman,46.143000000000015,0.2727272727272727,3,1.0,0.5681818181818182,0.9306754500000001,0.46533772500000004,Average,1,FT-Transformer,frozen_primary
LH Ferguson,IPL,2024,2023,0.3574358,0.33597603,0.3065881,Bowler,38.90200000000001,0.3061224489795918,3,1.0,0.8194444444444444,0.9491522299999999,0.47457611499999997,Poor,1,FT-Transformer,frozen_primary
LJ Evans,BBL,2024,2023,0.22335854,0.538396,0.23824547,Batsman,75.16,1.0,1,0.6333,0.4,1.01488694,0.50744347,Average,1,FT-Transformer,frozen_primary
LJ Evans,PSL,2024,2023,0.6886891,0.21283093,0.098479964,Batsman,,,0,0.1667,0.1029411764705882,0.40979085800000004,0.20489542900000002,Poor,1,FT-Transformer,frozen_primary
LJ Evans,T20_Blast,2024,2023,0.09460527,0.37746555,0.5279292,Batsman,67.62200000000001,0.8961038961038961,3,1.0,0.7956989247311828,1.43332395,0.716661975,Elite,1,FT-Transformer,frozen_primary
LJ Fletcher,T20_Blast,2024,2023,0.45058772,0.27324656,0.27616566,Bowler,31.605000000000004,0.2903225806451613,3,1.0,0.7962962962962963,0.82557788,0.41278894,Poor,1,FT-Transformer,frozen_primary
LM Reece,T20_Blast,2024,2023,0.20649287,0.5153475,0.2781596,All-Rounder,46.90300000000001,0.1904761904761904,3,1.0,0.6190476190476191,1.0716667,0.53583335,Average,1,FT-Transformer,frozen_primary
LP Goldsworthy,T20_Blast,2024,2023,0.5344053,0.30515668,0.16043803,Bowler,66.04999999999998,0.6451612903225806,2,0.7667,0.4938271604938271,0.6260327400000001,0.31301637000000004,Poor,1,FT-Transformer,frozen_primary
LPJ Kimber,T20_Blast,2024,2023,0.5079218,0.37857455,0.11350362,Batsman,43.92666666666667,0.4805194805194805,2,0.5667,0.3440860215053763,0.60558179,0.302790895,Poor,1,FT-Transformer,frozen_primary
LR Morris,BBL,2024,2023,0.2004009,0.2548577,0.5447414,Bowler,66.162,0.625,3,0.9,0.4523809523809524,1.3443405000000002,0.6721702500000001,Elite,1,FT-Transformer,frozen_primary
LS Livingstone,IPL,2024,2023,0.2451333,0.53290766,0.22195905,Batsman,62.728,0.6666666666666666,3,1.0,0.7741935483870968,0.97682576,0.48841288,Average,1,FT-Transformer,frozen_primary
LS Livingstone,T20_Blast,2024,2023,0.07766283,0.29468596,0.62765115,All-Rounder,62.61900000000001,0.4603174603174603,3,1.0,0.6190476190476191,1.5499882600000001,0.7749941300000001,Elite,1,FT-Transformer,frozen_primary
LW James,T20_Blast,2024,2023,0.63500446,0.26932406,0.095671535,Batsman,29.25333333333333,0.2597402597402597,2,0.4333,0.2688172043010752,0.46066713,0.230333565,Poor,1,FT-Transformer,frozen_primary
LWP Wells,T20_Blast,2024,2023,0.08625717,0.31283197,0.6009109,All-Rounder,64.08000000000001,0.492063492063492,3,0.93335,0.1587301587301587,1.51465377,0.757326885,Elite,1,FT-Transformer,frozen_primary
Lalit Yadav,IPL,2024,2023,0.6319003,0.2710924,0.09700726,Batsman,40.30666666666667,0.3333333333333333,2,0.6333,0.4193548387096774,0.46510692,0.23255346,Poor,1,FT-Transformer,frozen_primary
M Bryant,BBL,2024,2023,0.381354,0.4706966,0.14794937,Batsman,42.07400000000001,0.5405405405405406,3,1.0,0.7666666666666667,0.7665953400000001,0.38329767000000003,Average,1,FT-Transformer,frozen_primary
M Gilkes,BBL,2024,2023,0.652003,0.26374376,0.08425327,Batsman,27.453000000000007,0.3243243243243243,3,1.0,0.7666666666666667,0.4322503,0.21612515,Poor,1,FT-Transformer,frozen_primary
M Jansen,IPL,2024,2023,0.18788114,0.24730438,0.5648145,Bowler,62.82333333333334,0.5714285714285714,2,0.6,0.5277777777777778,1.37693338,0.68846669,Elite,1,FT-Transformer,frozen_primary
M Kelly,BBL,2024,2023,0.30640134,0.2660326,0.42756605,Bowler,75.6925,0.84375,2,1.0,0.75,1.1211647,0.56058235,Elite,1,FT-Transformer,frozen_primary
M Labuschagne,BBL,2024,2023,0.5787671,0.32379204,0.09744079,Batsman,22.863000000000003,0.2432432432432432,3,0.8667,0.4888888888888889,0.51867362,0.25933681,Poor,1,FT-Transformer,frozen_primary
M Labuschagne,T20_Blast,2024,2023,0.41385105,0.42315918,0.16298974,Batsman,47.45,0.5584415584415584,1,0.4333,0.2688172043010752,0.7491386600000001,0.37456933000000003,Average,1,FT-Transformer,frozen_primary
M Markande,IPL,2024,2023,0.12605518,0.27093065,0.60301423,Bowler,47.342000000000006,0.3877551020408163,3,1.0,0.8194444444444444,1.47695911,0.738479555,Elite,1,FT-Transformer,frozen_primary
M Montgomery,T20_Blast,2024,2023,0.3248719,0.49523324,0.17989491,Batsman,,,0,0.5,0.3064516129032258,0.85502306,0.42751153,Average,1,FT-Transformer,frozen_primary
M Pathirana,IPL,2024,2023,0.13845925,0.17497876,0.686562,Bowler,80.23,0.9387755102040816,1,0.4667,0.4652777777777778,1.54810276,0.77405138,Elite,1,FT-Transformer,frozen_primary
M Perry,BBL,2024,2023,0.5791576,0.18036546,0.240477,Bowler,,,0,0.0333,0.0238095238095238,0.66131946,0.33065973,Poor,1,FT-Transformer,frozen_primary
M Shahrukh Khan,IPL,2024,2023,0.32715347,0.49945587,0.17339067,Batsman,45.23,0.3541666666666667,2,1.0,0.7741935483870968,0.84623721,0.423118605,Average,1,FT-Transformer,frozen_primary
M Theekshana,IPL,2024,2023,0.12538075,0.20904644,0.6655728,Bowler,65.58,0.6530612244897959,1,0.7333,0.5694444444444444,1.54019204,0.77009602,Elite,1,FT-Transformer,frozen_primary
M de Lange,T20_Blast,2024,2023,0.2792094,0.3891841,0.33160648,Bowler,36.14500000000001,0.3387096774193548,3,1.0,0.7962962962962963,1.0523970599999999,0.5261985299999999,Average,1,FT-Transformer,frozen_primary
MA Agarwal,IPL,2024,2023,0.16544499,0.5128752,0.32167986,Batsman,51.522000000000006,0.4791666666666667,3,1.0,0.7741935483870968,1.15623492,0.57811746,Average,1,FT-Transformer,frozen_primary
MA Jones,T20_Blast,2024,2023,0.19234769,0.52799547,0.27965686,Batsman,52.7,0.6363636363636364,1,0.8333,0.521505376344086,1.08730919,0.543654595,Average,1,FT-Transformer,frozen_primary
MA Starc,IPL,2024,2023,0.31229112,0.23987202,0.44783682,Bowler,,,0,0.8667,0.6180555555555556,1.13554566,0.56777283,Elite,1,FT-Transformer,frozen_primary
MC Henriques,BBL,2024,2023,0.17101744,0.49270767,0.33627495,All-Rounder,52.23000000000001,0.3478260869565217,3,1.0,0.5869565217391305,1.16525757,0.582628785,Average,1,FT-Transformer,frozen_primary
MD Stoneman,T20_Blast,2024,2023,0.53918207,0.3468094,0.11400852,Batsman,23.18,0.2077922077922078,1,1.0,0.7956989247311828,0.57482644,0.28741322,Poor,1,FT-Transformer,frozen_primary
MD Taylor,T20_Blast,2024,2023,0.21865606,0.30641812,0.47492576,Bowler,41.239,0.4032258064516129,3,1.0,0.7962962962962963,1.25626964,0.62813482,Elite,1,FT-Transformer,frozen_primary
MDE Holden,T20_Blast,2024,2023,0.13317756,0.45544642,0.411376,Batsman,65.674,0.8441558441558441,3,1.0,0.7956989247311828,1.27819842,0.63909921,Average,1,FT-Transformer,frozen_primary
MG Neser,BBL,2024,2023,0.089899786,0.23423818,0.6758621,All-Rounder,69.49600000000001,0.782608695652174,3,1.0,0.5869565217391305,1.58596238,0.79298119,Elite,1,FT-Transformer,frozen_primary
MG Neser,T20_Blast,2024,2023,0.35502598,0.29602346,0.34895054,Bowler,,,0,0.3,0.2654320987654321,0.99392454,0.49696227,Poor,1,FT-Transformer,frozen_primary
MJ Guptill,PSL,2024,2023,0.22128807,0.5336825,0.2450294,Batsman,60.65,0.76,1,0.5,0.4558823529411764,1.0237413,0.51187065,Average,1,FT-Transformer,frozen_primary
MJ Henry,IPL,2024,2023,0.5786898,0.17444906,0.24686113,Bowler,,,0,0.0667,0.0486111111111111,0.66817132,0.33408566,Poor,1,FT-Transformer,frozen_primary
MJ Leach,T20_Blast,2024,2023,0.48807663,0.18458647,0.3273369,Bowler,,,0,0.0667,0.0246913580246913,0.83926027,0.419630135,Poor,1,FT-Transformer,frozen_primary
MJ Owen,BBL,2024,2023,0.7228435,0.19866222,0.0784942,Batsman,18.034,0.1621621621621621,3,0.3,0.2555555555555555,0.35565062000000003,0.17782531000000001,Poor,1,FT-Transformer,frozen_primary
MJ Potts,T20_Blast,2024,2023,0.18882832,0.26246208,0.5487096,Bowler,74.33,0.7741935483870968,1,1.0,0.7962962962962963,1.35988128,0.67994064,Elite,1,FT-Transformer,frozen_primary
MJ Santner,IPL,2024,2023,0.5196543,0.27628574,0.20405997,Bowler,40.44333333333334,0.3265306122448979,2,0.5,0.4930555555555556,0.68440568,0.34220284,Poor,1,FT-Transformer,frozen_primary
MJ Swepson,BBL,2024,2023,0.14552829,0.27820215,0.5762695,Bowler,64.32600000000002,0.53125,3,1.0,0.75,1.43074115,0.715370575,Elite,1,FT-Transformer,frozen_primary
MJ Waite,T20_Blast,2024,2023,0.6484191,0.24016516,0.1114158,Bowler,29.421000000000006,0.2419354838709677,3,0.8333,0.5308641975308642,0.46299676,0.23149838,Poor,1,FT-Transformer,frozen_primary
MJJ Critchley,T20_Blast,2024,2023,0.06332367,0.18701403,0.7496622,All-Rounder,76.79500000000002,0.9047619047619048,3,1.0,0.6190476190476191,1.68633843,0.843169215,Elite,1,FT-Transformer,frozen_primary
MK Andersson,T20_Blast,2024,2023,0.17078282,0.30588078,0.5233364,All-Rounder,49.17333333333335,0.2539682539682539,2,0.96665,0.2063492063492063,1.3525535800000001,0.6762767900000001,Elite,1,FT-Transformer,frozen_primary
MK Lomror,IPL,2024,2023,0.45912266,0.40741548,0.13346192,Batsman,38.64900000000001,0.2291666666666666,3,0.8333,0.4919354838709677,0.6743393200000001,0.33716966000000004,Poor,1,FT-Transformer,frozen_primary
MK O'Riordan,T20_Blast,2024,2023,0.47247514,0.23618643,0.2913384,Bowler,21.79,0.1451612903225806,1,0.1,0.0493827160493827,0.81886323,0.409431615,Poor,1,FT-Transformer,frozen_primary
MK Pandey,IPL,2024,2023,0.28439012,0.5190187,0.1965911,Batsman,38.870000000000005,0.2916666666666667,3,1.0,0.7741935483870968,0.9122009,0.45610045,Average,1,FT-Transformer,frozen_primary
ML Revis,T20_Blast,2024,2023,0.09682379,0.29938886,0.60378736,Bowler,50.28333333333335,0.5161290322580645,2,0.9333,0.5740740740740741,1.5069635799999999,0.7534817899999999,Elite,1,FT-Transformer,frozen_primary
MM Ali,IPL,2024,2023,0.09228957,0.33639494,0.57131547,All-Rounder,65.25400000000002,0.6363636363636364,3,1.0,0.6136363636363636,1.47902588,0.73951294,Elite,1,FT-Transformer,frozen_primary
MM Ali,T20_Blast,2024,2023,0.16000555,0.42291692,0.4170775,All-Rounder,41.87100000000001,0.1269841269841269,3,1.0,0.6190476190476191,1.25707192,0.62853596,Average,1,FT-Transformer,frozen_primary
MM Sharma,IPL,2024,2023,0.08470769,0.14624245,0.7690498,Bowler,93.09,1.0,1,1.0,0.8194444444444444,1.68434205,0.842171025,Elite,1,FT-Transformer,frozen_primary
MP Dunn,T20_Blast,2024,2023,0.5670107,0.20483392,0.22815534,Bowler,19.44,0.0967741935483871,1,0.7333,0.4691358024691358,0.6611446000000001,0.33057230000000004,Poor,1,FT-Transformer,frozen_primary
MP Kuhnemann,BBL,2024,2023,0.15832204,0.21561359,0.6260644,Bowler,72.22200000000001,0.78125,3,1.0,0.75,1.46774239,0.733871195,Elite,1,FT-Transformer,frozen_primary
MP Stoinis,BBL,2024,2023,0.19101468,0.51250815,0.29647717,All-Rounder,42.83200000000001,0.1304347826086956,3,1.0,0.5869565217391305,1.10546249,0.552731245,Average,1,FT-Transformer,frozen_primary
MP Stoinis,IPL,2024,2023,0.10730196,0.41030517,0.4823929,All-Rounder,56.351,0.2727272727272727,3,1.0,0.6136363636363636,1.37509097,0.687545485,Elite,1,FT-Transformer,frozen_primary
MR Marsh,BBL,2024,2023,0.29389843,0.40409383,0.3020078,All-Rounder,74.96,0.8695652173913043,1,1.0,0.5869565217391305,1.00810943,0.504054715,Average,1,FT-Transformer,frozen_primary
MR Marsh,IPL,2024,2023,0.14513037,0.4373716,0.41749802,All-Rounder,61.80666666666667,0.5,2,1.0,0.6136363636363636,1.2723676400000001,0.6361838200000001,Average,1,FT-Transformer,frozen_primary
MS Crane,T20_Blast,2024,2023,0.3861957,0.2570781,0.3567262,Bowler,62.67200000000001,0.5806451612903226,3,1.0,0.7962962962962963,0.9705305,0.48526525,Poor,1,FT-Transformer,frozen_primary
MS Dhoni,IPL,2024,2023,0.14622124,0.46220422,0.3915746,Wicketkeeper-Batsman,58.44800000000001,0.3571428571428571,3,1.0,0.6666666666666666,1.24535342,0.62267671,Average,1,FT-Transformer,frozen_primary
MS Harris,BBL,2024,2023,0.65240645,0.26227376,0.08531988,Batsman,4.026666666666667,0.054054054054054,2,1.0,0.7666666666666667,0.43291352000000005,0.21645676000000003,Poor,1,FT-Transformer,frozen_primary
MS Pepper,T20_Blast,2024,2023,0.13369608,0.48982278,0.37648115,Batsman,69.909,0.922077922077922,3,1.0,0.7956989247311828,1.24278508,0.62139254,Average,1,FT-Transformer,frozen_primary
MS Wade,BBL,2024,2023,0.16441602,0.50952005,0.3260639,Wicketkeeper-Batsman,59.65400000000001,0.8333333333333334,3,1.0,0.6153846153846154,1.16164785,0.580823925,Average,1,FT-Transformer,frozen_primary
MS Wade,IPL,2024,2023,0.631775,0.27388614,0.094338864,Wicketkeeper-Batsman,39.74,0.0714285714285714,1,0.4333,0.1333333333333333,0.462563868,0.231281934,Poor,1,FT-Transformer,frozen_primary
MT Renshaw,BBL,2024,2023,0.29589757,0.5022092,0.20189327,Batsman,46.580000000000005,0.7027027027027027,3,1.0,0.7666666666666667,0.90599574,0.45299787,Average,1,FT-Transformer,frozen_primary
MT Stanley,T20_Blast,2024,2023,0.57448685,0.22840188,0.19711122,Bowler,8.62,0.0483870967741935,1,0.2,0.1851851851851851,0.62262432,0.31131216,Poor,1,FT-Transformer,frozen_primary
MT Steketee,BBL,2024,2023,0.51818424,0.22639783,0.25541788,Bowler,38.935,0.3125,3,1.0,0.75,0.73723359,0.368616795,Poor,1,FT-Transformer,frozen_primary
MW Forde,CPL,2024,2023,0.20725054,0.28832215,0.50442725,Bowler,71.22,0.8095238095238095,1,0.4333,0.4814814814814814,1.29717665,0.648588325,Elite,1,FT-Transformer,frozen_primary
MW Harvey,BBL,2024,2023,0.6515098,0.26423523,0.084254965,Batsman,15.315000000000005,0.1351351351351351,3,1.0,0.7666666666666667,0.43274515999999996,0.21637257999999998,Poor,1,FT-Transformer,frozen_primary
MW Parkinson,T20_Blast,2024,2023,0.35381475,0.27101198,0.37517324,Bowler,58.355,0.5483870967741935,3,1.0,0.7962962962962963,1.02135846,0.51067923,Elite,1,FT-Transformer,frozen_primary
MW Short,BBL,2024,2023,0.074722715,0.2943842,0.63089305,All-Rounder,74.691,0.8260869565217391,3,1.0,0.5869565217391305,1.5561702999999998,0.7780851499999999,Elite,1,FT-Transformer,frozen_primary
Mayank Dagar,IPL,2024,2023,0.5606625,0.1870505,0.25228697,Bowler,,,0,0.1,0.1041666666666666,0.69162444,0.34581222,Poor,1,FT-Transformer,frozen_primary
Miles Hammond,T20_Blast,2024,2023,0.22370112,0.53034496,0.24595402,Batsman,46.41400000000001,0.5454545454545454,3,1.0,0.7956989247311828,1.022253,0.5111265,Average,1,FT-Transformer,frozen_primary
Mir Hamza,PSL,2024,2023,0.5818126,0.23168515,0.18650226,Bowler,22.323333333333338,0.0909090909090909,2,0.4,0.4375,0.60468967,0.302344835,Poor,1,FT-Transformer,frozen_primary
Mirza Baig,PSL,2024,2023,0.3239048,0.5030149,0.1730802,Batsman,,,0,0.3333,0.3088235294117647,0.8491753,0.42458765,Average,1,FT-Transformer,frozen_primary
Mohammad Amir,CPL,2024,2023,0.09244488,0.1936277,0.71392745,Bowler,80.99666666666667,0.9047619047619048,2,0.9333,0.7962962962962963,1.6214826,0.8107413,Elite,1,FT-Transformer,frozen_primary
Mohammad Amir,PSL,2024,2023,0.1507328,0.21423408,0.6350331,Bowler,62.44714285714286,0.6818181818181818,2,1.0,0.90625,1.48430028,0.74215014,Elite,1,FT-Transformer,frozen_primary
Mohammad Amir,T20_Blast,2024,2023,0.26099953,0.24330291,0.49569765,Bowler,47.49,0.4516129032258064,1,0.7667,0.4938271604938271,1.23469821,0.617349105,Elite,1,FT-Transformer,frozen_primary
Mohammad Amir Khan,PSL,2024,2023,0.56186837,0.19443594,0.2436957,Bowler,,,0,0.1333,0.171875,0.68182734,0.34091367,Poor,1,FT-Transformer,frozen_primary
Mohammad Haris,PSL,2024,2023,0.18345083,0.5203522,0.296197,Batsman,67.71,0.84,1,0.5333,0.5,1.1127462000000001,0.5563731000000001,Average,1,FT-Transformer,frozen_primary
Mohammad Hasnain,BBL,2024,2023,0.2985116,0.27446738,0.427021,Bowler,,,0,0.1667,0.1547619047619047,1.12850938,0.56425469,Elite,1,FT-Transformer,frozen_primary
Mohammad Hasnain,PSL,2024,2023,0.26200595,0.26017377,0.47782034,Bowler,51.347000000000016,0.4090909090909091,3,1.0,0.90625,1.21581445,0.607907225,Elite,1,FT-Transformer,frozen_primary
Mohammad Imran,PSL,2024,2023,0.49744064,0.21474828,0.28781116,Bowler,34.7375,0.3181818181818182,2,0.4667,0.484375,0.7903706,0.3951853,Poor,1,FT-Transformer,frozen_primary
Mohammad Nabi,IPL,2024,2023,0.3929547,0.31258273,0.2944625,Bowler,24.79,0.1836734693877551,1,0.5667,0.5138888888888888,0.9015077300000001,0.45075386500000003,Poor,1,FT-Transformer,frozen_primary
Mohammad Nawaz,PSL,2024,2023,0.13189068,0.31379074,0.55431855,Bowler,58.38666666666667,0.5,2,0.6333,0.53125,1.4224278399999999,0.7112139199999999,Elite,1,FT-Transformer,frozen_primary
Mohammad Rizwan,PSL,2024,2023,0.098667525,0.4219858,0.47934663,Wicketkeeper-Batsman,92.898,1.0,3,1.0,0.8,1.38067906,0.69033953,Elite,1,FT-Transformer,frozen_primary
Mohammad Wasim,PSL,2024,2023,0.20893702,0.3102859,0.48077708,Bowler,59.43000000000001,0.5909090909090909,2,0.8333,0.6875,1.2718400600000002,0.6359200300000001,Elite,1,FT-Transformer,frozen_primary
Mohammed Siraj,IPL,2024,2023,0.0911618,0.16493315,0.74390507,Bowler,75.36,0.8571428571428571,3,1.0,0.8194444444444444,1.6527432899999999,0.8263716449999999,Elite,1,FT-Transformer,frozen_primary
Mohsin Khan,IPL,2024,2023,0.5242253,0.24677064,0.22900411,Bowler,31.43,0.2653061224489796,1,0.4333,0.4305555555555556,0.70477886,0.35238943,Poor,1,FT-Transformer,frozen_primary
Muhammad Akhlaq,PSL,2024,2023,0.43513846,0.42917943,0.13568203,Batsman,5.913333333333334,0.04,2,0.2333,0.25,0.70054349,0.350271745,Poor,1,FT-Transformer,frozen_primary
Mukesh Choudhary,IPL,2024,2023,0.40036502,0.26236948,0.33726552,Bowler,,,0,0.4333,0.4305555555555556,0.93690052,0.46845026,Poor,1,FT-Transformer,frozen_primary
Mukesh Kumar,IPL,2024,2023,0.36980468,0.25640452,0.3737908,Bowler,,,0,0.3333,0.3611111111111111,1.00398612,0.50199306,Elite,1,FT-Transformer,frozen_primary
Mustafizur Rahman,IPL,2024,2023,0.46306676,0.23705229,0.299881,Bowler,35.342,0.2857142857142857,3,1.0,0.8194444444444444,0.83681429,0.418407145,Poor,1,FT-Transformer,frozen_primary
N McAndrew,BBL,2024,2023,0.12769806,0.3078896,0.5644123,All-Rounder,61.91200000000001,0.5217391304347826,3,1.0,0.5869565217391305,1.4367142,0.7183571,Elite,1,FT-Transformer,frozen_primary
N McAndrew,T20_Blast,2024,2023,0.2776943,0.35830522,0.36400044,Bowler,,,0,0.2333,0.2160493827160493,1.0863060999999998,0.5431530499999999,Elite,1,FT-Transformer,frozen_primary
N Pooran,CPL,2024,2023,0.14685556,0.4983738,0.3547707,Wicketkeeper-Batsman,62.00400000000001,0.5,3,1.0,0.7142857142857143,1.2079152,0.6039576,Average,1,FT-Transformer,frozen_primary
N Pooran,IPL,2024,2023,0.12674795,0.47505027,0.39820173,Wicketkeeper-Batsman,71.97900000000001,0.7142857142857143,3,1.0,0.6666666666666666,1.27145373,0.635726865,Average,1,FT-Transformer,frozen_primary
N Rana,IPL,2024,2023,0.14982575,0.4927903,0.3573839,Batsman,63.29200000000001,0.7083333333333334,3,1.0,0.7741935483870968,1.2075581,0.60377905,Average,1,FT-Transformer,frozen_primary
N Wadhera,IPL,2024,2023,0.26583087,0.52839446,0.20577466,Batsman,,,0,0.3333,0.25,0.93994378,0.46997189,Average,1,FT-Transformer,frozen_primary
NA McSweeney,BBL,2024,2023,0.32214054,0.503033,0.17482643,Batsman,40.245000000000005,0.5135135135135135,3,0.6,0.3777777777777777,0.85268586,0.42634293,Average,1,FT-Transformer,frozen_primary
NA Sowter,T20_Blast,2024,2023,0.07082556,0.15532544,0.77384895,Bowler,83.74200000000003,0.9838709677419356,3,1.0,0.7962962962962963,1.7030233399999999,0.8515116699999999,Elite,1,FT-Transformer,frozen_primary
NR Hobson,BBL,2024,2023,0.56891745,0.33132935,0.09975326,Batsman,31.202000000000005,0.3783783783783784,3,0.6667,0.4222222222222222,0.53083587,0.265417935,Poor,1,FT-Transformer,frozen_primary
NRJ Young,CPL,2024,2023,0.6603592,0.23255153,0.107089326,Bowler,28.28100000000001,0.238095238095238,3,0.5667,0.5185185185185185,0.44673018200000003,0.22336509100000002,Poor,1,FT-Transformer,frozen_primary
NRT Gubbins,T20_Blast,2024,2023,0.53714913,0.28096947,0.18188138,Batsman,1.8675,0.0129870129870129,2,1.0,0.7956989247311828,0.64473223,0.322366115,Poor,1,FT-Transformer,frozen_primary
NT Ellis,BBL,2024,2023,0.08235182,0.20438519,0.71326303,All-Rounder,75.958,0.9565217391304348,3,1.0,0.5869565217391305,1.63091125,0.815455625,Elite,1,FT-Transformer,frozen_primary
NT Ellis,IPL,2024,2023,0.26396787,0.2530519,0.48298022,Bowler,52.14333333333334,0.4081632653061224,2,0.5,0.4930555555555556,1.21901234,0.60950617,Elite,1,FT-Transformer,frozen_primary
Naseem Shah,PSL,2024,2023,0.2403077,0.25185964,0.50783265,Bowler,61.532,0.6363636363636364,3,0.9667,0.78125,1.26752494,0.63376247,Elite,1,FT-Transformer,frozen_primary
Naveen-ul-Haq,CPL,2024,2023,0.45203602,0.24105567,0.30690828,Bowler,63.04,0.7142857142857143,1,0.6333,0.6481481481481481,0.85487223,0.427436115,Poor,1,FT-Transformer,frozen_primary
Naveen-ul-Haq,IPL,2024,2023,0.25852942,0.2602124,0.48125815,Bowler,,,0,0.2333,0.2569444444444444,1.2227287,0.61136435,Elite,1,FT-Transformer,frozen_primary
Naveen-ul-Haq,PSL,2024,2023,0.3795592,0.40840283,0.21203804,Bowler,,,0,0.1333,0.171875,0.8324789100000001,0.41623945500000004,Average,1,FT-Transformer,frozen_primary
Nikhil Chaudhary,BBL,2024,2023,0.2373695,0.50518537,0.25744507,Batsman,,,0,0.1667,0.1777777777777777,1.0200755099999999,0.5100377549999999,Average,1,FT-Transformer,frozen_primary
Nithish Kumar Reddy,IPL,2024,2023,0.7226514,0.16713537,0.110213175,Bowler,,,0,0.0667,0.0486111111111111,0.38756172,0.19378086,Poor,1,FT-Transformer,frozen_primary
Noor Ahmad,IPL,2024,2023,0.14089073,0.21563786,0.6434714,Bowler,,,0,0.4333,0.4305555555555556,1.50258066,0.75129033,Elite,1,FT-Transformer,frozen_primary
O Davies,BBL,2024,2023,0.4144968,0.44954276,0.13596037,Batsman,46.10000000000001,0.6756756756756757,3,1.0,0.7666666666666667,0.7214635,0.36073175,Average,1,FT-Transformer,frozen_primary
OB Cox,T20_Blast,2024,2023,0.21134654,0.52287424,0.26577926,Wicketkeeper-Batsman,49.15700000000001,0.3181818181818182,3,1.0,0.5681818181818182,1.05443276,0.52721638,Average,1,FT-Transformer,frozen_primary
OC McCoy,CPL,2024,2023,0.32958883,0.2801593,0.39025185,Bowler,56.117,0.6190476190476191,3,1.0,0.925925925925926,1.060663,0.5303315,Elite,1,FT-Transformer,frozen_primary
OE Robinson,T20_Blast,2024,2023,0.41039103,0.26955566,0.32005334,Bowler,48.65,0.4677419354838709,1,1.0,0.7962962962962963,0.90966234,0.45483117,Poor,1,FT-Transformer,frozen_primary
OF Smith,CPL,2024,2023,0.25121275,0.44162023,0.30716705,All-Rounder,60.17900000000001,0.4210526315789473,3,0.95,0.1578947368421052,1.05595433,0.527977165,Average,1,FT-Transformer,frozen_primary
OG Robinson,T20_Blast,2024,2023,0.12979423,0.47839922,0.39180657,Wicketkeeper-Batsman,66.56300000000002,0.6363636363636364,3,1.0,0.5681818181818182,1.26201236,0.63100618,Average,1,FT-Transformer,frozen_primary
OJ Carter,T20_Blast,2024,2023,0.40492395,0.45000982,0.1450663,Batsman,29.18666666666667,0.2467532467532467,2,0.3333,0.2150537634408602,0.74014242,0.37007121,Average,1,FT-Transformer,frozen_primary
OJ Pope,T20_Blast,2024,2023,0.41410962,0.44507703,0.14081341,Batsman,35.4225,0.2987012987012987,2,1.0,0.7956989247311828,0.72670385,0.363351925,Average,1,FT-Transformer,frozen_primary
OJ Price,T20_Blast,2024,2023,0.24629813,0.39383927,0.35986263,Bowler,,,0,0.3,0.2654320987654321,1.11356453,0.556782265,Average,1,FT-Transformer,frozen_primary
OP Stone,T20_Blast,2024,2023,0.50200164,0.24358588,0.2544124,Bowler,30.173333333333336,0.2580645161290322,2,1.0,0.7962962962962963,0.75241068,0.37620534,Poor,1,FT-Transformer,frozen_primary
Omair Yousuf,PSL,2024,2023,0.38642824,0.46407732,0.1494944,Batsman,,,0,0.0667,0.0441176470588235,0.76306612,0.38153306,Average,1,FT-Transformer,frozen_primary
P Coughlin,T20_Blast,2024,2023,0.39142862,0.39311174,0.21545969,All-Rounder,27.456000000000003,0.0476190476190476,3,1.0,0.6190476190476191,0.82403112,0.41201556,Average,1,FT-Transformer,frozen_primary
P Hatzoglou,BBL,2024,2023,0.4654982,0.2912641,0.2432377,Bowler,32.76200000000001,0.28125,3,1.0,0.75,0.7777395,0.38886975,Poor,1,FT-Transformer,frozen_primary
P Simran Singh,IPL,2024,2023,0.20001341,0.5353115,0.26467496,Batsman,38.178,0.2083333333333333,3,0.6667,0.4354838709677419,1.0646614200000002,0.5323307100000001,Average,1,FT-Transformer,frozen_primary
PBB Rajapaksa,CPL,2024,2023,0.403884,0.45395705,0.14215893,Batsman,,,0,0.1333,0.375,0.7382749099999999,0.36913745499999995,Average,1,FT-Transformer,frozen_primary
PD Salt,IPL,2024,2023,0.22594616,0.5287935,0.24526036,Wicketkeeper-Batsman,,,0,0.3,0.0666666666666666,1.01931422,0.50965711,Average,1,FT-Transformer,frozen_primary
PD Salt,T20_Blast,2024,2023,0.13456678,0.4758177,0.38961554,Wicketkeeper-Batsman,64.122,0.5454545454545454,3,1.0,0.5681818181818182,1.25504878,0.62752439,Average,1,FT-Transformer,frozen_primary
PI Walter,BBL,2024,2023,0.10714787,0.25616437,0.6366878,Bowler,,,0,0.3667,0.2857142857142857,1.52953997,0.764769985,Elite,1,FT-Transformer,frozen_primary
PI Walter,T20_Blast,2024,2023,0.075864844,0.27842823,0.645707,All-Rounder,63.964000000000006,0.4761904761904761,3,1.0,0.6190476190476191,1.5698422300000001,0.7849211150000001,Elite,1,FT-Transformer,frozen_primary
PJ Cummins,IPL,2024,2023,0.29384115,0.37143457,0.33472434,All-Rounder,61.35,0.4545454545454545,2,0.98335,0.1818181818181818,1.04088325,0.520441625,Average,1,FT-Transformer,frozen_primary
PM Siddle,BBL,2024,2023,0.37076712,0.2482988,0.38093412,Bowler,49.93400000000001,0.40625,3,1.0,0.75,1.01016704,0.50508352,Elite,1,FT-Transformer,frozen_primary
PP Chawla,IPL,2024,2023,0.07022355,0.14080134,0.7889752,All-Rounder,82.90714285714287,0.9545454545454546,2,1.0,0.6136363636363636,1.71875174,0.85937587,Elite,1,FT-Transformer,frozen_primary
PP Shaw,IPL,2024,2023,0.298625,0.5182917,0.1830833,Batsman,49.88600000000001,0.4375,3,1.0,0.7741935483870968,0.8844583,0.44222915,Average,1,FT-Transformer,frozen_primary
PR Brown,T20_Blast,2024,2023,0.101715825,0.16687623,0.731408,Bowler,79.23666666666668,0.935483870967742,2,1.0,0.7962962962962963,1.6296922299999999,0.8148461149999999,Elite,1,FT-Transformer,frozen_primary
PR Stirling,T20_Blast,2024,2023,0.37221578,0.45432678,0.17345744,All-Rounder,22.695000000000004,0.0158730158730158,3,1.0,0.6190476190476191,0.80124166,0.40062083,Average,1,FT-Transformer,frozen_primary
PSP Handscomb,BBL,2024,2023,0.5772136,0.31872833,0.10405809,Wicketkeeper-Batsman,9.047000000000002,0.0833333333333333,3,1.0,0.6153846153846154,0.52684451,0.263422255,Poor,1,FT-Transformer,frozen_primary
PSP Handscomb,T20_Blast,2024,2023,0.37667307,0.47300598,0.15032098,Wicketkeeper-Batsman,43.43,0.1818181818181818,1,1.0,0.5681818181818182,0.77364794,0.38682397,Average,1,FT-Transformer,frozen_primary
PVD Chameera,IPL,2024,2023,0.36622372,0.30501583,0.32876045,Bowler,,,0,0.4,0.4027777777777778,0.96253673,0.481268365,Poor,1,FT-Transformer,frozen_primary
PWA Mulder,T20_Blast,2024,2023,0.28121445,0.50991356,0.20887198,Batsman,51.4,0.6103896103896104,1,0.5667,0.3440860215053763,0.92765752,0.46382876,Average,1,FT-Transformer,frozen_primary
Q de Kock,CPL,2024,2023,0.49310207,0.3829405,0.12395738,Wicketkeeper-Batsman,,,0,0.2333,0.1428571428571428,0.63085526,0.31542763,Poor,1,FT-Transformer,frozen_primary
Q de Kock,IPL,2024,2023,0.17460942,0.5174662,0.30792442,Wicketkeeper-Batsman,52.18400000000001,0.1428571428571428,3,1.0,0.6666666666666666,1.1333150399999998,0.5666575199999999,Average,1,FT-Transformer,frozen_primary
R Ashwin,IPL,2024,2023,0.066616826,0.17002231,0.7633608,All-Rounder,70.989,0.8181818181818182,3,1.0,0.6136363636363636,1.69674391,0.848371955,Elite,1,FT-Transformer,frozen_primary
R Dhawan,IPL,2024,2023,0.48543686,0.32760185,0.18696128,All-Rounder,44.71333333333334,0.1363636363636363,2,0.8666499999999999,0.0454545454545454,0.70152441,0.350762205,Poor,1,FT-Transformer,frozen_primary
R Parag,IPL,2024,2023,0.64758795,0.26211601,0.09029598,Batsman,36.278000000000006,0.1666666666666666,3,1.0,0.7741935483870968,0.44270797,0.221353985,Poor,1,FT-Transformer,frozen_primary
R Powell,CPL,2024,2023,0.29633316,0.50969166,0.19397521,Batsman,55.45500000000001,0.8333333333333334,3,1.0,0.8958333333333334,0.89764208,0.44882104,Average,1,FT-Transformer,frozen_primary
R Powell,IPL,2024,2023,0.6676014,0.24742256,0.08497608,Batsman,8.35,0.0416666666666666,1,0.5,0.3709677419354839,0.41737472,0.20868736,Poor,1,FT-Transformer,frozen_primary
R Powell,PSL,2024,2023,0.4959468,0.3829869,0.12106624,Batsman,53.13,0.6,1,0.5,0.4558823529411764,0.62511938,0.31255969,Poor,1,FT-Transformer,frozen_primary
R Sai Kishore,IPL,2024,2023,0.5004763,0.19026457,0.30925912,Bowler,,,0,0.1667,0.1736111111111111,0.80878281,0.404391405,Poor,1,FT-Transformer,frozen_primary
R Shepherd,CPL,2024,2023,0.08427857,0.25041032,0.66531116,All-Rounder,78.709,1.0,3,1.0,0.631578947368421,1.58103264,0.79051632,Elite,1,FT-Transformer,frozen_primary
R Shepherd,IPL,2024,2023,0.5748705,0.27537084,0.14975862,Bowler,0.0,0.0204081632653061,1,0.1,0.1041666666666666,0.57488808,0.28744404,Poor,1,FT-Transformer,frozen_primary
R Tewatia,IPL,2024,2023,0.3913939,0.43776697,0.17083909,All-Rounder,40.61200000000001,0.0909090909090909,3,1.0,0.6136363636363636,0.7794451499999999,0.38972257499999996,Average,1,FT-Transformer,frozen_primary
R Vasconcelos,T20_Blast,2024,2023,0.14116858,0.4956474,0.36318406,Wicketkeeper-Batsman,74.53714285714285,0.8181818181818182,2,1.0,0.5681818181818182,1.22201552,0.61100776,Average,1,FT-Transformer,frozen_primary
RA Clarke,CPL,2024,2023,0.6534965,0.26250184,0.084001645,Batsman,,,0,0.0667,0.2083333333333333,0.43050513,0.215252565,Poor,1,FT-Transformer,frozen_primary
RA Jadeja,IPL,2024,2023,0.06181594,0.16558027,0.77260387,All-Rounder,74.09500000000001,0.9090909090909092,3,1.0,0.6136363636363636,1.71078801,0.855394005,Elite,1,FT-Transformer,frozen_primary
RA Reifer,CPL,2024,2023,0.4205804,0.43110743,0.1483122,All-Rounder,44.94600000000001,0.1578947368421052,3,1.0,0.631578947368421,0.72773183,0.363865915,Average,1,FT-Transformer,frozen_primary
RA Tripathi,IPL,2024,2023,0.14822589,0.46475375,0.38702038,Batsman,59.099,0.6041666666666666,3,1.0,0.7741935483870968,1.23879451,0.619397255,Average,1,FT-Transformer,frozen_primary
RA Whiteley,T20_Blast,2024,2023,0.5202427,0.36528224,0.11447506,Batsman,37.69500000000001,0.3246753246753247,3,1.0,0.7956989247311828,0.59423236,0.29711618,Poor,1,FT-Transformer,frozen_primary
RD Chahar,IPL,2024,2023,0.13320552,0.21497785,0.65181667,Bowler,66.95700000000002,0.6938775510204082,3,1.0,0.8194444444444444,1.5186111899999999,0.7593055949999999,Elite,1,FT-Transformer,frozen_primary
RD Gaikwad,IPL,2024,2023,0.09840574,0.42305177,0.47854245,Batsman,72.91300000000001,0.8958333333333334,3,1.0,0.7741935483870968,1.38013667,0.690068335,Elite,1,FT-Transformer,frozen_primary
RE van der Merwe,T20_Blast,2024,2023,0.088092,0.22876,0.683148,All-Rounder,73.688,0.7777777777777778,3,1.0,0.6190476190476191,1.595056,0.797528,Elite,1,FT-Transformer,frozen_primary
RF Higgins,T20_Blast,2024,2023,0.069090016,0.24157682,0.68933314,All-Rounder,67.21300000000001,0.6031746031746031,3,1.0,0.6190476190476191,1.6202431,0.81012155,Elite,1,FT-Transformer,frozen_primary
RG Sharma,IPL,2024,2023,0.104026064,0.39554143,0.50043255,Batsman,53.674000000000014,0.5208333333333334,3,1.0,0.7741935483870968,1.39640653,0.698203265,Elite,1,FT-Transformer,frozen_primary
RI Walker,T20_Blast,2024,2023,0.55340433,0.2505525,0.19604316,Bowler,24.195000000000004,0.1774193548387097,3,0.4667,0.3518518518518518,0.6426388199999999,0.32131940999999997,Poor,1,FT-Transformer,frozen_primary
RJ Burns,T20_Blast,2024,2023,0.61806196,0.29048726,0.09145078,Batsman,33.47749999999999,0.2857142857142857,2,1.0,0.7956989247311828,0.47338882000000004,0.23669441000000002,Poor,1,FT-Transformer,frozen_primary
RJ Das,T20_Blast,2024,2023,0.20755258,0.5353006,0.25714687,Batsman,42.04333333333334,0.4025974025974026,2,0.5333,0.3225806451612903,1.04959434,0.52479717,Average,1,FT-Transformer,frozen_primary
RJ Gleeson,T20_Blast,2024,2023,0.33725297,0.24574028,0.41700676,Bowler,74.22749999999999,0.7419354838709677,2,1.0,0.7962962962962963,1.0797538,0.5398769,Elite,1,FT-Transformer,frozen_primary
RJW Topley,IPL,2024,2023,0.5151163,0.21220715,0.27267656,Bowler,,,0,0.0333,0.0208333333333333,0.75756027,0.378780135,Poor,1,FT-Transformer,frozen_primary
RJW Topley,T20_Blast,2024,2023,0.26856533,0.2207682,0.51066643,Bowler,80.59,0.9516129032258064,1,1.0,0.7962962962962963,1.24210106,0.62105053,Elite,1,FT-Transformer,frozen_primary
RK Bhui,IPL,2024,2023,0.70085394,0.19837312,0.10077293,Batsman,,,0,0.0667,0.0403225806451612,0.39991898,0.19995949,Poor,1,FT-Transformer,frozen_primary
RK Patel,T20_Blast,2024,2023,0.1379791,0.48753953,0.37448138,Batsman,55.06666666666667,0.7012987012987013,2,1.0,0.7956989247311828,1.23650229,0.618251145,Average,1,FT-Transformer,frozen_primary
RK Singh,IPL,2024,2023,0.11971065,0.46833906,0.41195032,Batsman,70.29,0.8541666666666666,2,0.9667,0.532258064516129,1.2922396999999999,0.6461198499999999,Average,1,FT-Transformer,frozen_primary
RL Chase,CPL,2024,2023,0.094095476,0.3466852,0.5592193,All-Rounder,65.04700000000001,0.5789473684210527,3,1.0,0.631578947368421,1.4651238,0.7325619,Elite,1,FT-Transformer,frozen_primary
RM Patidar,IPL,2024,2023,0.4767027,0.3987395,0.12455784,Batsman,79.04,0.9583333333333334,1,0.3667,0.2903225806451613,0.6478551800000001,0.32392759000000004,Poor,1,FT-Transformer,frozen_primary
RM Yates,T20_Blast,2024,2023,0.1826829,0.5145367,0.30278036,Batsman,56.44700000000001,0.7272727272727273,3,0.9,0.5376344086021505,1.12009742,0.56004871,Average,1,FT-Transformer,frozen_primary
RP Jones,T20_Blast,2024,2023,0.63397646,0.27471396,0.09130959,Batsman,33.399,0.2727272727272727,3,0.7667,0.4838709677419355,0.45733313999999997,0.22866656999999999,Poor,1,FT-Transformer,frozen_primary
RP Meredith,BBL,2024,2023,0.124026366,0.21883489,0.65713876,Bowler,69.88700000000001,0.75,3,1.0,0.75,1.5331124100000002,0.7665562050000001,Elite,1,FT-Transformer,frozen_primary
RR Pant,IPL,2024,2023,0.23227848,0.5165864,0.25113508,Wicketkeeper-Batsman,65.38499999999999,0.6428571428571429,2,1.0,0.6666666666666666,1.0188565600000001,0.5094282800000001,Average,1,FT-Transformer,frozen_primary
RR Rossouw,IPL,2024,2023,0.30356616,0.5187915,0.17764235,Batsman,50.94,0.4583333333333333,1,0.4667,0.3548387096774194,0.8740762,0.4370381,Average,1,FT-Transformer,frozen_primary
RR Rossouw,PSL,2024,2023,0.12142964,0.44474182,0.4338285,Batsman,72.58000000000001,0.96,3,1.0,0.8676470588235294,1.31239882,0.65619941,Average,1,FT-Transformer,frozen_primary
RR Simmonds,CPL,2024,2023,0.36742517,0.34708485,0.28548995,Bowler,,,0,0.2667,0.3333333333333333,0.91806475,0.459032375,Poor,1,FT-Transformer,frozen_primary
RRS Cornwall,CPL,2024,2023,0.18102221,0.49454507,0.32443267,All-Rounder,56.04800000000001,0.3157894736842105,3,1.0,0.631578947368421,1.14341041,0.571705205,Average,1,FT-Transformer,frozen_primary
RS Bopara,T20_Blast,2024,2023,0.06431312,0.22344995,0.7122369,All-Rounder,69.185,0.6507936507936508,3,1.0,0.6190476190476191,1.64792375,0.823961875,Elite,1,FT-Transformer,frozen_primary
RS Patel,T20_Blast,2024,2023,0.6424871,0.19573984,0.161773,Batsman,,,0,0.1,0.0591397849462365,0.51928584,0.25964292,Poor,1,FT-Transformer,frozen_primary
RS Primus,CPL,2024,2023,0.56115633,0.32785574,0.110988,All-Rounder,48.52333333333334,0.2105263157894736,2,0.9,0.1052631578947368,0.54983174,0.27491587,Poor,1,FT-Transformer,frozen_primary
Rahmanullah Gurbaz,CPL,2024,2023,0.5160069,0.3668494,0.117143795,Batsman,,,0,0.2,0.5,0.60113699,0.300568495,Poor,1,FT-Transformer,frozen_primary
Rahmanullah Gurbaz,IPL,2024,2023,0.34364593,0.49137634,0.1649777,Batsman,,,0,0.3667,0.2903225806451613,0.82133174,0.41066587,Average,1,FT-Transformer,frozen_primary
Ramandeep Singh,IPL,2024,2023,0.48859242,0.24979155,0.26161605,Bowler,,,0,0.1,0.1041666666666666,0.77302365,0.386511825,Poor,1,FT-Transformer,frozen_primary
Rashid Khan,IPL,2024,2023,0.06181584,0.15750392,0.78068024,All-Rounder,94.81300000000002,1.0,3,1.0,0.6136363636363636,1.7188644,0.8594322,Elite,1,FT-Transformer,frozen_primary
Rasikh Salam,IPL,2024,2023,0.67184854,0.22240199,0.10574949,Batsman,10.09,0.0625,1,0.0667,0.0403225806451612,0.43390097,0.216950485,Poor,1,FT-Transformer,frozen_primary
Ravi Bishnoi,IPL,2024,2023,0.09065642,0.15785316,0.7514904,Bowler,75.504,0.8775510204081632,3,1.0,0.8194444444444444,1.66083396,0.83041698,Elite,1,FT-Transformer,frozen_primary
Rehan Ahmed,T20_Blast,2024,2023,0.09372502,0.2550856,0.6511894,All-Rounder,60.17,0.4444444444444444,1,0.8,0.0317460317460317,1.5574644000000002,0.7787322000000001,Elite,1,FT-Transformer,frozen_primary
Rumman Raees,PSL,2024,2023,0.467954,0.27135184,0.26069424,Bowler,55.74000000000001,0.4545454545454545,2,1.0,0.90625,0.79274032,0.39637016,Poor,1,FT-Transformer,frozen_primary
S Descarte,CPL,2024,2023,0.69315064,0.22178945,0.08505989,Batsman,,,0,0.1333,0.375,0.39190923,0.195954615,Poor,1,FT-Transformer,frozen_primary
S Dhawan,IPL,2024,2023,0.088735715,0.3452854,0.5659788,Batsman,68.42500000000001,0.8125,3,1.0,0.7741935483870968,1.477243,0.7386215,Elite,1,FT-Transformer,frozen_primary
S Dube,IPL,2024,2023,0.17339994,0.5042064,0.32239363,Batsman,64.10900000000002,0.75,3,1.0,0.7741935483870968,1.14899366,0.57449683,Average,1,FT-Transformer,frozen_primary
S Fanning,BBL,2024,2023,0.50234634,0.3816659,0.115987755,Batsman,,,0,0.0333,0.0444444444444444,0.61364141,0.306820705,Poor,1,FT-Transformer,frozen_primary
S Gopal,IPL,2024,2023,0.41880566,0.2890611,0.29213324,Bowler,9.8275,0.1224489795918367,2,1.0,0.8194444444444444,0.87332758,0.43666379,Poor,1,FT-Transformer,frozen_primary
S Joseph,CPL,2024,2023,0.73372924,0.18360066,0.08267012,Batsman,,,0,0.0333,0.0833333333333333,0.3489409,0.17447045,Poor,1,FT-Transformer,frozen_primary
S Mahmood,T20_Blast,2024,2023,0.45830247,0.25239247,0.28930506,Bowler,32.59285714285714,0.3064516129032258,2,0.9,0.5493827160493827,0.83100259,0.415501295,Poor,1,FT-Transformer,frozen_primary
S Sandeep Warrier,IPL,2024,2023,0.5516064,0.1790039,0.2693897,Bowler,5.32,0.0408163265306122,1,0.1667,0.1736111111111111,0.7177833,0.35889165,Poor,1,FT-Transformer,frozen_primary
S Snater,T20_Blast,2024,2023,0.1702759,0.26998106,0.55974305,Bowler,46.641000000000005,0.4354838709677419,3,1.0,0.7962962962962963,1.3894671600000001,0.6947335800000001,Elite,1,FT-Transformer,frozen_primary
SA Abbott,BBL,2024,2023,0.11024176,0.21799977,0.6717585,All-Rounder,75.00400000000002,0.9130434782608696,3,1.0,0.5869565217391305,1.56151677,0.780758385,Elite,1,FT-Transformer,frozen_primary
SA Abbott,T20_Blast,2024,2023,0.112690836,0.36765265,0.51965654,Bowler,,,0,0.4667,0.3518518518518518,1.40696573,0.703482865,Elite,1,FT-Transformer,frozen_primary
SA Northeast,T20_Blast,2024,2023,0.15986627,0.50641084,0.33372292,Batsman,53.28200000000001,0.6623376623376623,3,1.0,0.7956989247311828,1.17385668,0.58692834,Average,1,FT-Transformer,frozen_primary
SA Yadav,IPL,2024,2023,0.091014035,0.3666349,0.542351,Batsman,78.405,0.9375,3,1.0,0.7741935483870968,1.4513369,0.72566845,Elite,1,FT-Transformer,frozen_primary
SA Zaib,T20_Blast,2024,2023,0.17961141,0.517907,0.30248162,Batsman,58.04900000000001,0.7662337662337663,3,1.0,0.7956989247311828,1.1228702400000001,0.5614351200000001,Average,1,FT-Transformer,frozen_primary
SB Harper,BBL,2024,2023,0.40853512,0.44707188,0.14439304,Wicketkeeper-Batsman,37.21,0.3333333333333333,3,1.0,0.6153846153846154,0.7358579599999999,0.36792897999999996,Average,1,FT-Transformer,frozen_primary
SD Hope,CPL,2024,2023,0.108786635,0.44248512,0.44872823,Wicketkeeper-Batsman,75.86600000000001,1.0,3,1.0,0.7142857142857143,1.33994158,0.66997079,Elite,1,FT-Transformer,frozen_primary
SD Hope,PSL,2024,2023,0.47749862,0.39806455,0.12443687,Wicketkeeper-Batsman,,,0,0.1,0.2,0.64693829,0.323469145,Poor,1,FT-Transformer,frozen_primary
SE Rutherford,CPL,2024,2023,0.50031996,0.38496968,0.11471036,Batsman,51.24400000000001,0.75,3,1.0,0.8958333333333334,0.6143904,0.3071952,Poor,1,FT-Transformer,frozen_primary
SE Rutherford,PSL,2024,2023,0.42775026,0.43384117,0.13840857,Batsman,56.55499999999999,0.68,2,0.7667,0.6764705882352942,0.71065831,0.355329155,Average,1,FT-Transformer,frozen_primary
SG Budinger,T20_Blast,2024,2023,0.5358464,0.2894088,0.17474484,Batsman,19.593333333333334,0.1688311688311688,2,0.4,0.2473118279569892,0.63889848,0.31944924,Poor,1,FT-Transformer,frozen_primary
SH Johnson,BBL,2024,2023,0.0904115,0.19673517,0.7128533,Bowler,83.13,1.0,1,0.7,0.3809523809523809,1.62244177,0.811220885,Elite,1,FT-Transformer,frozen_primary
SJ Cook,T20_Blast,2024,2023,0.0938183,0.16847554,0.73770624,Bowler,74.07000000000001,0.7258064516129032,3,1.0,0.7962962962962963,1.64388802,0.82194401,Elite,1,FT-Transformer,frozen_primary
SJ Croft,T20_Blast,2024,2023,0.09634829,0.373082,0.5305697,All-Rounder,54.916,0.3968253968253968,3,1.0,0.6190476190476191,1.4342214000000002,0.7171107000000001,Elite,1,FT-Transformer,frozen_primary
SK Springer,CPL,2024,2023,0.46335697,0.35782778,0.17881528,Bowler,48.69,0.4761904761904761,1,0.6,0.5740740740740741,0.71545834,0.35772917,Poor,1,FT-Transformer,frozen_primary
SM Curran,IPL,2024,2023,0.074398145,0.25254592,0.6730559,All-Rounder,60.84571428571429,0.4090909090909091,2,1.0,0.6136363636363636,1.59865772,0.79932886,Elite,1,FT-Transformer,frozen_primary
SM Curran,T20_Blast,2024,2023,0.063794054,0.21153557,0.7246704,All-Rounder,69.031,0.6349206349206349,3,1.0,0.6190476190476191,1.66087637,0.830438185,Elite,1,FT-Transformer,frozen_primary
SN Thakur,IPL,2024,2023,0.11590177,0.29143113,0.5926671,Bowler,64.15100000000001,0.6122448979591837,3,1.0,0.8194444444444444,1.47676533,0.738382665,Elite,1,FT-Transformer,frozen_primary
SO Hetmyer,CPL,2024,2023,0.21046332,0.53659433,0.25294238,Batsman,49.504000000000005,0.5833333333333334,3,1.0,0.8958333333333334,1.04247909,0.521239545,Average,1,FT-Transformer,frozen_primary
SO Hetmyer,IPL,2024,2023,0.154886,0.50848454,0.33662942,Batsman,63.709,0.7291666666666666,3,1.0,0.7741935483870968,1.18174338,0.59087169,Average,1,FT-Transformer,frozen_primary
SP Narine,CPL,2024,2023,0.08288666,0.21202578,0.70508754,All-Rounder,69.69500000000001,0.6842105263157895,3,1.0,0.631578947368421,1.62220086,0.81110043,Elite,1,FT-Transformer,frozen_primary
SP Narine,IPL,2024,2023,0.06563441,0.16961804,0.76474756,All-Rounder,65.108,0.5909090909090909,3,1.0,0.6136363636363636,1.69911316,0.84955658,Elite,1,FT-Transformer,frozen_primary
SPD Smith,BBL,2024,2023,0.36073947,0.47658288,0.16267765,Batsman,36.870000000000005,0.4594594594594595,2,1.0,0.7666666666666667,0.8019381800000001,0.40096909000000003,Average,1,FT-Transformer,frozen_primary
SR Dickson,T20_Blast,2024,2023,0.20533782,0.54025483,0.25440726,Batsman,56.72857142857143,0.7402597402597403,2,1.0,0.7956989247311828,1.04906935,0.524534675,Average,1,FT-Transformer,frozen_primary
SR Hain,T20_Blast,2024,2023,0.09803619,0.4233819,0.47858194,Batsman,84.96900000000001,0.987012987012987,3,1.0,0.7956989247311828,1.3805457799999998,0.6902728899999999,Elite,1,FT-Transformer,frozen_primary
SR Harmer,T20_Blast,2024,2023,0.066355094,0.16793036,0.7657145,All-Rounder,74.098,0.7936507936507936,3,1.0,0.6190476190476191,1.6993593599999999,0.8496796799999999,Elite,1,FT-Transformer,frozen_primary
SR Patel,T20_Blast,2024,2023,0.069724284,0.20455863,0.72571707,All-Rounder,68.592,0.6190476190476191,3,1.0,0.6190476190476191,1.65599277,0.827996385,Elite,1,FT-Transformer,frozen_primary
SS Eskinazi,T20_Blast,2024,2023,0.10673641,0.43864492,0.4546186,Batsman,70.23700000000001,0.935064935064935,3,1.0,0.7956989247311828,1.34788212,0.67394106,Elite,1,FT-Transformer,frozen_primary
SS Iyer,IPL,2024,2023,0.35453495,0.47091022,0.17455485,Batsman,60.92999999999999,0.6458333333333334,2,1.0,0.7741935483870968,0.82001992,0.41000996,Average,1,FT-Transformer,frozen_primary
SS Prabhudessai,IPL,2024,2023,0.70638937,0.21574295,0.07786769,Batsman,17.59,0.0833333333333333,1,0.3,0.2258064516129032,0.37147832999999997,0.18573916499999998,Poor,1,FT-Transformer,frozen_primary
SSJ Brooks,CPL,2024,2023,0.29013652,0.5272321,0.18263131,Batsman,50.06300000000001,0.6666666666666666,3,1.0,0.8958333333333334,0.89249472,0.44624736,Average,1,FT-Transformer,frozen_primary
SV Samson,IPL,2024,2023,0.09170941,0.38304222,0.52524835,Wicketkeeper-Batsman,75.286,0.8571428571428571,3,1.0,0.6666666666666666,1.4335389200000002,0.7167694600000001,Elite,1,FT-Transformer,frozen_primary
SW Billings,BBL,2024,2023,0.22816958,0.5331808,0.2386497,Wicketkeeper-Batsman,53.439000000000014,0.5833333333333334,3,1.0,0.6153846153846154,1.0104802,0.5052401,Average,1,FT-Transformer,frozen_primary
SW Billings,T20_Blast,2024,2023,0.17602515,0.5078115,0.3161633,Wicketkeeper-Batsman,52.684000000000005,0.4090909090909091,3,1.0,0.5681818181818182,1.1401381,0.57006905,Average,1,FT-Transformer,frozen_primary
SW Currie,T20_Blast,2024,2023,0.4471711,0.24973871,0.30309018,Bowler,45.15800000000001,0.4193548387096774,3,0.6667,0.4444444444444444,0.85591907,0.427959535,Poor,1,FT-Transformer,frozen_primary
Sahibzada Farhan,PSL,2024,2023,0.673302,0.24189281,0.084805295,Batsman,26.52,0.16,1,0.4333,0.3529411764705882,0.4115034,0.2057517,Poor,1,FT-Transformer,frozen_primary
Saim Ayub,PSL,2024,2023,0.2912306,0.5180776,0.1906918,Batsman,62.3,0.8,1,0.6333,0.5735294117647058,0.8994612,0.4497306,Average,1,FT-Transformer,frozen_primary
Salman Irshad,PSL,2024,2023,0.42459175,0.2509687,0.32443962,Bowler,63.35333333333334,0.7272727272727273,2,0.7333,0.625,0.8998479399999999,0.44992396999999995,Poor,1,FT-Transformer,frozen_primary
Sandeep Sharma,IPL,2024,2023,0.11936642,0.18860716,0.69202644,Bowler,55.91200000000001,0.4489795918367347,3,1.0,0.8194444444444444,1.5726600400000001,0.7863300200000001,Elite,1,FT-Transformer,frozen_primary
Sanvir Singh,IPL,2024,2023,0.6885213,0.2294803,0.08199837,Batsman,,,0,0.0667,0.0403225806451612,0.39347704,0.19673852,Poor,1,FT-Transformer,frozen_primary
Sarfraz Ahmed,PSL,2024,2023,0.26648456,0.5042108,0.22930449,Wicketkeeper-Batsman,49.80900000000001,0.5,3,1.0,0.8,0.96281978,0.48140989,Average,1,FT-Transformer,frozen_primary
Shadab Khan,PSL,2024,2023,0.07701548,0.25875196,0.66423255,All-Rounder,70.74000000000001,0.9,3,1.0,0.75,1.58721706,0.79360853,Elite,1,FT-Transformer,frozen_primary
Shahbaz Ahmed,IPL,2024,2023,0.6071629,0.28049827,0.11233887,All-Rounder,38.571000000000005,0.0454545454545454,3,0.86665,0.0909090909090909,0.50517601,0.252588005,Poor,1,FT-Transformer,frozen_primary
Shaheen Shah Afridi,PSL,2024,2023,0.07162497,0.1964663,0.73190874,Bowler,81.11600000000001,1.0,3,1.0,0.90625,1.6602837799999999,0.8301418899999999,Elite,1,FT-Transformer,frozen_primary
Shahnawaz Dhani,PSL,2024,2023,0.44615424,0.24096808,0.31287774,Bowler,32.576666666666675,0.2727272727272727,2,0.7667,0.65625,0.8667235600000001,0.43336178000000003,Poor,1,FT-Transformer,frozen_primary
Shan Masood,PSL,2024,2023,0.1942529,0.5336875,0.27205965,Batsman,56.63900000000001,0.72,3,1.0,0.8676470588235294,1.0778067999999998,0.5389033999999999,Average,1,FT-Transformer,frozen_primary
Shan Masood,T20_Blast,2024,2023,0.25110337,0.5328833,0.2160134,Batsman,41.19,0.3896103896103896,1,0.8333,0.521505376344086,0.9649101,0.48245505,Average,1,FT-Transformer,frozen_primary
Shashank Singh,IPL,2024,2023,0.62993526,0.27051345,0.09955135,Batsman,,,0,0.1667,0.1290322580645161,0.46961615,0.234808075,Poor,1,FT-Transformer,frozen_primary
Shoaib Bashir,T20_Blast,2024,2023,0.5536034,0.19707315,0.24932343,Bowler,,,0,0.1333,0.0802469135802469,0.69572001,0.347860005,Poor,1,FT-Transformer,frozen_primary
Shoaib Malik,PSL,2024,2023,0.13589194,0.46262068,0.40148738,All-Rounder,57.882000000000005,0.5,3,1.0,0.75,1.26559544,0.63279772,Average,1,FT-Transformer,frozen_primary
Shubman Gill,IPL,2024,2023,0.07754404,0.32562998,0.5968259,Batsman,88.68400000000001,1.0,3,1.0,0.7741935483870968,1.51928178,0.75964089,Elite,1,FT-Transformer,frozen_primary
Sikandar Raza,IPL,2024,2023,0.47897035,0.39340562,0.12762406,Batsman,,,0,0.2333,0.1854838709677419,0.6486537400000001,0.32432687000000004,Poor,1,FT-Transformer,frozen_primary
Sikandar Raza,PSL,2024,2023,0.27330512,0.5134322,0.21326277,Batsman,51.9,0.48,1,0.4667,0.3970588235294117,0.93995774,0.46997887,Average,1,FT-Transformer,frozen_primary
Simarjeet Singh,IPL,2024,2023,0.5096259,0.22596362,0.2644105,Bowler,,,0,0.2,0.2083333333333333,0.75478462,0.37739231,Poor,1,FT-Transformer,frozen_primary
Sohail Khan,PSL,2024,2023,0.5060343,0.23595466,0.258011,All-Rounder,19.23,0.1,2,0.8666499999999999,0.1,0.75197666,0.37598833,Poor,1,FT-Transformer,frozen_primary
Suyash Sharma,IPL,2024,2023,0.26790833,0.21028125,0.5218104,Bowler,,,0,0.3667,0.3888888888888889,1.25390205,0.626951025,Elite,1,FT-Transformer,frozen_primary
Swapnil Singh,IPL,2024,2023,0.6535441,0.20622149,0.14023441,Bowler,7.16,0.1020408163265306,1,0.2333,0.2569444444444444,0.48669031,0.243345155,Poor,1,FT-Transformer,frozen_primary
T Banton,BBL,2024,2023,0.49121118,0.33619198,0.17259674,Wicketkeeper-Batsman,,,0,0.2333,0.0769230769230769,0.68138546,0.34069273,Poor,1,FT-Transformer,frozen_primary
T Banton,T20_Blast,2024,2023,0.09617187,0.4079119,0.4959162,Wicketkeeper-Batsman,75.62800000000001,0.8636363636363636,3,1.0,0.5681818181818182,1.3997443,0.69987215,Elite,1,FT-Transformer,frozen_primary
T Hinds,CPL,2024,2023,0.61949366,0.23942259,0.14108385,Bowler,19.69333333333333,0.1904761904761904,2,0.1667,0.2222222222222222,0.52159029,0.260795145,Poor,1,FT-Transformer,frozen_primary
T Kohler-Cadmore,PSL,2024,2023,0.1756251,0.5287923,0.29558256,Batsman,43.24000000000001,0.28,3,0.6333,0.5735294117647058,1.11995742,0.55997871,Average,1,FT-Transformer,frozen_primary
T Kohler-Cadmore,T20_Blast,2024,2023,0.09764147,0.41453788,0.4878207,Batsman,68.87800000000001,0.9090909090909092,3,1.0,0.7956989247311828,1.39017928,0.69508964,Elite,1,FT-Transformer,frozen_primary
T Murphy,BBL,2024,2023,0.38870537,0.3403045,0.2709901,Bowler,64.15666666666667,0.5,2,0.6,0.3571428571428571,0.8822847,0.44114235,Poor,1,FT-Transformer,frozen_primary
T Natarajan,IPL,2024,2023,0.15962264,0.18241711,0.6579603,Bowler,63.42100000000001,0.5918367346938775,3,1.0,0.8194444444444444,1.4983377100000002,0.7491688550000001,Elite,1,FT-Transformer,frozen_primary
T Sangha,BBL,2024,2023,0.15669775,0.21484081,0.6284615,Bowler,69.53,0.71875,2,1.0,0.75,1.4717638100000001,0.7358819050000001,Elite,1,FT-Transformer,frozen_primary
T Shamsi,CPL,2024,2023,0.30724776,0.24756478,0.44518742,Bowler,61.4,0.6666666666666666,1,0.9333,0.7962962962962963,1.13793962,0.56896981,Elite,1,FT-Transformer,frozen_primary
T Shamsi,PSL,2024,2023,0.41758588,0.25107682,0.33133733,Bowler,,,0,0.1333,0.171875,0.91375148,0.45687574,Poor,1,FT-Transformer,frozen_primary
T Stubbs,IPL,2024,2023,0.65670264,0.23170045,0.11159691,Batsman,6.64,0.0208333333333333,1,0.1333,0.0967741935483871,0.45489427,0.227447135,Poor,1,FT-Transformer,frozen_primary
T van der Gugten,T20_Blast,2024,2023,0.10754752,0.33108854,0.561364,All-Rounder,56.78,0.4285714285714285,2,0.93335,0.1587301587301587,1.45381654,0.72690827,Elite,1,FT-Transformer,frozen_primary
TA Boult,IPL,2024,2023,0.0971794,0.18295646,0.7198641,Bowler,73.50300000000001,0.8163265306122449,3,1.0,0.8194444444444444,1.62268466,0.81134233,Elite,1,FT-Transformer,frozen_primary
TA Lammonby,T20_Blast,2024,2023,0.37292954,0.4588223,0.16824815,All-Rounder,36.693000000000005,0.0952380952380952,3,0.91665,0.1111111111111111,0.7953186000000001,0.39765930000000005,Average,1,FT-Transformer,frozen_primary
TAI Taylor,T20_Blast,2024,2023,0.077731855,0.19292423,0.7293439,All-Rounder,75.058,0.8412698412698413,3,1.0,0.6190476190476191,1.6516120300000001,0.8258060150000001,Elite,1,FT-Transformer,frozen_primary
TAR Scriven,T20_Blast,2024,2023,0.4938838,0.25819403,0.24792217,Bowler,20.2,0.1129032258064516,1,0.2,0.1851851851851851,0.75403837,0.377019185,Poor,1,FT-Transformer,frozen_primary
TB Abell,T20_Blast,2024,2023,0.10036705,0.37114605,0.5284869,Batsman,56.75800000000001,0.7532467532467533,3,1.0,0.7956989247311828,1.4281198499999999,0.7140599249999999,Elite,1,FT-Transformer,frozen_primary
TC Bruce,T20_Blast,2024,2023,0.69018674,0.2064207,0.103392564,Batsman,,,0,0.2667,0.1720430107526881,0.41320582800000005,0.20660291400000003,Poor,1,FT-Transformer,frozen_primary
TD Andrews,BBL,2024,2023,0.5706927,0.256175,0.17313236,Bowler,15.77,0.1875,1,0.2333,0.2142857142857142,0.60243972,0.30121986,Poor,1,FT-Transformer,frozen_primary
TE Albert,T20_Blast,2024,2023,0.44491193,0.42435515,0.13073291,Batsman,41.14666666666668,0.3766233766233766,2,0.6,0.3870967741935484,0.68582097,0.342910485,Poor,1,FT-Transformer,frozen_primary
TE Lawes,T20_Blast,2024,2023,0.5701465,0.21908426,0.2107692,Bowler,12.07,0.064516129032258,1,0.3,0.2654320987654321,0.64062266,0.32031133,Poor,1,FT-Transformer,frozen_primary
TF Rogers,BBL,2024,2023,0.35221326,0.49213868,0.15564805,Batsman,47.870000000000005,0.7297297297297297,2,0.8333,0.4666666666666667,0.80343478,0.40171739,Average,1,FT-Transformer,frozen_primary
TG Helm,T20_Blast,2024,2023,0.11934779,0.19819368,0.6824586,Bowler,62.512000000000015,0.5645161290322581,3,1.0,0.7962962962962963,1.56311088,0.78155544,Elite,1,FT-Transformer,frozen_primary
TGR Clark,T20_Blast,2024,2023,0.2527005,0.52964604,0.2176535,Batsman,,,0,0.4667,0.2903225806451613,0.96495304,0.48247652,Average,1,FT-Transformer,frozen_primary
TH David,BBL,2024,2023,0.27811462,0.50875366,0.21313174,Batsman,51.427000000000014,0.8648648648648649,3,1.0,0.7666666666666667,0.93501714,0.46750857,Average,1,FT-Transformer,frozen_primary
TH David,CPL,2024,2023,0.46209136,0.39467138,0.14323725,Batsman,30.09,0.3333333333333333,1,0.5,0.6666666666666666,0.6811458800000001,0.34057294000000005,Poor,1,FT-Transformer,frozen_primary
TH David,IPL,2024,2023,0.17541465,0.519492,0.30509335,Batsman,60.39666666666668,0.625,2,0.8,0.4677419354838709,1.1296787,0.56483935,Average,1,FT-Transformer,frozen_primary
TJ Bishop,CPL,2024,2023,0.549074,0.18454738,0.26637864,Bowler,,,0,0.0333,0.037037037037037,0.71730466,0.35865233,Poor,1,FT-Transformer,frozen_primary
TJ Moores,T20_Blast,2024,2023,0.112000726,0.44065487,0.44734442,Wicketkeeper-Batsman,68.18000000000002,0.7272727272727273,3,1.0,0.5681818181818182,1.33534371,0.667671855,Elite,1,FT-Transformer,frozen_primary
TJ Prest,T20_Blast,2024,2023,0.40986934,0.44241562,0.14771508,Batsman,42.290000000000006,0.4285714285714285,2,0.9333,0.5591397849462365,0.73784578,0.36892289,Average,1,FT-Transformer,frozen_primary
TJ Price,T20_Blast,2024,2023,0.6527281,0.2026097,0.14466228,Bowler,21.77,0.1290322580645161,1,0.1667,0.1358024691358024,0.49193426,0.24596713,Poor,1,FT-Transformer,frozen_primary
TK Curran,BBL,2024,2023,0.19139929,0.36553785,0.44306284,All-Rounder,37.10428571428572,0.0434782608695652,2,0.91665,0.1304347826086956,1.25166353,0.625831765,Elite,1,FT-Transformer,frozen_primary
TK Curran,T20_Blast,2024,2023,0.17844659,0.48774374,0.3338096,All-Rounder,30.16700000000001,0.0634920634920634,3,1.0,0.6190476190476191,1.1553629399999998,0.5776814699999999,Average,1,FT-Transformer,frozen_primary
TL Seifert,CPL,2024,2023,0.50065666,0.374714,0.12462926,Wicketkeeper-Batsman,40.94999999999999,0.1666666666666666,2,0.9333,0.2857142857142857,0.62397252,0.31198626,Poor,1,FT-Transformer,frozen_primary
TM Head,IPL,2024,2023,0.55827343,0.2523408,0.18938573,Batsman,,,0,0.3333,0.25,0.63111226,0.31555613,Poor,1,FT-Transformer,frozen_primary
TMJ Smith,T20_Blast,2024,2023,0.07187406,0.1518322,0.7762937,Bowler,78.07100000000001,0.9032258064516128,3,1.0,0.7962962962962963,1.7044196,0.8522098,Elite,1,FT-Transformer,frozen_primary
TP Alsop,T20_Blast,2024,2023,0.24060562,0.53827673,0.22111762,Wicketkeeper-Batsman,52.30700000000001,0.3636363636363636,3,1.0,0.5681818181818182,0.98051197,0.490255985,Average,1,FT-Transformer,frozen_primary
TR Bevan,T20_Blast,2024,2023,0.71978056,0.20309302,0.077126406,Batsman,5.17,0.0649350649350649,1,0.1,0.0591397849462365,0.35734583200000003,0.17867291600000001,Poor,1,FT-Transformer,frozen_primary
TS Mills,PSL,2024,2023,0.29912093,0.23894309,0.461936,Bowler,,,0,0.7,0.59375,1.16281509,0.581407545,Elite,1,FT-Transformer,frozen_primary
TS Mills,T20_Blast,2024,2023,0.09241831,0.17736536,0.7302163,Bowler,78.30600000000001,0.9193548387096774,3,1.0,0.7962962962962963,1.63779796,0.81889898,Elite,1,FT-Transformer,frozen_primary
TS Muyeye,T20_Blast,2024,2023,0.24729435,0.53016573,0.22253992,Batsman,52.17,0.6233766233766234,1,0.6667,0.4354838709677419,0.97524557,0.487622785,Average,1,FT-Transformer,frozen_primary
TS Rogers,BBL,2024,2023,0.126667,0.24384536,0.6294877,Bowler,72.26800000000001,0.8125,3,1.0,0.75,1.50282076,0.75141038,Elite,1,FT-Transformer,frozen_primary
TU Deshpande,IPL,2024,2023,0.090723194,0.15839683,0.75088006,Bowler,57.93666666666667,0.4693877551020408,2,0.7667,0.5833333333333334,1.66015695,0.830078475,Elite,1,FT-Transformer,frozen_primary
TW Hartley,T20_Blast,2024,2023,0.1010138,0.23803014,0.660956,Bowler,65.93900000000001,0.6290322580645161,3,1.0,0.7962962962962963,1.55994214,0.77997107,Elite,1,FT-Transformer,frozen_primary
Tayyab Tahir,PSL,2024,2023,0.36761647,0.47706664,0.15531695,Batsman,,,0,0.1667,0.1029411764705882,0.78770054,0.39385027,Average,1,FT-Transformer,frozen_primary
Tilak Varma,IPL,2024,2023,0.21663035,0.53715485,0.24621475,Batsman,66.48,0.7916666666666666,1,0.8333,0.4919354838709677,1.02958435,0.514792175,Average,1,FT-Transformer,frozen_primary
UT Khawaja,BBL,2024,2023,0.4112461,0.45171627,0.13703762,Batsman,28.383000000000003,0.3513513513513513,3,1.0,0.7666666666666667,0.72579151,0.362895755,Average,1,FT-Transformer,frozen_primary
UT Yadav,IPL,2024,2023,0.24108726,0.2678356,0.49107718,Bowler,43.60333333333334,0.3469387755102041,2,1.0,0.8194444444444444,1.24998996,0.62499498,Elite,1,FT-Transformer,frozen_primary
Umran Malik,IPL,2024,2023,0.27445233,0.3565422,0.36900547,Bowler,62.77333333333334,0.5510204081632653,2,0.8333,0.5972222222222222,1.09455314,0.54727657,Elite,1,FT-Transformer,frozen_primary
Usama Mir,BBL,2024,2023,0.4175607,0.2739821,0.30845723,Bowler,,,0,0.1667,0.1547619047619047,0.8908965600000001,0.44544828000000003,Poor,1,FT-Transformer,frozen_primary
Usama Mir,PSL,2024,2023,0.098840535,0.2426516,0.6585079,Bowler,77.25,0.9545454545454546,1,1.0,0.90625,1.5596674000000001,0.7798337000000001,Elite,1,FT-Transformer,frozen_primary
Usman Khan,PSL,2024,2023,0.36524707,0.48107618,0.15367681,Batsman,43.89,0.4,1,0.3333,0.3088235294117647,0.7884298000000001,0.39421490000000003,Average,1,FT-Transformer,frozen_primary
V Kohli,IPL,2024,2023,0.07267303,0.27664858,0.6506784,Batsman,71.21900000000001,0.875,3,1.0,0.7741935483870968,1.57800538,0.78900269,Elite,1,FT-Transformer,frozen_primary
V Permaul,CPL,2024,2023,0.3459445,0.22428545,0.42977002,Bowler,65.01,0.7619047619047619,1,1.0,0.925925925925926,1.08382549,0.541912745,Elite,1,FT-Transformer,frozen_primary
V Shankar,IPL,2024,2023,0.30707443,0.51237655,0.18054903,Batsman,37.50600000000001,0.1875,3,1.0,0.7741935483870968,0.87347461,0.436737305,Average,1,FT-Transformer,frozen_primary
VG Arora,IPL,2024,2023,0.5088721,0.2434941,0.24763383,Bowler,45.6,0.3673469387755102,1,0.3333,0.3611111111111111,0.73876176,0.36938088,Poor,1,FT-Transformer,frozen_primary
VR Iyer,IPL,2024,2023,0.2033233,0.5232336,0.27344304,Batsman,54.11333333333334,0.5625,2,1.0,0.7741935483870968,1.07011968,0.53505984,Average,1,FT-Transformer,frozen_primary
Vijaykumar Vyshak,IPL,2024,2023,0.3081868,0.30573708,0.38607612,Bowler,,,0,0.2333,0.2569444444444444,1.0778893200000002,0.5389446600000001,Elite,1,FT-Transformer,frozen_primary
W Luxton,T20_Blast,2024,2023,0.722341,0.19903147,0.07862754,Batsman,,,0,0.1,0.0591397849462365,0.35628655,0.178143275,Poor,1,FT-Transformer,frozen_primary
W Prestwidge,BBL,2024,2023,0.4821551,0.2395686,0.27827626,Bowler,,,0,0.1,0.1071428571428571,0.79612112,0.39806056,Poor,1,FT-Transformer,frozen_primary
W Sutherland,BBL,2024,2023,0.16504316,0.39205077,0.4429061,All-Rounder,59.46500000000001,0.4782608695652174,3,1.0,0.5869565217391305,1.2778629700000002,0.6389314850000001,Elite,1,FT-Transformer,frozen_primary
WA Agar,BBL,2024,2023,0.40003437,0.2576159,0.34234974,Bowler,48.479000000000006,0.375,3,1.0,0.75,0.94231538,0.47115769,Poor,1,FT-Transformer,frozen_primary
WCF Smeed,T20_Blast,2024,2023,0.107896484,0.44195357,0.45014992,Batsman,73.876,0.961038961038961,3,1.0,0.7956989247311828,1.34225341,0.671126705,Elite,1,FT-Transformer,frozen_primary
WG Jacks,T20_Blast,2024,2023,0.07021532,0.27662495,0.65315974,All-Rounder,70.45200000000001,0.6825396825396826,3,1.0,0.6190476190476191,1.58294443,0.791472215,Elite,1,FT-Transformer,frozen_primary
WL Madsen,T20_Blast,2024,2023,0.08603427,0.34424162,0.5697241,All-Rounder,64.86600000000001,0.5238095238095238,3,1.0,0.6190476190476191,1.48368982,0.74184491,Elite,1,FT-Transformer,frozen_primary
WP Saha,IPL,2024,2023,0.12625484,0.4640188,0.40972638,Wicketkeeper-Batsman,62.626000000000005,0.5,3,1.0,0.6666666666666666,1.28347156,0.64173578,Average,1,FT-Transformer,frozen_primary
WT Smale,T20_Blast,2024,2023,0.60494936,0.30068594,0.09436476,Batsman,,,0,0.1333,0.1021505376344086,0.48941546,0.24470773,Poor,1,FT-Transformer,frozen_primary
Waqar Salamkheil,CPL,2024,2023,0.21657863,0.24562582,0.5377956,Bowler,,,0,0.2667,0.3333333333333333,1.3212170200000002,0.6606085100000001,Elite,1,FT-Transformer,frozen_primary
Waqar Salamkheil,PSL,2024,2023,0.66598964,0.16669267,0.16731767,Bowler,,,0,0.0333,0.046875,0.5013280099999999,0.25066400499999997,Poor,1,FT-Transformer,frozen_primary
Washington Sundar,IPL,2024,2023,0.38766077,0.35566977,0.25666943,All-Rounder,53.49200000000001,0.2272727272727272,3,1.0,0.6136363636363636,0.86900863,0.434504315,Poor,1,FT-Transformer,frozen_primary
XA Crone,BBL,2024,2023,0.70534647,0.18344128,0.11121228,Batsman,,,0,0.0333,0.0444444444444444,0.40586584000000003,0.20293292000000002,Poor,1,FT-Transformer,frozen_primary
XC Bartlett,BBL,2024,2023,0.09203029,0.21689776,0.69107187,Bowler,75.77700000000002,0.875,3,1.0,0.75,1.5990415,0.79952075,Elite,1,FT-Transformer,frozen_primary
YBK Jaiswal,IPL,2024,2023,0.16978991,0.5052734,0.3249367,Batsman,74.735,0.9166666666666666,3,1.0,0.7741935483870968,1.1551468,0.5775734,Average,1,FT-Transformer,frozen_primary
YS Chahal,IPL,2024,2023,0.07365702,0.13007297,0.7962701,Bowler,87.822,0.979591836734694,3,1.0,0.8194444444444444,1.72261317,0.861306585,Elite,1,FT-Transformer,frozen_primary
Yash Dayal,IPL,2024,2023,0.5568889,0.21842779,0.22468327,Bowler,30.3,0.2244897959183673,1,0.4667,0.4652777777777778,0.66779433,0.333897165,Poor,1,FT-Transformer,frozen_primary
Yash Thakur,IPL,2024,2023,0.26263684,0.20462298,0.5327402,Bowler,,,0,0.3,0.3263888888888889,1.2701033800000001,0.6350516900000001,Elite,1,FT-Transformer,frozen_primary
Yasir Khan,PSL,2024,2023,0.667004,0.2500386,0.082957536,Batsman,5.97,0.08,1,0.2,0.1764705882352941,0.415953672,0.207976836,Poor,1,FT-Transformer,frozen_primary
Yudhvir Singh,IPL,2024,2023,0.53461117,0.23651479,0.22887407,Bowler,,,0,0.1,0.1041666666666666,0.6942629300000001,0.34713146500000003,Poor,1,FT-Transformer,frozen_primary
Z Crawley,T20_Blast,2024,2023,0.3522864,0.4835054,0.1642081,Batsman,37.875,0.3376623376623376,2,1.0,0.7956989247311828,0.8119216,0.4059608,Average,1,FT-Transformer,frozen_primary
ZJ Chappell,T20_Blast,2024,2023,0.0960438,0.18144386,0.7225123,Bowler,77.684,0.8548387096774194,3,1.0,0.7962962962962963,1.62646846,0.81323423,Elite,1,FT-Transformer,frozen_primary
Zahid Mahmood,PSL,2024,2023,0.6551979,0.1963296,0.14847259,Bowler,16.197499999999998,0.0454545454545454,2,0.3,0.34375,0.49327477999999997,0.24663738999999998,Poor,1,FT-Transformer,frozen_primary
Zaman Khan,PSL,2024,2023,0.14357522,0.20372833,0.6526964,Bowler,72.29,0.8636363636363636,1,0.8667,0.71875,1.50912113,0.754560565,Elite,1,FT-Transformer,frozen_primary
