player_name,league,total_runs,balls_faced,batting_matches_played,innings_played,times_dismissed,batting_average,strike_rate,fours,sixes,boundary_percentage,wickets,balls_bowled,runs_conceded,bowling_matches_played,innings_bowled,overs_bowled,economy_rate,bowling_average,bowling_strike_rate,wickets_per_match,recent_strike_rate,recent_batting_average,recent_runs_per_match,recent_economy_rate,recent_wickets_per_match,has_batting_record,has_bowling_record,has_dismissal,has_wicket,role,bat_bowl_ratio,batting_credit_raw,bowling_credit_raw,role_credit,total_matches,reliability_weight,role_credit_reliable,recent_form_score,final_raw_score,performance_credit
A Ashish Reddy,IPL,280.0,193.0,23.0,23.0,15.0,18.67,145.08,16.0,15.0,16.06,18.0,262.0,396.0,20.0,20.0,43.67,9.07,22.0,14.56,0.9,0.0,0.0,0.0,38.82,0.0,1,1,1.0,1,All-Rounder,1.15,32.2289,51.814,41.3379,23.0,0.2255,9.3217,0.0,6.9913,5.86
A Athanaze,CPL,344.0,322.0,17.0,17.0,15.0,22.93,106.83,26.0,13.0,12.11,0.0,0.0,0.0,0.0,0.0,0.0,58.23,203.5,118.8,0.0,106.83,22.93,20.24,38.82,0.0,1,0,1.0,0,Batsman,17.0,27.1382,0.0,27.1382,17.0,0.2361,6.4073,32.2644,12.8716,19.62
A Badoni,IPL,634.0,473.0,35.0,35.0,26.0,24.38,134.04,46.0,24.0,14.8,2.0,25.0,36.0,5.0,5.0,4.17,8.63,18.0,12.5,0.4,134.04,24.38,18.11,8.63,0.4,1,1,1.0,1,Batsman,7.0,33.3325,49.6199,33.3325,35.0,0.3431,11.4364,34.1057,17.1037,26.81
A Balbirnie,T20_Blast,301.0,225.0,16.0,16.0,14.0,21.5,133.78,30.0,7.0,16.44,0.0,0.0,0.0,0.0,0.0,0.0,58.23,203.5,118.8,0.0,0.0,0.0,0.0,38.82,0.0,1,0,1.0,0,Batsman,16.0,32.0083,0.0,32.0083,16.0,0.2424,7.7588,0.0,5.8191,7.65
A Bramble,CPL,78.0,95.0,12.0,12.0,10.0,7.8,82.11,7.0,1.0,8.42,0.0,0.0,0.0,0.0,0.0,0.0,58.23,203.5,118.8,0.0,0.0,0.0,0.0,38.82,0.0,1,0,1.0,0,Batsman,12.0,16.0439,0.0,16.0439,12.0,0.1667,2.6745,0.0,2.0059,1.18
A Carter,T20_Blast,5.0,5.0,2.0,2.0,1.0,5.0,100.0,0.0,0.0,0.0,19.0,328.0,472.0,16.0,16.0,54.67,8.63,24.84,17.26,1.19,0.0,0.0,0.0,38.82,0.0,1,1,1.0,1,Bowler,0.12,13.2142,52.0966,52.0966,16.0,0.2424,12.6282,0.0,9.4712,7.39
A Chandila,IPL,4.0,7.0,2.0,2.0,0.0,4.0,57.14,0.0,0.0,0.0,11.0,234.0,242.0,12.0,12.0,39.0,6.21,22.0,21.27,0.92,0.0,0.0,0.0,38.82,0.0,1,1,0.0,1,Bowler,0.17,7.3097,53.2847,53.2847,12.0,0.1176,6.2663,0.0,4.6997,1.57
A Javid,T20_Blast,459.0,391.0,33.0,33.0,18.0,25.5,117.39,34.0,7.0,10.49,19.0,537.0,651.0,40.0,40.0,89.5,7.27,34.26,28.26,0.48,0.0,0.0,0.0,38.82,0.0,1,1,1.0,1,All-Rounder,0.82,29.0155,52.2882,41.7666,40.0,0.6061,25.3147,0.0,18.986,25.57
A Kumble,IPL,35.0,47.0,15.0,15.0,3.0,11.67,74.47,3.0,0.0,6.38,45.0,965.0,1058.0,42.0,42.0,160.83,6.58,23.51,21.44,1.07,0.0,0.0,0.0,38.82,0.0,1,1,1.0,1,Bowler,0.36,15.3353,59.3664,59.3664,42.0,0.4118,24.4471,0.0,18.3353,18.2
A Lyth,T20_Blast,3297.0,2174.0,117.0,117.0,112.0,29.44,151.66,357.0,130.0,22.4,20.0,423.0,552.0,34.0,34.0,70.5,7.83,27.6,21.15,0.59,145.75,28.0,25.95,11.5,0.0,1,1,1.0,1,All-Rounder,3.44,49.255,52.7461,50.0412,117.0,1.0,50.0412,36.2696,46.5983,70.97
A Manohar,IPL,231.0,174.0,15.0,15.0,14.0,16.5,132.76,21.0,10.0,17.82,0.0,0.0,0.0,0.0,0.0,0.0,58.23,203.5,118.8,0.0,132.76,16.5,15.4,38.82,0.0,1,0,1.0,0,Batsman,15.0,30.5363,0.0,30.5363,15.0,0.1471,4.4919,28.975,10.6127,15.79
A Mishra,IPL,381.0,419.0,55.0,55.0,32.0,11.91,90.93,31.0,5.0,8.59,174.0,3371.0,4145.0,162.0,162.0,561.83,7.38,23.82,19.37,1.07,63.33,19.0,19.0,8.05,1.0,1,1,1.0,1,Bowler,0.34,19.6615,83.7056,83.7056,162.0,1.0,83.7056,61.9964,78.2783,91.3
A Mithun,IPL,34.0,26.0,6.0,6.0,5.0,6.8,130.77,4.0,1.0,19.23,7.0,288.0,472.0,16.0,16.0,48.0,9.83,67.43,41.14,0.44,0.0,0.0,0.0,38.82,0.0,1,1,1.0,1,Bowler,0.38,26.8968,43.3329,43.3329,16.0,0.1569,6.7989,0.0,5.0992,2.06
A Nehra,IPL,41.0,62.0,17.0,17.0,7.0,5.86,66.13,3.0,1.0,6.45,106.0,1908.0,2495.0,88.0,88.0,318.0,7.85,23.54,18.0,1.2,0.0,0.0,0.0,38.82,0.0,1,1,1.0,1,Bowler,0.19,12.2555,70.0055,70.0055,88.0,0.8627,60.3937,0.0,45.2953,51.08
A Nortje,CPL,30.0,25.0,4.0,4.0,2.0,15.0,120.0,2.0,1.0,12.0,12.0,225.0,334.0,10.0,10.0,37.5,8.91,27.83,18.75,1.2,120.0,15.0,7.5,8.91,1.2,1,1,1.0,1,Bowler,0.4,25.0119,50.0858,50.0858,10.0,0.1389,6.9569,66.4523,21.8307,22.46
A Nortje,IPL,49.0,49.0,13.0,13.0,6.0,8.17,100.0,6.0,0.0,12.24,60.0,1054.0,1574.0,46.0,46.0,175.67,8.96,26.23,17.57,1.3,97.67,8.4,4.2,10.38,1.18,1,1,1.0,1,Bowler,0.28,20.1824,59.5986,59.5986,46.0,0.451,26.879,64.2446,36.2204,40.01
A Phillip,CPL,12.0,18.0,6.0,6.0,1.0,12.0,66.67,0.0,1.0,5.56,10.0,264.0,416.0,18.0,18.0,44.0,9.45,41.6,26.4,0.56,140.0,7.0,3.5,7.8,0.25,1,1,1.0,1,Bowler,0.33,13.9877,47.4683,47.4683,18.0,0.25,11.8671,41.9176,19.3797,19.47
A Shahzad,T20_Blast,32.0,42.0,6.0,6.0,4.0,8.0,76.19,0.0,1.0,2.38,24.0,444.0,579.0,21.0,21.0,74.0,7.82,24.12,18.5,1.14,0.0,0.0,0.0,38.82,0.0,1,1,1.0,1,Bowler,0.29,12.3861,53.964,53.964,21.0,0.3182,17.1713,0.0,12.8785,11.54
A Singh,IPL,2.0,10.0,5.0,5.0,4.0,0.5,20.0,0.0,0.0,0.0,28.0,473.0,620.0,23.0,23.0,78.83,7.87,22.14,16.89,1.22,0.0,0.0,0.0,38.82,0.0,1,1,1.0,1,Bowler,0.22,1.2599,54.9382,54.9382,23.0,0.2255,12.3886,0.0,9.2915,7.17
A Symonds,IPL,974.0,750.0,36.0,36.0,27.0,36.07,129.87,74.0,41.0,15.33,20.0,527.0,674.0,30.0,30.0,87.83,7.67,33.7,26.35,0.67,0.0,0.0,0.0,38.82,0.0,1,1,1.0,1,All-Rounder,1.2,38.2286,52.1554,44.5583,36.0,0.3529,15.7246,0.0,11.7934,13.75
A Zampa,BBL,167.0,185.0,40.0,40.0,23.0,7.26,90.27,13.0,3.0,8.65,124.0,2491.0,3042.0,112.0,112.0,415.17,7.33,24.53,20.09,1.11,67.86,6.33,2.11,7.46,1.06,1,1,1.0,1,Bowler,0.36,17.2945,73.9118,73.9118,112.0,1.0,73.9118,64.2936,71.5072,83.04
A Zampa,CPL,5.0,6.0,2.0,2.0,2.0,2.5,83.33,0.0,0.0,0.0,17.0,319.0,450.0,18.0,18.0,53.17,8.46,26.47,18.76,0.94,0.0,0.0,0.0,38.82,0.0,1,1,1.0,1,Bowler,0.11,10.1735,51.6747,51.6747,18.0,0.25,12.9187,0.0,9.689,7.65
A Zampa,IPL,15.0,24.0,5.0,5.0,5.0,3.0,62.5,1.0,0.0,4.17,29.0,419.0,558.0,20.0,20.0,69.83,7.99,19.24,14.45,1.45,62.5,3.33,3.33,8.55,1.33,1,1,1.0,1,Bowler,0.25,9.6307,55.3706,55.3706,20.0,0.1961,10.8582,70.3895,25.741,27.23
A Zampa,T20_Blast,21.0,28.0,7.0,7.0,4.0,5.25,75.0,1.0,0.0,3.57,24.0,447.0,596.0,20.0,20.0,74.5,8.0,24.83,18.62,1.2,0.0,0.0,0.0,38.82,0.0,1,1,1.0,1,Bowler,0.35,11.782,53.6983,53.6983,20.0,0.303,16.2706,0.0,12.203,10.72
AA Chavan,IPL,12.0,11.0,3.0,3.0,2.0,6.0,109.09,2.0,0.0,18.18,8.0,248.0,326.0,13.0,13.0,41.33,7.89,40.75,31.0,0.62,0.0,0.0,0.0,38.82,0.0,1,1,1.0,1,Bowler,0.23,23.2493,48.7297,48.7297,13.0,0.1275,6.213,0.0,4.6598,1.52
AA Jangoo,CPL,149.0,185.0,12.0,12.0,11.0,13.55,80.54,11.0,6.0,9.19,0.0,0.0,0.0,0.0,0.0,0.0,58.23,203.5,118.8,0.0,80.52,13.78,12.4,38.82,0.0,1,0,1.0,0,Batsman,12.0,18.4518,0.0,18.4518,12.0,0.1667,3.0759,21.0664,7.5735,10.63
AA Jhunjhunwala,IPL,217.0,210.0,15.0,15.0,13.0,16.69,103.33,19.0,5.0,11.43,1.0,85.0,129.0,10.0,10.0,14.17,9.1,129.0,85.0,0.1,0.0,0.0,0.0,38.82,0.0,1,1,1.0,1,Batsman,1.5,23.7682,35.3222,23.7682,15.0,0.1471,3.4963,0.0,2.6222,2.22
AAP Atkinson,T20_Blast,85.0,77.0,21.0,21.0,10.0,8.5,110.39,5.0,3.0,10.39,56.0,840.0,1210.0,44.0,44.0,140.0,8.64,21.61,15.0,1.27,106.98,7.67,3.54,8.52,1.26,1,1,1.0,1,Bowler,0.48,20.893,59.703,59.703,44.0,0.6667,39.804,68.523,46.9838,53.14
AB Agarkar,IPL,179.0,154.0,18.0,18.0,10.0,17.9,116.23,13.0,5.0,11.69,29.0,782.0,1151.0,42.0,42.0,130.33,8.83,39.69,26.97,0.69,0.0,0.0,0.0,38.82,0.0,1,1,1.0,1,Bowler,0.43,25.8681,52.0252,52.0252,42.0,0.4118,21.424,0.0,16.068,15.43
AB Dinda,IPL,26.0,48.0,16.0,16.0,10.0,2.6,54.17,2.0,0.0,4.17,69.0,1516.0,2073.0,75.0,75.0,252.67,8.2,30.04,21.97,0.92,0.0,0.0,0.0,38.82,0.0,1,1,1.0,1,Bowler,0.21,8.4454,61.6404,61.6404,75.0,0.7353,45.3242,0.0,33.9932,37.29
AB Fudadin,CPL,199.0,190.0,10.0,10.0,7.0,28.43,104.74,12.0,8.0,10.53,0.0,0.0,0.0,0.0,0.0,0.0,58.23,203.5,118.8,0.0,0.0,0.0,0.0,38.82,0.0,1,0,1.0,0,Batsman,10.0,27.62,0.0,27.62,10.0,0.1389,3.8364,0.0,2.8773,2.65
AB McDonald,BBL,219.0,194.0,11.0,11.0,10.0,21.9,112.89,10.0,10.0,10.31,5.0,78.0,127.0,9.0,9.0,13.0,9.77,25.4,15.6,0.56,0.0,0.0,0.0,38.82,0.0,1,1,1.0,1,Batsman,1.22,26.329,48.1655,26.329,11.0,0.131,3.4491,0.0,2.5868,2.16
AB McDonald,IPL,123.0,100.0,9.0,9.0,5.0,24.6,123.0,9.0,4.0,13.0,11.0,186.0,261.0,10.0,10.0,31.0,8.42,23.73,16.91,1.1,0.0,0.0,0.0,38.82,0.0,1,1,1.0,1,Bowler,0.9,29.5469,50.8803,50.8803,10.0,0.098,4.9863,0.0,3.7397,0.4
AB de Villiers,IPL,5181.0,3411.0,170.0,170.0,130.0,39.85,151.89,414.0,253.0,19.55,0.0,0.0,0.0,0.0,0.0,0.0,58.23,203.5,118.8,0.0,0.0,0.0,0.0,38.82,0.0,1,0,1.0,0,Wicketkeeper-Batsman,170.0,57.5086,0.0,63.2595,170.0,1.0,63.2595,0.0,47.4446,81.15
AC Agar,BBL,766.0,649.0,64.0,64.0,44.0,17.41,118.03,41.0,32.0,11.25,69.0,1794.0,2158.0,87.0,87.0,299.0,7.22,31.28,26.0,0.79,103.57,9.67,7.25,7.18,0.64,1,1,1.0,1,All-Rounder,0.74,27.5542,62.46,47.6669,87.0,1.0,47.6669,35.7512,44.688,67.83
AC Agar,T20_Blast,227.0,143.0,14.0,14.0,7.0,32.43,158.74,14.0,15.0,20.28,16.0,355.0,520.0,16.0,16.0,59.17,8.79,32.5,22.19,1.0,191.67,46.0,15.33,9.12,0.67,1,1,1.0,1,Bowler,0.88,40.6598,50.4116,50.4116,16.0,0.2424,12.2198,51.8254,22.1212,22.82
AC Blizzard,BBL,572.0,451.0,25.0,25.0,20.0,28.6,126.83,51.0,15.0,14.63,0.0,0.0,0.0,0.0,0.0,0.0,58.23,203.5,118.8,0.0,0.0,0.0,0.0,38.82,0.0,1,0,1.0,0,Batsman,25.0,33.6165,0.0,33.6165,25.0,0.2976,10.0043,0.0,7.5032,10.51
AC Gilchrist,IPL,2069.0,1495.0,80.0,80.0,76.0,27.22,138.39,239.0,92.0,22.14,1.0,1.0,0.0,1.0,1.0,0.17,0.0,0.0,1.0,1.0,0.0,0.0,0.0,38.82,0.0,1,1,1.0,1,Wicketkeeper-Batsman,80.0,42.8007,60.1951,47.0808,80.0,0.7843,36.9255,0.0,27.6941,46.02
AC Lenham,T20_Blast,15.0,34.0,5.0,5.0,1.0,15.0,44.12,0.0,0.0,0.0,14.0,366.0,501.0,23.0,23.0,61.0,8.21,35.79,26.14,0.61,57.14,8.0,4.0,8.77,0.23,1,1,1.0,1,Bowler,0.22,9.5428,50.1924,50.1924,23.0,0.3485,17.4921,40.2761,23.1881,24.12
AC McDermott,BBL,0.0,5.0,1.0,1.0,1.0,0.0,0.0,0.0,0.0,0.0,18.0,273.0,391.0,14.0,14.0,45.5,8.59,21.72,15.17,1.29,0.0,0.0,0.0,38.82,0.0,0,1,1.0,1,Bowler,0.07,0.0,52.3245,52.3245,14.0,0.1667,8.7225,0.0,6.5419,3.82
AC Thomas,BBL,23.0,35.0,7.0,7.0,4.0,5.75,65.71,1.0,0.0,2.86,19.0,424.0,483.0,20.0,20.0,70.67,6.83,25.42,22.32,0.95,0.0,0.0,0.0,38.82,0.0,1,1,1.0,1,Bowler,0.35,10.4309,53.8106,53.8106,20.0,0.2381,12.8123,0.0,9.6092,7.56
AC Thomas,IPL,20.0,19.0,4.0,4.0,2.0,10.0,105.26,1.0,1.0,10.53,14.0,315.0,406.0,15.0,15.0,52.5,7.73,29.0,22.5,0.93,0.0,0.0,0.0,38.82,0.0,1,1,1.0,1,Bowler,0.27,20.6211,51.5026,51.5026,15.0,0.1471,7.576,0.0,5.682,2.77
AC Thomas,T20_Blast,37.0,26.0,4.0,4.0,0.0,37.0,142.31,5.0,0.0,19.23,27.0,423.0,658.0,21.0,21.0,70.5,9.33,24.37,15.67,1.29,0.0,0.0,0.0,38.82,0.0,1,1,0.0,1,Bowler,0.19,39.0639,53.0211,53.0211,21.0,0.3182,16.8713,0.0,12.6535,11.27
AC Voges,BBL,963.0,764.0,47.0,47.0,36.0,26.75,126.05,77.0,13.0,11.78,3.0,66.0,76.0,6.0,6.0,11.0,6.91,25.33,22.0,0.5,0.0,0.0,0.0,38.82,0.0,1,1,1.0,1,Batsman,7.83,32.7523,50.6204,32.7523,47.0,0.5595,18.3249,0.0,13.7437,21.1
AC Voges,CPL,109.0,128.0,10.0,10.0,8.0,13.62,85.16,5.0,2.0,5.47,0.0,36.0,40.0,3.0,3.0,6.0,6.67,203.5,118.8,0.0,0.0,0.0,0.0,38.82,0.0,1,1,1.0,0,Batsman,3.33,17.2139,28.3848,17.2139,10.0,0.1389,2.391,0.0,1.7932,0.81
AD Hales,BBL,2251.0,1514.0,76.0,76.0,71.0,31.7,148.68,234.0,99.0,21.99,0.0,0.0,0.0,0.0,0.0,0.0,58.23,203.5,118.8,0.0,141.29,29.59,27.94,38.82,0.0,1,0,1.0,0,Batsman,76.0,46.2125,0.0,46.2125,76.0,0.9048,41.8131,43.0878,42.1318,69.29
AD Hales,CPL,414.0,306.0,19.0,19.0,18.0,23.0,135.29,47.0,20.0,21.9,0.0,0.0,0.0,0.0,0.0,0.0,58.23,203.5,118.8,0.0,146.62,36.17,31.0,38.82,0.0,1,0,1.0,0,Batsman,19.0,35.6338,0.0,35.6338,19.0,0.2639,9.4038,48.2663,19.1194,30.23
AD Hales,PSL,1180.0,837.0,42.0,42.0,40.0,29.5,140.98,136.0,42.0,21.27,0.0,0.0,0.0,0.0,0.0,0.0,58.23,203.5,118.8,0.0,138.83,26.67,25.6,38.82,0.0,1,0,1.0,0,Batsman,42.0,40.7614,0.0,40.7614,42.0,0.7778,31.7042,40.1713,33.821,55.19
AD Hales,T20_Blast,3274.0,2097.0,121.0,121.0,111.0,29.5,156.13,389.0,141.0,25.27,0.0,0.0,0.0,0.0,0.0,0.0,58.23,203.5,118.8,0.0,152.45,24.71,23.33,38.82,0.0,1,0,1.0,0,Batsman,121.0,51.1223,0.0,51.1223,121.0,1.0,51.1223,39.2112,48.1445,79.5
AD Mascarenhas,IPL,79.0,78.0,11.0,11.0,9.0,8.78,101.28,5.0,1.0,7.69,19.0,308.0,356.0,13.0,13.0,51.33,6.94,18.74,16.21,1.46,0.0,0.0,0.0,38.82,0.0,1,1,1.0,1,Bowler,0.85,18.5339,54.5222,54.5222,13.0,0.1275,6.9516,0.0,5.2137,2.2
AD Mathews,IPL,724.0,575.0,41.0,41.0,31.0,23.35,125.91,44.0,29.0,12.7,27.0,791.0,1079.0,44.0,44.0,131.83,8.18,39.96,29.3,0.61,0.0,0.0,0.0,38.82,0.0,1,1,1.0,1,All-Rounder,0.93,31.2173,52.2464,42.102,44.0,0.4314,18.1628,0.0,13.6221,16.76
AD Nath,IPL,90.0,98.0,10.0,10.0,10.0,9.0,91.84,7.0,2.0,9.18,0.0,0.0,0.0,0.0,0.0,0.0,58.23,203.5,118.8,0.0,0.0,0.0,0.0,38.82,0.0,1,0,1.0,0,Batsman,10.0,18.1192,0.0,18.1192,10.0,0.098,1.7757,0.0,1.3318,0.03
AD Russell,BBL,454.0,291.0,24.0,24.0,19.0,23.89,156.01,25.0,35.0,20.62,25.0,531.0,772.0,26.0,26.0,88.5,8.72,30.88,21.24,0.96,124.69,25.25,25.25,8.58,1.0,1,1,1.0,1,All-Rounder,0.92,38.1577,52.4361,45.5825,26.0,0.3095,14.1078,49.7124,23.009,32.19
AD Russell,CPL,1871.0,1094.0,94.0,94.0,66.0,28.35,171.02,129.0,154.0,25.87,85.0,1536.0,2250.0,89.0,89.0,256.0,8.79,26.47,18.07,0.96,162.39,21.11,14.62,9.25,0.75,1,1,1.0,1,All-Rounder,1.06,48.5464,64.6158,56.3609,94.0,1.0,56.3609,43.533,53.1539,81.74
AD Russell,IPL,2488.0,1423.0,104.0,104.0,86.0,28.93,174.84,171.0,209.0,26.7,115.0,1697.0,2646.0,112.0,112.0,282.83,9.36,23.01,14.76,1.03,167.52,29.04,22.4,10.25,1.19,1,1,1.0,1,All-Rounder,0.93,51.558,70.3292,61.2909,112.0,1.0,61.2909,53.2695,59.2856,91.82
AD Russell,PSL,184.0,131.0,16.0,16.0,15.0,12.27,140.46,15.0,12.0,20.61,21.0,332.0,483.0,17.0,17.0,55.33,8.73,23.0,15.81,1.24,0.0,0.0,0.0,38.82,0.0,1,1,1.0,1,All-Rounder,0.94,31.1946,52.6137,42.2297,17.0,0.3148,13.2939,0.0,9.9704,10.75
AD Thomason,T20_Blast,321.0,255.0,25.0,25.0,18.0,17.83,125.88,16.0,14.0,11.76,21.0,348.0,642.0,20.0,20.0,58.0,11.07,30.57,16.57,1.05,0.0,0.0,0.0,38.82,0.0,1,1,1.0,1,All-Rounder,1.25,27.5683,49.363,37.2539,25.0,0.3788,14.1118,0.0,10.5838,11.76
ADS Fletcher,BBL,206.0,158.0,12.0,12.0,10.0,20.6,130.38,22.0,9.0,19.62,0.0,6.0,8.0,1.0,1.0,1.0,8.0,203.5,118.8,0.0,0.0,0.0,0.0,38.82,0.0,1,1,1.0,0,Wicketkeeper-Batsman,12.0,32.4378,27.0657,35.6816,12.0,0.1429,5.0989,0.0,3.8242,3.56
ADS Fletcher,CPL,3033.0,2459.0,111.0,111.0,101.0,30.03,123.34,250.0,140.0,15.86,0.0,12.0,20.0,2.0,2.0,2.0,10.0,203.5,118.8,0.0,132.64,34.38,31.73,38.82,0.0,1,1,1.0,0,Wicketkeeper-Batsman,55.5,41.9218,25.0822,46.114,111.0,1.0,46.114,46.6528,46.2487,79.02
AEN Riley,T20_Blast,10.0,12.0,3.0,3.0,2.0,5.0,83.33,1.0,0.0,8.33,13.0,234.0,336.0,12.0,12.0,39.0,8.62,25.85,18.0,1.08,0.0,0.0,0.0,38.82,0.0,1,1,1.0,1,Bowler,0.25,14.9589,50.8117,50.8117,12.0,0.1818,9.2376,0.0,6.9282,4.29
AF Milne,BBL,13.0,15.0,6.0,6.0,4.0,3.25,86.67,0.0,0.0,0.0,8.0,324.0,420.0,15.0,15.0,54.0,7.78,52.5,40.5,0.53,71.43,2.5,2.5,8.7,1.0,1,1,1.0,1,Bowler,0.4,10.8956,47.3953,47.3953,15.0,0.1786,8.4648,61.2603,21.6637,22.26
AF Milne,IPL,23.0,29.0,6.0,6.0,4.0,5.75,79.31,0.0,1.0,3.45,7.0,207.0,327.0,10.0,10.0,34.5,9.48,46.71,29.57,0.7,0.0,0.0,0.0,7.6,0.0,1,1,1.0,1,Bowler,0.6,12.4668,46.2254,46.2254,10.0,0.098,4.5301,35.3567,12.2367,10.76
AF Milne,T20_Blast,111.0,77.0,14.0,14.0,8.0,13.88,144.16,9.0,4.0,16.88,45.0,683.0,842.0,31.0,31.0,113.83,7.4,18.71,15.18,1.45,0.0,0.0,0.0,38.82,0.0,1,1,1.0,1,Bowler,0.45,30.2738,59.1428,59.1428,31.0,0.4697,27.7794,0.0,20.8346,21.25
AG Murtaza,IPL,10.0,14.0,3.0,3.0,1.0,10.0,71.43,1.0,0.0,7.14,9.0,264.0,313.0,12.0,12.0,44.0,7.11,34.78,29.33,0.75,0.0,0.0,0.0,38.82,0.0,1,1,1.0,1,Bowler,0.25,14.6287,50.4318,50.4318,12.0,0.1176,5.9308,0.0,4.4481,1.26
AG Prince,T20_Blast,827.0,611.0,25.0,25.0,23.0,35.96,135.35,87.0,15.0,16.69,0.0,0.0,0.0,0.0,0.0,0.0,58.23,203.5,118.8,0.0,0.0,0.0,0.0,38.82,0.0,1,0,1.0,0,Batsman,25.0,39.0752,0.0,39.0752,25.0,0.3788,14.8017,0.0,11.1013,16.62
AG Salter,T20_Blast,387.0,337.0,52.0,52.0,29.0,13.34,114.84,26.0,13.0,11.57,67.0,1434.0,1992.0,76.0,76.0,239.0,8.33,29.73,21.4,0.88,124.24,10.25,8.2,8.75,0.78,1,1,1.0,1,All-Rounder,0.68,24.6709,61.1593,46.3377,76.0,1.0,46.3377,38.1489,44.2905,67.17
AG Wakely,T20_Blast,1350.0,1149.0,66.0,66.0,50.0,27.0,117.49,93.0,35.0,11.14,0.0,0.0,0.0,0.0,0.0,0.0,58.23,203.5,118.8,0.0,0.0,0.0,0.0,38.82,0.0,1,0,1.0,0,Batsman,66.0,32.6413,0.0,32.6413,66.0,1.0,32.6413,0.0,24.481,39.33
AGH Orr,T20_Blast,232.0,146.0,11.0,11.0,11.0,21.09,158.9,27.0,11.0,26.03,0.0,0.0,0.0,0.0,0.0,0.0,58.23,203.5,118.8,0.0,158.9,21.09,21.09,38.82,0.0,1,0,1.0,0,Batsman,11.0,39.375,0.0,39.375,11.0,0.1667,6.5638,36.8963,14.1469,21.79
AHT Donald,T20_Blast,1293.0,886.0,68.0,68.0,63.0,20.52,145.94,136.0,51.0,21.11,0.0,0.0,0.0,0.0,0.0,0.0,58.23,203.5,118.8,0.0,169.66,22.06,19.85,38.82,0.0,1,0,1.0,0,Batsman,68.0,38.5105,0.0,38.5105,68.0,1.0,38.5105,37.5451,38.2691,62.74
AI Ross,BBL,2176.0,1680.0,98.0,98.0,78.0,27.9,129.52,159.0,77.0,14.05,0.0,0.0,0.0,0.0,0.0,0.0,58.23,203.5,118.8,0.0,130.75,26.0,21.81,38.82,0.0,1,0,1.0,0,Batsman,98.0,38.4513,0.0,38.4513,98.0,1.0,38.4513,36.7782,38.033,62.34
AJ Ball,T20_Blast,81.0,81.0,9.0,9.0,5.0,16.2,100.0,4.0,2.0,7.41,5.0,189.0,313.0,13.0,13.0,31.5,9.94,62.6,37.8,0.38,0.0,0.0,0.0,38.82,0.0,1,1,1.0,1,Bowler,0.69,20.8639,43.4269,43.4269,13.0,0.197,8.5551,0.0,6.4163,3.66
AJ Blake,T20_Blast,1843.0,1303.0,99.0,99.0,78.0,23.63,141.44,134.0,88.0,17.04,1.0,78.0,96.0,8.0,8.0,13.0,7.38,96.0,78.0,0.12,156.12,25.5,23.54,38.82,0.0,1,1,1.0,1,Batsman,12.38,38.8429,41.0822,38.8429,99.0,1.0,38.8429,40.0193,39.137,64.21
AJ Doolan,BBL,388.0,353.0,22.0,22.0,20.0,19.4,109.92,41.0,4.0,12.75,0.0,0.0,0.0,0.0,0.0,0.0,58.23,203.5,118.8,0.0,0.0,0.0,0.0,38.82,0.0,1,0,1.0,0,Batsman,22.0,26.7276,0.0,26.7276,22.0,0.2619,7.0,0.0,5.25,6.68
AJ Finch,BBL,3310.0,2522.0,104.0,104.0,95.0,34.84,131.25,292.0,118.0,16.26,5.0,142.0,208.0,16.0,16.0,23.67,8.79,41.6,28.4,0.31,116.78,32.93,26.0,38.82,0.0,1,1,1.0,1,Batsman,6.5,45.6951,47.1473,45.6951,104.0,1.0,45.6951,40.9966,44.5205,73.35
AJ Finch,IPL,2092.0,1635.0,90.0,90.0,83.0,25.2,127.95,214.0,78.0,17.86,1.0,43.0,67.0,5.0,5.0,7.17,9.34,67.0,43.0,0.2,140.98,17.2,17.2,38.82,0.0,1,1,1.0,1,Batsman,18.0,38.8105,42.7009,38.8105,90.0,0.8824,34.2464,31.1586,33.4745,54.6
AJ Finch,T20_Blast,2067.0,1302.0,57.0,57.0,49.0,42.18,158.76,191.0,102.0,22.5,1.0,24.0,43.0,4.0,4.0,4.0,10.75,43.0,24.0,0.25,0.0,0.0,0.0,38.82,0.0,1,1,1.0,1,Batsman,14.25,50.8818,44.2509,50.8818,57.0,0.8636,43.9415,0.0,32.9561,53.72
AJ Hodd,T20_Blast,118.0,107.0,12.0,12.0,10.0,11.8,110.28,11.0,5.0,14.95,0.0,0.0,0.0,0.0,0.0,0.0,58.23,203.5,118.8,0.0,0.0,0.0,0.0,38.82,0.0,1,0,1.0,0,Wicketkeeper-Batsman,12.0,24.2748,0.0,26.7023,12.0,0.1818,4.8545,0.0,3.6409,3.23
AJ Hose,BBL,402.0,310.0,21.0,21.0,17.0,23.65,129.68,31.0,14.0,14.52,0.0,0.0,0.0,0.0,0.0,0.0,58.23,203.5,118.8,0.0,129.68,23.65,19.14,38.82,0.0,1,0,1.0,0,Batsman,21.0,31.6559,0.0,31.6559,21.0,0.25,7.914,34.0279,14.4425,22.29
AJ Hose,T20_Blast,2691.0,1833.0,99.0,99.0,85.0,31.66,146.81,236.0,120.0,19.42,0.0,0.0,0.0,0.0,0.0,0.0,58.23,203.5,118.8,0.0,147.92,40.13,30.34,38.82,0.0,1,0,1.0,0,Batsman,99.0,46.1298,0.0,46.1298,99.0,1.0,46.1298,49.6512,47.0102,77.58
AJ Hosein,BBL,100.0,84.0,10.0,10.0,7.0,14.29,119.05,4.0,5.0,10.71,19.0,348.0,394.0,15.0,15.0,58.0,6.79,20.74,18.32,1.27,119.05,14.29,10.0,6.79,1.27,1,1,1.0,1,Bowler,0.67,24.2546,54.4252,54.4252,15.0,0.1786,9.7203,70.7537,24.9786,26.3
AJ Hosein,CPL,312.0,298.0,35.0,35.0,21.0,14.86,104.7,18.0,13.0,10.4,59.0,1346.0,1417.0,65.0,65.0,224.33,6.32,24.02,22.81,0.91,96.48,13.7,9.13,6.73,1.0,1,1,1.0,1,All-Rounder,0.54,23.1151,62.2933,48.5809,65.0,0.9028,43.8588,41.9952,43.3929,65.7
AJ Hosein,PSL,115.0,95.0,9.0,9.0,6.0,19.17,121.05,6.0,6.0,12.63,16.0,306.0,406.0,13.0,13.0,51.0,7.96,25.38,19.12,1.23,121.05,19.17,12.78,7.96,1.23,1,1,1.0,1,Bowler,0.69,27.1794,52.1094,52.1094,13.0,0.2407,12.5427,68.3427,26.4927,28.15
AJ Ireland,T20_Blast,7.0,6.0,2.0,2.0,2.0,3.5,116.67,0.0,1.0,16.67,17.0,209.0,305.0,10.0,10.0,34.83,8.76,17.94,12.29,1.7,0.0,0.0,0.0,38.82,0.0,1,1,1.0,1,Bowler,0.2,22.6275,52.4251,52.4251,10.0,0.1515,7.9424,0.0,5.9568,3.1
AJ Nair,BBL,238.0,201.0,21.0,21.0,12.0,19.83,118.41,14.0,7.0,10.45,22.0,462.0,591.0,30.0,30.0,77.0,7.68,26.86,21.0,0.73,0.0,0.0,0.0,38.82,0.0,1,1,1.0,1,All-Rounder,0.7,26.4372,53.3761,42.2827,30.0,0.3571,15.0992,0.0,11.3244,12.98
AJ Turner,BBL,2242.0,1548.0,108.0,108.0,81.0,27.68,144.83,153.0,93.0,15.89,15.0,336.0,430.0,41.0,41.0,56.0,7.68,28.67,22.4,0.37,150.59,40.0,25.6,7.81,0.27,1,1,1.0,1,Batsman,2.63,41.42,51.7878,41.42,108.0,1.0,41.42,46.9044,42.7911,70.41
AJ Turner,T20_Blast,693.0,468.0,31.0,31.0,21.0,33.0,148.08,54.0,23.0,16.45,9.0,188.0,248.0,16.0,16.0,31.33,7.92,27.56,20.89,0.56,148.08,33.0,22.35,7.92,0.56,1,1,1.0,1,Batsman,1.94,39.1478,50.5154,39.1478,31.0,0.4697,18.3877,41.6949,24.2145,38.88
AJ Tye,BBL,270.0,231.0,36.0,36.0,23.0,11.74,116.88,23.0,11.0,14.72,159.0,2464.0,3279.0,114.0,114.0,410.67,7.98,20.62,15.5,1.39,132.5,13.25,5.89,8.62,1.39,1,1,1.0,1,Bowler,0.32,25.4749,80.5768,80.5768,114.0,1.0,80.5768,71.9392,78.4174,91.47
AJ Tye,IPL,91.0,76.0,13.0,13.0,9.0,10.11,119.74,6.0,5.0,14.47,42.0,685.0,978.0,30.0,30.0,114.17,8.57,23.29,16.31,1.4,0.0,0.0,0.0,9.73,0.67,1,1,1.0,1,Bowler,0.43,24.5944,56.8344,56.8344,30.0,0.2941,16.715,51.1346,25.3199,26.72
AJ Tye,T20_Blast,274.0,175.0,30.0,30.0,16.0,17.12,156.57,14.0,19.0,18.86,85.0,1293.0,1753.0,60.0,60.0,215.5,8.13,20.62,15.21,1.42,161.76,20.62,11.0,8.84,1.67,1,1,1.0,1,All-Rounder,0.5,34.4568,65.989,55.4793,60.0,0.9091,50.4362,54.9972,51.5764,79.15
AJA Wheater,T20_Blast,1487.0,1144.0,75.0,75.0,68.0,21.87,129.98,151.0,29.0,15.73,0.0,0.0,0.0,0.0,0.0,0.0,58.23,203.5,118.8,0.0,0.0,0.0,0.0,38.82,0.0,1,0,1.0,0,Wicketkeeper-Batsman,75.0,35.0159,0.0,38.5175,75.0,1.0,38.5175,0.0,28.8881,48.14
AK Markram,IPL,995.0,767.0,42.0,42.0,33.0,30.15,129.73,73.0,35.0,14.08,2.0,121.0,172.0,14.0,14.0,20.17,8.53,86.0,60.5,0.14,131.02,30.32,23.58,9.21,0.17,1,1,1.0,1,Batsman,3.0,35.6023,41.3652,35.6023,42.0,0.4118,14.661,39.727,20.9275,33.3
AL Davies,T20_Blast,2493.0,1898.0,115.0,115.0,104.0,23.97,131.35,274.0,59.0,17.54,0.0,0.0,0.0,0.0,0.0,0.0,58.23,203.5,118.8,0.0,139.76,19.5,18.61,38.82,0.0,1,0,1.0,0,Wicketkeeper-Batsman,115.0,39.9181,0.0,43.9099,115.0,1.0,43.9099,32.891,41.1552,69.96
AL Fekete,BBL,3.0,12.0,4.0,4.0,2.0,1.5,25.0,0.0,0.0,0.0,10.0,239.0,405.0,15.0,15.0,39.83,10.17,40.5,23.9,0.67,0.0,0.0,0.0,38.82,0.0,1,1,1.0,1,Bowler,0.27,2.2633,46.8894,46.8894,15.0,0.1786,8.3744,0.0,6.2808,3.5
AL Hughes,T20_Blast,898.0,725.0,67.0,67.0,51.0,17.61,123.86,66.0,27.0,12.83,55.0,1469.0,1995.0,86.0,86.0,244.83,8.15,36.27,26.71,0.64,120.75,12.8,9.14,9.21,0.6,1,1,1.0,1,All-Rounder,0.78,29.5286,58.1929,45.6408,86.0,1.0,45.6408,36.1117,43.2585,65.48
AL Menaria,IPL,401.0,356.0,23.0,23.0,21.0,19.1,112.64,24.0,18.0,11.8,3.0,110.0,144.0,12.0,12.0,18.33,7.86,48.0,36.67,0.25,0.0,0.0,0.0,38.82,0.0,1,1,1.0,1,Batsman,1.92,26.571,46.8932,26.571,23.0,0.2255,5.9918,0.0,4.4938,5.4
AM Ali,T20_Blast,196.0,180.0,16.0,16.0,14.0,14.0,108.89,9.0,5.0,7.78,4.0,72.0,93.0,4.0,4.0,12.0,7.75,23.25,18.0,1.0,0.0,0.0,0.0,38.82,0.0,1,1,1.0,1,Batsman,4.0,21.7693,50.2379,21.7693,16.0,0.2424,5.2769,0.0,3.9577,4.49
AM Hardie,BBL,1160.0,891.0,51.0,51.0,41.0,28.29,130.19,82.0,46.0,14.37,26.0,517.0,713.0,34.0,34.0,86.17,8.27,27.42,19.88,0.76,130.57,33.85,27.7,7.4,0.85,1,1,1.0,1,All-Rounder,1.5,35.6552,53.5026,42.7942,51.0,0.6071,25.9804,51.1968,32.2845,47.44
AM Lilley,T20_Blast,1663.0,1128.0,89.0,89.0,82.0,20.28,147.43,166.0,67.0,20.66,44.0,1070.0,1376.0,73.0,73.0,178.33,7.72,31.27,24.32,0.6,135.27,19.39,18.37,15.0,1.0,1,1,1.0,1,All-Rounder,1.22,39.563,57.0873,47.4594,89.0,1.0,47.4594,43.2001,46.3946,70.63
AM McCarthy,CPL,344.0,291.0,20.0,20.0,18.0,19.11,118.21,22.0,18.0,13.75,0.0,15.0,30.0,2.0,2.0,2.5,12.0,203.5,118.8,0.0,0.0,0.0,0.0,38.82,0.0,1,1,1.0,0,Batsman,10.0,28.0277,23.0986,28.0277,20.0,0.2778,7.7861,0.0,5.8396,7.68
AM Nayar,IPL,672.0,577.0,50.0,50.0,38.0,17.68,116.46,55.0,20.0,13.0,9.0,229.0,322.0,19.0,19.0,38.17,8.44,35.78,25.44,0.47,0.0,0.0,0.0,38.82,0.0,1,1,1.0,1,Batsman,2.63,27.9696,48.9899,27.9696,50.0,0.4902,13.7107,0.0,10.283,15.23
AM Rahane,IPL,4642.0,3761.0,171.0,171.0,154.0,30.14,123.42,479.0,103.0,15.47,1.0,6.0,5.0,1.0,1.0,1.0,5.0,5.0,6.0,1.0,136.65,24.17,23.37,38.82,0.0,1,1,1.0,1,Batsman,171.0,46.809,54.622,46.809,171.0,1.0,46.809,37.5267,44.4884,73.29
AM Rossington,T20_Blast,2178.0,1510.0,105.0,105.0,101.0,21.56,144.24,244.0,83.0,21.66,0.0,0.0,0.0,0.0,0.0,0.0,58.23,203.5,118.8,0.0,150.2,20.54,20.54,38.82,0.0,1,0,1.0,0,Wicketkeeper-Batsman,105.0,41.6754,0.0,45.8429,105.0,1.0,45.8429,35.507,43.2589,73.71
AN Ahmed,IPL,36.0,26.0,6.0,6.0,1.0,36.0,138.46,4.0,1.0,19.23,12.0,344.0,498.0,17.0,17.0,57.33,8.69,41.5,28.67,0.71,0.0,0.0,0.0,38.82,0.0,1,1,1.0,1,Bowler,0.35,38.2093,48.6246,48.6246,17.0,0.1667,8.1057,0.0,6.0793,3.25
AN Kervezee,T20_Blast,252.0,221.0,17.0,17.0,15.0,16.8,114.03,18.0,2.0,9.05,0.0,0.0,0.0,0.0,0.0,0.0,58.23,203.5,118.8,0.0,0.0,0.0,0.0,38.82,0.0,1,0,1.0,0,Batsman,17.0,24.1907,0.0,24.1907,17.0,0.2576,6.2315,0.0,4.6736,5.7
AN Petersen,T20_Blast,659.0,502.0,22.0,22.0,17.0,38.76,131.27,42.0,16.0,11.55,0.0,0.0,0.0,0.0,0.0,0.0,58.23,203.5,118.8,0.0,0.0,0.0,0.0,38.82,0.0,1,0,1.0,0,Batsman,22.0,36.6131,0.0,36.6131,22.0,0.3333,12.2031,0.0,9.1523,13.31
AP Devcich,CPL,175.0,137.0,11.0,11.0,10.0,17.5,127.74,19.0,5.0,17.52,5.0,168.0,213.0,11.0,11.0,28.0,7.61,42.6,33.6,0.45,0.0,0.0,0.0,38.82,0.0,1,1,1.0,1,Batsman,1.0,29.9248,48.1947,29.9248,11.0,0.1528,4.5725,0.0,3.4294,3.59
AP Devcich,PSL,280.0,207.0,10.0,10.0,10.0,28.0,135.27,26.0,12.0,18.36,0.0,12.0,31.0,2.0,2.0,2.0,15.5,203.5,118.8,0.0,0.0,0.0,0.0,38.82,0.0,1,1,1.0,0,Batsman,5.0,35.3268,19.6274,35.3268,10.0,0.1852,6.5425,0.0,4.9069,6.1
AP Palladino,T20_Blast,27.0,35.0,6.0,6.0,5.0,5.4,77.14,2.0,0.0,5.71,6.0,203.0,267.0,10.0,10.0,33.83,7.89,44.5,33.83,0.6,0.0,0.0,0.0,38.82,0.0,1,1,1.0,1,Bowler,0.6,13.1293,47.8787,47.8787,10.0,0.1515,7.2536,0.0,5.4402,2.47
AP Tare,IPL,339.0,273.0,27.0,27.0,24.0,14.12,124.18,40.0,11.0,18.68,0.0,0.0,0.0,0.0,0.0,0.0,58.23,203.5,118.8,0.0,0.0,0.0,0.0,38.82,0.0,1,0,1.0,0,Wicketkeeper-Batsman,27.0,29.3234,0.0,32.2557,27.0,0.2647,8.5381,0.0,6.4036,8.15
APR Gidman,T20_Blast,232.0,204.0,14.0,14.0,14.0,16.57,113.73,28.0,3.0,15.2,0.0,0.0,0.0,0.0,0.0,0.0,58.23,203.5,118.8,0.0,0.0,0.0,0.0,38.82,0.0,1,0,1.0,0,Batsman,14.0,26.8781,0.0,26.8781,14.0,0.2121,5.7008,0.0,4.2756,5.03
AR Nedd,CPL,9.0,11.0,4.0,4.0,3.0,3.0,81.82,1.0,0.0,9.09,13.0,305.0,345.0,15.0,15.0,50.83,6.79,26.54,23.46,0.87,116.67,3.5,3.5,7.71,1.25,1,1,1.0,1,Bowler,0.27,14.4088,52.5419,52.5419,15.0,0.2083,10.9445,69.1688,25.5006,26.94
AR Nurse,CPL,444.0,383.0,44.0,44.0,25.0,17.76,115.93,27.0,23.0,13.05,25.0,672.0,874.0,44.0,44.0,112.0,7.8,34.96,26.88,0.57,0.0,0.0,0.0,38.82,0.0,1,1,1.0,1,All-Rounder,1.0,27.2412,52.8473,40.0442,44.0,0.6111,24.471,0.0,18.3532,24.53
AR Patel,IPL,1653.0,1263.0,112.0,112.0,77.0,21.47,130.88,107.0,79.0,14.73,123.0,3105.0,3764.0,148.0,148.0,517.5,7.27,30.6,25.24,0.83,139.44,31.82,20.0,7.43,0.7,1,1,1.0,1,All-Rounder,0.76,35.0425,73.0305,56.6653,148.0,1.0,56.6653,46.7408,54.1842,83.44
AS Joseph,CPL,232.0,208.0,33.0,33.0,16.0,14.5,111.54,14.0,13.0,12.98,76.0,1354.0,1842.0,63.0,63.0,225.67,8.16,24.24,17.82,1.21,116.07,14.44,8.12,7.54,1.44,1,1,1.0,1,All-Rounder,0.52,24.8277,63.7584,50.374,63.0,0.875,44.0772,48.2704,45.1255,68.55
AS Joseph,IPL,27.0,32.0,5.0,5.0,1.0,27.0,84.38,3.0,0.0,9.38,21.0,434.0,691.0,22.0,22.0,72.33,9.55,32.9,20.67,0.95,63.16,12.0,3.0,9.49,0.79,1,1,1.0,1,Bowler,0.23,23.4062,50.5843,50.5843,22.0,0.2157,10.911,54.6643,21.8493,22.48
AS Rajpoot,IPL,26.0,41.0,7.0,7.0,5.0,5.2,63.41,2.0,1.0,7.32,24.0,530.0,813.0,29.0,29.0,88.33,9.2,33.88,22.08,0.83,0.0,0.0,0.0,38.82,0.0,1,1,1.0,1,Bowler,0.24,12.0295,51.3964,51.3964,29.0,0.2843,14.612,0.0,10.959,9.2
AS Raut,IPL,194.0,167.0,16.0,16.0,9.0,21.56,116.17,13.0,7.0,11.98,0.0,30.0,44.0,5.0,5.0,5.0,8.8,203.5,118.8,0.0,0.0,0.0,0.0,38.82,0.0,1,1,1.0,0,Batsman,3.2,27.3348,26.2723,27.3348,16.0,0.1569,4.2888,0.0,3.2166,3.23
ASS Nijjar,T20_Blast,97.0,84.0,18.0,18.0,11.0,8.82,115.48,8.0,3.0,13.1,29.0,741.0,1033.0,37.0,37.0,123.5,8.36,35.62,25.55,0.78,100.0,5.5,3.14,11.6,0.33,1,1,1.0,1,Bowler,0.49,22.9669,52.9913,52.9913,37.0,0.5606,29.7069,39.786,32.2267,35.14
AT Carey,BBL,1890.0,1453.0,59.0,59.0,56.0,33.75,130.08,189.0,50.0,16.45,0.0,0.0,0.0,0.0,0.0,0.0,58.23,203.5,118.8,0.0,146.53,26.38,26.38,38.82,0.0,1,0,1.0,0,Wicketkeeper-Batsman,59.0,40.8171,0.0,44.8988,59.0,0.7024,31.5369,41.2548,33.9664,57.18
AT Rayudu,IPL,4348.0,3409.0,185.0,185.0,154.0,28.23,127.54,359.0,173.0,15.61,0.0,0.0,0.0,0.0,0.0,0.0,58.23,203.5,118.8,0.0,128.19,20.57,18.78,38.82,0.0,1,0,1.0,0,Batsman,185.0,45.816,0.0,45.816,185.0,1.0,45.816,32.3638,42.453,69.84
AT Thomson,T20_Blast,184.0,136.0,18.0,18.0,9.0,20.44,135.29,12.0,8.0,14.71,24.0,582.0,827.0,32.0,32.0,97.0,8.53,34.46,24.25,0.75,129.73,32.0,12.0,8.93,0.71,1,1,1.0,1,Bowler,0.56,30.6571,51.9896,51.9896,32.0,0.4848,25.2046,53.1265,32.1851,35.09
AU Rashid,T20_Blast,184.0,160.0,22.0,22.0,11.0,16.73,115.0,16.0,3.0,11.88,65.0,1233.0,1548.0,56.0,56.0,205.5,7.53,23.82,18.97,1.16,233.33,7.0,7.0,8.87,0.88,1,1,1.0,1,Bowler,0.39,25.4,62.2885,62.2885,56.0,0.8485,52.8518,57.8098,54.0913,61.8
AW Finch,T20_Blast,61.0,62.0,11.0,11.0,5.0,12.2,98.39,5.0,3.0,12.9,23.0,518.0,807.0,25.0,25.0,86.33,9.35,35.09,22.52,0.92,101.75,11.6,5.8,9.38,0.95,1,1,1.0,1,Bowler,0.44,21.7425,50.9038,50.9038,25.0,0.3788,19.2824,59.1327,29.245,31.5
AW Gale,T20_Blast,423.0,392.0,22.0,22.0,21.0,20.14,107.91,46.0,4.0,12.76,0.0,0.0,0.0,0.0,0.0,0.0,58.23,203.5,118.8,0.0,0.0,0.0,0.0,38.82,0.0,1,0,1.0,0,Batsman,22.0,26.8426,0.0,26.8426,22.0,0.3333,8.9466,0.0,6.71,9.16
AW Gorvin,T20_Blast,74.0,65.0,8.0,8.0,6.0,12.33,113.85,4.0,2.0,9.23,11.0,217.0,315.0,11.0,11.0,36.17,8.71,28.64,19.73,1.0,113.85,12.33,9.25,8.71,1.0,1,1,1.0,1,Bowler,0.73,22.1177,49.9895,49.9895,11.0,0.1667,8.3332,61.249,21.5622,22.13
AW O'Brien,BBL,68.0,68.0,11.0,11.0,5.0,13.6,100.0,3.0,2.0,7.35,21.0,468.0,566.0,22.0,22.0,78.0,7.26,26.95,22.29,0.95,0.0,0.0,0.0,38.82,0.0,1,1,1.0,1,Bowler,0.5,19.8772,53.5864,53.5864,22.0,0.2619,14.0343,0.0,10.5257,8.68
AWJ Auguste,CPL,156.0,147.0,11.0,11.0,9.0,17.33,106.12,14.0,4.0,12.24,0.0,0.0,0.0,0.0,0.0,0.0,58.23,203.5,118.8,0.0,106.12,17.33,14.18,38.82,0.0,1,0,1.0,0,Batsman,11.0,24.543,0.0,24.543,11.0,0.1528,3.7502,26.0708,9.3303,13.61
AZ Lees,T20_Blast,1958.0,1602.0,79.0,79.0,69.0,28.38,122.22,188.0,36.0,13.98,0.0,0.0,0.0,0.0,0.0,0.0,58.23,203.5,118.8,0.0,122.8,26.71,22.89,38.82,0.0,1,0,1.0,0,Batsman,79.0,36.963,0.0,36.963,79.0,1.0,36.963,37.0032,36.973,60.54
Aamer Jamal,PSL,167.0,110.0,13.0,13.0,8.0,20.88,151.82,15.0,10.0,22.73,14.0,274.0,463.0,14.0,14.0,45.67,10.14,33.07,19.57,1.0,151.82,20.88,12.85,10.14,1.0,1,1,1.0,1,Bowler,0.93,36.6417,48.6124,48.6124,14.0,0.2593,12.6052,59.6295,24.3613,25.55
Aamer Yamin,PSL,153.0,115.0,16.0,16.0,13.0,11.77,133.04,8.0,11.0,16.52,24.0,560.0,833.0,32.0,32.0,93.33,8.93,34.71,23.33,0.75,158.18,17.4,12.43,9.63,0.67,1,1,1.0,1,Bowler,0.5,28.0523,51.5622,51.5622,32.0,0.5926,30.5558,51.2478,35.7288,39.41
Aaron Beard,T20_Blast,56.0,46.0,10.0,10.0,3.0,18.67,121.74,3.0,2.0,10.87,25.0,438.0,693.0,28.0,28.0,73.0,9.49,27.72,17.52,0.89,103.45,30.0,4.29,8.8,0.79,1,1,1.0,1,Bowler,0.36,26.0869,52.0606,52.0606,28.0,0.4242,22.0841,55.4457,30.4245,32.94
Abbas Afridi,PSL,68.0,43.0,8.0,8.0,5.0,13.6,158.14,7.0,4.0,25.58,43.0,560.0,849.0,29.0,29.0,93.33,9.1,19.74,13.02,1.48,164.0,8.2,5.86,8.96,1.56,1,1,1.0,1,Bowler,0.28,35.9102,56.94,56.94,29.0,0.537,30.5768,76.1695,41.975,47.03
Abdul Samad,IPL,579.0,397.0,39.0,39.0,31.0,18.68,145.84,37.0,36.0,18.39,2.0,54.0,113.0,5.0,5.0,9.0,12.56,56.5,27.0,0.4,146.09,22.19,16.14,8.0,0.0,1,1,1.0,1,Batsman,7.8,34.3509,40.9924,34.3509,39.0,0.3824,13.1358,33.0874,18.1237,28.54
Abdullah Shafique,PSL,678.0,499.0,26.0,26.0,24.0,28.25,135.87,59.0,26.0,17.03,0.0,0.0,0.0,0.0,0.0,0.0,58.23,203.5,118.8,0.0,135.87,28.25,26.08,38.82,0.0,1,0,1.0,0,Batsman,26.0,36.1138,0.0,36.1138,26.0,0.4815,17.3888,40.8591,23.2564,37.25
Abhishek Sharma,IPL,1377.0,887.0,61.0,61.0,54.0,25.5,155.24,128.0,73.0,22.66,11.0,270.0,389.0,26.0,26.0,45.0,8.64,35.36,24.55,0.42,159.1,28.4,27.71,9.26,0.33,1,1,1.0,1,Batsman,2.35,42.4582,49.2334,42.4582,61.0,0.598,25.39,44.1121,30.0705,48.82
Abishek Porel,IPL,360.0,236.0,16.0,16.0,14.0,25.71,152.54,37.0,15.0,22.03,0.0,0.0,0.0,0.0,0.0,0.0,58.23,203.5,118.8,0.0,152.54,25.71,22.5,38.82,0.0,1,0,1.0,0,Batsman,16.0,38.7159,0.0,38.7159,16.0,0.1569,6.0745,39.1268,14.3376,22.11
Abrar Ahmed,PSL,18.0,23.0,7.0,7.0,6.0,3.0,78.26,2.0,1.0,13.04,22.0,390.0,508.0,17.0,17.0,65.0,7.82,23.09,17.73,1.29,78.26,3.0,2.57,7.79,1.46,1,1,1.0,1,Bowler,0.41,15.8192,53.7003,53.7003,17.0,0.3148,16.9049,74.7796,31.3736,34.1
Agha Salman,PSL,529.0,441.0,26.0,26.0,24.0,22.04,119.95,46.0,17.0,14.29,2.0,97.0,130.0,9.0,9.0,16.17,8.04,65.0,48.5,0.22,140.27,31.0,25.83,8.08,0.4,1,1,1.0,1,Batsman,2.89,30.1167,44.431,30.1167,26.0,0.4815,14.5012,42.278,21.4454,34.18
Ahmed Daniyal,PSL,10.0,20.0,3.0,3.0,2.0,5.0,50.0,1.0,0.0,5.0,6.0,210.0,330.0,10.0,10.0,35.0,9.43,55.0,35.0,0.6,0.0,0.0,0.0,38.82,0.0,1,1,1.0,1,Bowler,0.3,9.0905,45.0615,45.0615,10.0,0.1852,8.3454,0.0,6.259,3.47
Ahmed Shehzad,PSL,1077.0,897.0,43.0,43.0,41.0,26.27,120.07,109.0,32.0,15.72,0.0,0.0,0.0,0.0,0.0,0.0,58.23,203.5,118.8,0.0,0.0,0.0,0.0,38.82,0.0,1,0,1.0,0,Batsman,43.0,34.0029,0.0,34.0029,43.0,0.7963,27.0765,0.0,20.3074,32.24
Ahsan Ali,PSL,444.0,335.0,18.0,18.0,17.0,26.12,132.54,49.0,13.0,18.51,1.0,6.0,9.0,1.0,1.0,1.0,9.0,9.0,6.0,1.0,138.89,35.71,31.25,38.82,0.0,1,1,1.0,1,Batsman,18.0,34.8912,50.1634,34.8912,18.0,0.3333,11.6292,47.5025,20.5975,32.74
Akash Madhwal,IPL,4.0,5.0,1.0,1.0,0.0,4.0,80.0,0.0,0.0,0.0,19.0,262.0,424.0,13.0,13.0,43.67,9.71,22.32,13.79,1.46,80.0,4.0,4.0,9.71,1.46,1,1,0.0,1,Bowler,0.08,10.269,51.3351,51.3351,13.0,0.1275,6.5452,72.6052,23.0602,23.96
Akif Javed,PSL,7.0,10.0,3.0,3.0,0.0,7.0,70.0,1.0,0.0,10.0,18.0,297.0,420.0,15.0,15.0,49.5,8.48,23.33,16.5,1.2,100.0,7.0,7.0,8.71,1.6,1,1,0.0,1,Bowler,0.2,14.7095,52.2358,52.2358,15.0,0.2778,14.5111,77.5386,30.268,32.75
Ali Khan,CPL,23.0,24.0,7.0,7.0,5.0,4.6,95.83,2.0,1.0,12.5,51.0,879.0,1270.0,44.0,44.0,146.5,8.67,24.9,17.24,1.16,100.0,4.0,2.67,9.26,0.89,1,1,1.0,1,Bowler,0.16,18.4222,58.2935,58.2935,44.0,0.6111,35.6232,57.6397,41.1273,45.99
Amad Butt,PSL,127.0,88.0,14.0,14.0,9.0,14.11,144.32,9.0,8.0,19.32,18.0,368.0,587.0,20.0,20.0,61.33,9.57,32.61,20.44,0.9,142.86,10.0,5.0,7.67,0.5,1,1,1.0,1,Bowler,0.7,31.5642,50.0147,50.0147,20.0,0.3704,18.5254,48.8521,26.1071,27.68
Aman Hakim Khan,IPL,115.0,104.0,10.0,10.0,9.0,12.78,110.58,8.0,6.0,13.46,0.0,6.0,13.0,1.0,1.0,1.0,13.0,203.5,118.8,0.0,110.58,12.78,11.5,13.0,0.0,1,1,1.0,0,Batsman,10.0,23.9551,22.1068,23.9551,10.0,0.098,2.3476,22.9034,7.4866,10.48
Ankit Sharma,IPL,87.0,67.0,10.0,10.0,7.0,12.43,129.85,7.0,4.0,16.42,12.0,367.0,450.0,21.0,21.0,61.17,7.36,37.5,30.58,0.57,0.0,0.0,0.0,38.82,0.0,1,1,1.0,1,Bowler,0.48,27.6198,50.4351,50.4351,21.0,0.2059,10.3846,0.0,7.7885,5.34
Anuj Dal,T20_Blast,201.0,178.0,19.0,19.0,15.0,13.4,112.92,14.0,4.0,10.11,0.0,6.0,8.0,1.0,1.0,1.0,8.0,203.5,118.8,0.0,89.36,8.4,8.4,38.82,0.0,1,1,1.0,0,Batsman,19.0,23.182,27.0657,23.182,19.0,0.2879,6.6741,17.1397,9.2905,13.54
Anuj Rawat,IPL,318.0,267.0,21.0,21.0,16.0,19.88,119.1,26.0,14.0,14.98,0.0,0.0,0.0,0.0,0.0,0.0,58.23,203.5,118.8,0.0,119.55,21.2,15.9,38.82,0.0,1,0,1.0,0,Batsman,21.0,28.9077,0.0,28.9077,21.0,0.2059,5.9521,30.0322,11.9721,18.09
Anureet Singh,IPL,36.0,47.0,8.0,8.0,4.0,9.0,76.6,2.0,1.0,6.38,18.0,412.0,623.0,22.0,22.0,68.67,9.07,34.61,22.89,0.82,0.0,0.0,0.0,38.82,0.0,1,1,1.0,1,Bowler,0.36,14.6713,50.2649,50.2649,22.0,0.2157,10.8421,0.0,8.1316,5.76
Anwar Ali,PSL,323.0,229.0,36.0,36.0,22.0,14.68,141.05,19.0,19.0,16.59,36.0,859.0,1305.0,48.0,48.0,143.17,9.12,36.25,23.86,0.75,148.53,20.2,10.1,10.05,0.93,1,1,1.0,1,All-Rounder,0.75,30.6798,53.526,43.7341,48.0,0.8889,38.8752,43.2787,39.9761,60.08
Arshad Iqbal,PSL,5.0,11.0,4.0,4.0,1.0,5.0,45.45,0.0,0.0,0.0,25.0,500.0,768.0,24.0,24.0,83.33,9.22,30.72,20.0,1.04,50.0,5.0,1.67,10.1,1.0,1,1,1.0,1,Bowler,0.17,6.1527,51.9599,51.9599,24.0,0.4444,23.091,59.6748,32.237,35.15
Arshdeep Singh,IPL,29.0,40.0,11.0,11.0,5.0,5.8,72.5,4.0,0.0,10.0,76.0,1364.0,2052.0,65.0,65.0,227.33,9.03,27.0,17.95,1.17,79.41,6.75,3.38,9.15,1.1,1,1,1.0,1,Bowler,0.17,14.678,62.5565,62.5565,65.0,0.6373,39.8673,63.4656,45.7669,51.65
Asad Shafiq,PSL,280.0,267.0,16.0,16.0,15.0,18.67,104.87,31.0,5.0,13.48,0.0,0.0,0.0,0.0,0.0,0.0,58.23,203.5,118.8,0.0,0.0,0.0,0.0,38.82,0.0,1,0,1.0,0,Batsman,16.0,25.8198,0.0,25.8198,16.0,0.2963,7.6504,0.0,5.7378,7.51
Ashar Zaidi,T20_Blast,633.0,432.0,31.0,31.0,25.0,25.32,146.53,40.0,34.0,17.13,16.0,402.0,544.0,29.0,29.0,67.0,8.12,34.0,25.12,0.55,0.0,0.0,0.0,38.82,0.0,1,1,1.0,1,All-Rounder,1.07,36.3654,50.8918,43.386,31.0,0.4697,20.3784,0.0,15.2838,19.49
Asif Ali,CPL,150.0,139.0,13.0,13.0,12.0,12.5,107.91,11.0,6.0,12.23,0.0,0.0,0.0,0.0,0.0,0.0,58.23,203.5,118.8,0.0,0.0,0.0,0.0,38.82,0.0,1,0,1.0,0,Batsman,13.0,23.0458,0.0,23.0458,13.0,0.1806,4.1621,0.0,3.1216,3.07
Asif Ali,PSL,1209.0,771.0,72.0,72.0,54.0,22.39,156.81,70.0,92.0,21.01,2.0,18.0,27.0,1.0,1.0,3.0,9.0,13.5,9.0,2.0,138.63,16.15,12.42,9.0,2.0,1,1,1.0,1,Batsman,72.0,40.2692,49.8057,40.2692,72.0,1.0,40.2692,27.5276,37.0838,60.72
Avesh Khan,IPL,41.0,25.0,9.0,9.0,2.0,20.5,164.0,3.0,3.0,24.0,74.0,1335.0,1974.0,62.0,62.0,222.5,8.87,26.68,18.04,1.19,168.42,32.0,4.57,9.32,1.22,1,1,1.0,1,Bowler,0.15,38.2837,62.3643,62.3643,62.0,0.6078,37.905,66.531,45.0615,50.79
Azam Khan,CPL,754.0,561.0,37.0,37.0,35.0,21.54,134.4,57.0,50.0,19.07,0.0,0.0,0.0,0.0,0.0,0.0,58.23,203.5,118.8,0.0,137.8,21.33,19.86,38.82,0.0,1,0,1.0,0,Wicketkeeper-Batsman,37.0,34.7432,0.0,38.2175,37.0,0.5139,19.64,34.2561,23.294,38.19
Azam Khan,PSL,1140.0,776.0,50.0,50.0,45.0,25.33,146.91,100.0,63.0,21.01,0.0,0.0,0.0,0.0,0.0,0.0,58.23,203.5,118.8,0.0,155.81,30.92,26.8,38.82,0.0,1,0,1.0,0,Wicketkeeper-Batsman,50.0,39.8105,0.0,43.7916,50.0,0.9259,40.5466,44.3032,41.4857,70.55
Azeem Rafiq,T20_Blast,35.0,41.0,12.0,12.0,3.0,11.67,85.37,2.0,0.0,4.88,54.0,893.0,1163.0,44.0,44.0,148.83,7.81,21.54,16.54,1.23,0.0,0.0,0.0,38.82,0.0,1,1,1.0,1,Bowler,0.27,16.0463,60.1446,60.1446,44.0,0.6667,40.0984,0.0,30.0738,32.51
Azhar Mahmood,IPL,388.0,303.0,21.0,21.0,19.0,20.42,128.05,39.0,13.0,17.16,29.0,537.0,700.0,23.0,23.0,89.5,7.82,24.14,18.52,1.26,0.0,0.0,0.0,38.82,0.0,1,1,1.0,1,All-Rounder,0.91,31.4926,54.9372,43.7471,23.0,0.2255,9.865,0.0,7.3988,6.53
Azhar Mahmood,T20_Blast,334.0,252.0,21.0,21.0,14.0,23.86,132.54,29.0,12.0,16.27,32.0,626.0,814.0,28.0,28.0,104.33,7.8,25.44,19.56,1.14,0.0,0.0,0.0,38.82,0.0,1,1,1.0,1,All-Rounder,0.75,32.7047,55.3827,45.6629,28.0,0.4242,19.3702,0.0,14.5276,18.25
Azharullah,T20_Blast,17.0,24.0,5.0,5.0,0.0,17.0,70.83,2.0,0.0,8.33,43.0,827.0,1229.0,43.0,43.0,137.83,8.92,28.58,19.23,1.0,0.0,0.0,0.0,38.82,0.0,1,1,0.0,1,Bowler,0.12,17.5999,56.0325,56.0325,43.0,0.6515,36.5052,0.0,27.3789,29.23
B Akhil,IPL,76.0,55.0,11.0,11.0,6.0,12.67,138.18,5.0,5.0,18.18,6.0,188.0,242.0,13.0,13.0,31.33,7.72,40.33,31.33,0.46,0.0,0.0,0.0,38.82,0.0,1,1,1.0,1,Bowler,0.85,29.5699,48.5596,48.5596,13.0,0.1275,6.1913,0.0,4.6435,1.5
B Chipli,IPL,280.0,251.0,21.0,21.0,15.0,18.67,111.55,28.0,7.0,13.94,0.0,6.0,20.0,1.0,1.0,1.0,20.0,203.5,118.8,0.0,0.0,0.0,0.0,38.82,0.0,1,1,1.0,0,Batsman,21.0,26.8992,15.1643,26.8992,21.0,0.2059,5.5385,0.0,4.1539,4.82
B Doggett,BBL,87.0,85.0,15.0,15.0,8.0,10.88,102.35,9.0,2.0,12.94,43.0,890.0,1236.0,48.0,48.0,148.33,8.33,28.74,20.7,0.9,105.66,18.67,8.0,8.24,0.74,1,1,1.0,1,Bowler,0.31,21.8888,56.598,56.598,48.0,0.5714,32.3401,54.7224,37.9357,42.1
B Kumar,IPL,306.0,326.0,65.0,65.0,35.0,8.74,93.87,30.0,3.0,10.12,181.0,3910.0,4929.0,176.0,176.0,651.67,7.56,27.23,21.6,1.03,87.25,9.89,5.56,8.37,0.89,1,1,1.0,1,Bowler,0.37,19.4027,84.474,84.474,176.0,1.0,84.474,58.6476,78.0174,90.98
B Laughlin,BBL,134.0,148.0,28.0,28.0,20.0,6.7,90.54,9.0,4.0,8.78,105.0,1886.0,2561.0,90.0,90.0,314.33,8.15,24.39,17.96,1.17,0.0,0.0,0.0,38.82,0.0,1,1,1.0,1,Bowler,0.31,17.0894,69.4084,69.4084,90.0,1.0,69.4084,0.0,52.0563,59.32
B Laughlin,CPL,1.0,2.0,2.0,2.0,1.0,1.0,50.0,0.0,0.0,0.0,15.0,243.0,306.0,13.0,13.0,40.5,7.56,20.4,16.2,1.15,0.0,0.0,0.0,38.82,0.0,1,1,1.0,1,Bowler,0.15,5.3168,52.9228,52.9228,13.0,0.1806,9.5579,0.0,7.1684,4.58
B Lee,BBL,82.0,69.0,14.0,14.0,8.0,10.25,118.84,6.0,3.0,13.04,33.0,801.0,972.0,34.0,34.0,133.5,7.28,29.45,24.27,0.97,0.0,0.0,0.0,38.82,0.0,1,1,1.0,1,Bowler,0.41,23.832,55.6009,55.6009,34.0,0.4048,22.5072,0.0,16.8804,16.42
B Lee,IPL,124.0,97.0,19.0,19.0,10.0,12.4,127.84,8.0,8.0,16.49,25.0,875.0,1095.0,38.0,38.0,145.83,7.51,43.8,35.0,0.66,0.0,0.0,0.0,38.82,0.0,1,1,1.0,1,Bowler,0.5,27.4972,52.0489,52.0489,38.0,0.3725,19.3882,0.0,14.5412,13.57
B Muzarabani,PSL,0.0,7.0,3.0,3.0,3.0,0.0,0.0,0.0,0.0,0.0,21.0,328.0,426.0,15.0,15.0,54.67,7.79,20.29,15.62,1.4,0.0,0.0,0.0,7.83,1.22,0,1,1.0,1,Bowler,0.2,0.0,53.879,53.879,15.0,0.2778,14.9676,68.2185,28.2803,30.33
B Sai Sudharsan,IPL,1034.0,743.0,25.0,25.0,22.0,47.0,139.17,95.0,32.0,17.09,0.0,0.0,0.0,0.0,0.0,0.0,58.23,203.5,118.8,0.0,139.17,47.0,41.36,38.82,0.0,1,0,1.0,0,Batsman,25.0,44.3005,0.0,44.3005,25.0,0.2451,10.8581,58.5733,22.7869,36.45
B Stanlake,BBL,20.0,43.0,12.0,12.0,3.0,6.67,46.51,1.0,0.0,2.33,53.0,1195.0,1626.0,59.0,59.0,199.17,8.16,30.68,22.55,0.9,36.36,4.0,4.0,8.84,0.75,1,1,1.0,1,Bowler,0.2,8.0137,58.4795,58.4795,59.0,0.7024,41.076,54.3144,44.3856,49.97
BA Bhatt,IPL,6.0,7.0,2.0,2.0,1.0,6.0,85.71,0.0,1.0,14.29,12.0,296.0,397.0,15.0,15.0,49.33,8.05,33.08,24.67,0.8,0.0,0.0,0.0,38.82,0.0,1,1,1.0,1,Bowler,0.13,18.3888,50.2937,50.2937,15.0,0.1471,7.3982,0.0,5.5486,2.61
BA Carse,T20_Blast,605.0,413.0,40.0,40.0,32.0,18.91,146.49,35.0,26.0,14.77,27.0,805.0,1191.0,44.0,44.0,134.17,8.88,44.11,29.81,0.61,144.51,14.81,14.81,9.14,0.83,1,1,1.0,1,All-Rounder,0.91,32.9082,51.0424,42.4069,44.0,0.6667,28.2727,42.5715,31.8474,46.72
BA Godleman,T20_Blast,1422.0,1215.0,65.0,65.0,58.0,24.52,117.04,121.0,39.0,13.17,0.0,0.0,0.0,0.0,0.0,0.0,58.23,203.5,118.8,0.0,0.0,0.0,0.0,38.82,0.0,1,0,1.0,0,Batsman,65.0,32.8792,0.0,32.8792,65.0,0.9848,32.3794,0.0,24.2845,39.0
BA King,CPL,1837.0,1387.0,74.0,74.0,66.0,27.83,132.44,177.0,97.0,19.75,0.0,0.0,0.0,0.0,0.0,0.0,58.23,203.5,118.8,0.0,137.57,30.76,29.58,38.82,0.0,1,0,1.0,0,Batsman,74.0,40.4067,0.0,40.4067,74.0,1.0,40.4067,44.2513,41.3679,68.0
BA Raine,T20_Blast,1226.0,934.0,84.0,84.0,68.0,18.03,131.26,90.0,59.0,15.95,115.0,1999.0,2754.0,104.0,104.0,333.17,8.27,23.95,17.38,1.11,134.25,15.47,12.25,7.41,1.27,1,1,1.0,1,All-Rounder,0.81,33.1141,71.2947,54.2356,104.0,1.0,54.2356,48.3879,52.7737,81.12
BA Stokes,IPL,935.0,698.0,43.0,43.0,38.0,24.61,133.95,81.0,32.0,16.19,28.0,689.0,992.0,38.0,38.0,114.83,8.64,35.43,24.61,0.74,107.14,7.5,7.5,18.0,0.0,1,1,1.0,1,All-Rounder,1.13,34.9898,52.5418,43.2234,43.0,0.4216,18.223,20.7232,18.848,25.35
BA Stokes,T20_Blast,537.0,403.0,23.0,23.0,21.0,25.57,133.25,55.0,21.0,18.86,17.0,235.0,333.0,13.0,13.0,39.17,8.5,19.59,13.82,1.31,0.0,0.0,0.0,38.82,0.0,1,1,1.0,1,Batsman,1.77,35.2424,52.4803,35.2424,23.0,0.3485,12.282,0.0,9.2115,13.41
BAC Howell,T20_Blast,1770.0,1297.0,98.0,98.0,74.0,23.92,136.47,125.0,73.0,15.27,141.0,2437.0,2940.0,115.0,115.0,406.17,7.24,20.85,17.28,1.23,171.01,25.44,15.65,7.6,0.74,1,1,1.0,1,All-Rounder,0.85,37.2482,77.7703,59.1261,115.0,1.0,59.1261,45.9698,55.837,86.16
BAD Manenti,BBL,89.0,98.0,12.0,12.0,9.0,9.89,90.82,3.0,2.0,5.1,19.0,501.0,633.0,30.0,30.0,83.5,7.58,33.32,26.37,0.63,96.97,9.14,8.0,9.37,0.3,1,1,1.0,1,Bowler,0.4,16.3945,52.0962,52.0962,30.0,0.3571,18.6036,41.497,24.327,25.51
BAW Mendis,IPL,3.0,6.0,3.0,3.0,2.0,1.5,50.0,0.0,0.0,0.0,8.0,244.0,303.0,10.0,10.0,40.67,7.45,37.88,30.5,0.8,0.0,0.0,0.0,38.82,0.0,1,1,1.0,1,Bowler,0.3,5.4996,49.5186,49.5186,10.0,0.098,4.8528,0.0,3.6396,0.28
BB McCullum,BBL,933.0,679.0,34.0,34.0,33.0,28.27,137.41,88.0,39.0,18.7,0.0,0.0,0.0,0.0,0.0,0.0,58.23,203.5,118.8,0.0,0.0,0.0,0.0,38.82,0.0,1,0,1.0,0,Wicketkeeper-Batsman,34.0,37.8951,0.0,41.6846,34.0,0.4048,16.8739,0.0,12.6554,19.27
BB McCullum,CPL,836.0,571.0,33.0,33.0,27.0,30.96,146.41,64.0,53.0,20.49,0.0,0.0,0.0,0.0,0.0,0.0,58.23,203.5,118.8,0.0,0.0,0.0,0.0,38.82,0.0,1,0,1.0,0,Wicketkeeper-Batsman,33.0,40.5426,0.0,44.5969,33.0,0.4583,20.4388,0.0,15.3291,24.02
BB McCullum,IPL,2882.0,2190.0,109.0,109.0,104.0,27.71,131.6,293.0,130.0,19.32,0.0,0.0,0.0,0.0,0.0,0.0,58.23,203.5,118.8,0.0,0.0,0.0,0.0,38.82,0.0,1,0,1.0,0,Wicketkeeper-Batsman,109.0,43.3153,0.0,47.6468,109.0,1.0,47.6468,0.0,35.7351,60.32
BB McCullum,PSL,323.0,277.0,17.0,17.0,17.0,19.0,116.61,29.0,16.0,16.25,0.0,6.0,13.0,1.0,1.0,1.0,13.0,203.5,118.8,0.0,0.0,0.0,0.0,38.82,0.0,1,1,1.0,0,Wicketkeeper-Batsman,17.0,28.8828,22.1068,31.7711,17.0,0.3148,10.0015,0.0,7.5011,10.1
BB McCullum,T20_Blast,622.0,377.0,21.0,21.0,19.0,32.74,164.99,56.0,39.0,25.2,0.0,0.0,0.0,0.0,0.0,0.0,58.23,203.5,118.8,0.0,0.0,0.0,0.0,38.82,0.0,1,0,1.0,0,Wicketkeeper-Batsman,21.0,45.1065,0.0,49.6172,21.0,0.3182,15.7882,0.0,11.8411,17.82
BB Sran,IPL,10.0,14.0,7.0,7.0,1.0,10.0,71.43,0.0,0.0,0.0,18.0,483.0,757.0,24.0,24.0,80.5,9.4,42.06,26.83,0.75,0.0,0.0,0.0,38.82,0.0,1,1,1.0,1,Bowler,0.29,11.2969,49.0224,49.0224,24.0,0.2353,11.535,0.0,8.6513,6.39
BC Brown,T20_Blast,501.0,413.0,35.0,35.0,31.0,16.16,121.31,42.0,10.0,12.59,0.0,0.0,0.0,0.0,0.0,0.0,58.23,203.5,118.8,0.0,0.0,0.0,0.0,38.82,0.0,1,0,1.0,0,Batsman,35.0,27.3359,0.0,27.3359,35.0,0.5303,14.4962,0.0,10.8722,16.23
BC Cullen,T20_Blast,78.0,71.0,13.0,13.0,8.0,9.75,109.86,7.0,1.0,11.27,43.0,662.0,1022.0,33.0,33.0,110.33,9.26,23.77,15.4,1.3,106.06,7.0,5.0,9.5,1.1,1,1,1.0,1,Bowler,0.39,21.6546,56.2862,56.2862,33.0,0.5,28.1431,63.0693,36.8746,40.81
BCJ Cutting,BBL,1709.0,1199.0,97.0,97.0,75.0,22.79,142.54,126.0,94.0,18.35,71.0,1581.0,2304.0,103.0,103.0,263.5,8.74,32.45,22.27,0.69,115.15,19.0,10.86,8.18,0.38,1,1,1.0,1,All-Rounder,0.94,38.8819,61.199,50.3752,103.0,1.0,50.3752,35.2892,46.6037,70.98
BCJ Cutting,CPL,129.0,103.0,10.0,10.0,6.0,21.5,125.24,4.0,8.0,11.65,13.0,233.0,356.0,11.0,11.0,38.83,9.17,27.38,17.92,1.18,0.0,0.0,0.0,38.82,0.0,1,1,1.0,1,Bowler,0.91,28.131,50.0783,50.0783,11.0,0.1528,7.652,0.0,5.739,2.84
BCJ Cutting,IPL,238.0,141.0,17.0,17.0,11.0,21.64,168.79,15.0,19.0,24.11,10.0,281.0,429.0,17.0,17.0,46.83,9.16,42.9,28.1,0.59,0.0,0.0,0.0,38.82,0.0,1,1,1.0,1,Batsman,1.0,39.9723,47.5962,39.9723,17.0,0.1667,6.6634,0.0,4.9976,6.25
BCJ Cutting,PSL,481.0,306.0,25.0,25.0,21.0,22.9,157.19,33.0,33.0,21.57,13.0,196.0,356.0,13.0,13.0,32.67,10.9,27.38,15.08,1.0,155.43,26.0,22.0,10.06,0.8,1,1,1.0,1,Batsman,1.92,38.4885,48.3625,38.4885,25.0,0.463,17.8202,39.2099,23.1676,37.1
BD Cotton,T20_Blast,45.0,37.0,5.0,5.0,2.0,22.5,121.62,2.0,2.0,10.81,19.0,310.0,469.0,17.0,17.0,51.67,9.08,24.68,16.32,1.12,0.0,0.0,0.0,38.82,0.0,1,1,1.0,1,Bowler,0.29,27.3614,51.67,51.67,17.0,0.2576,13.3102,0.0,9.9826,8.01
BD Glover,T20_Blast,19.0,21.0,6.0,6.0,0.0,19.0,90.48,2.0,0.0,9.52,13.0,314.0,541.0,20.0,20.0,52.33,10.34,41.62,24.15,0.65,128.57,9.0,9.0,11.21,0.29,1,1,0.0,1,Bowler,0.3,21.4114,47.1685,47.1685,20.0,0.303,14.2921,39.1417,20.5045,20.84
BD Guest,T20_Blast,785.0,598.0,49.0,49.0,27.0,29.07,131.27,51.0,23.0,12.37,0.0,0.0,0.0,0.0,0.0,0.0,58.23,203.5,118.8,0.0,130.49,29.14,17.49,38.82,0.0,1,0,1.0,0,Wicketkeeper-Batsman,49.0,33.9672,0.0,37.3639,49.0,0.7424,27.739,35.3986,29.6539,49.51
BFW de Leede,T20_Blast,200.0,156.0,12.0,12.0,8.0,25.0,128.21,14.0,4.0,11.54,10.0,210.0,365.0,15.0,15.0,35.0,10.43,36.5,21.0,0.67,128.21,25.0,16.67,10.43,0.67,1,1,1.0,1,Batsman,0.8,29.9215,47.1229,29.9215,15.0,0.2273,6.8012,32.9271,13.3327,20.4
BG Charlesworth,T20_Blast,520.0,347.0,26.0,26.0,21.0,24.76,149.86,43.0,27.0,20.17,1.0,45.0,93.0,3.0,3.0,7.5,12.4,93.0,45.0,0.33,149.86,24.76,20.0,12.4,0.33,1,1,1.0,1,Batsman,8.67,37.6648,36.472,37.6648,26.0,0.3939,14.8362,36.9225,20.3578,32.33
BGF Green,T20_Blast,570.0,415.0,44.0,44.0,29.0,19.66,137.35,35.0,30.0,15.66,80.0,1059.0,1678.0,61.0,61.0,176.5,9.51,20.98,13.24,1.31,139.66,19.29,12.27,9.65,1.47,1,1,1.0,1,All-Rounder,0.72,32.296,63.6005,50.4839,61.0,0.9242,46.6572,50.901,47.7182,72.81
BJ Curran,T20_Blast,378.0,298.0,21.0,21.0,21.0,18.0,126.85,53.0,3.0,18.79,0.0,0.0,0.0,0.0,0.0,0.0,58.23,203.5,118.8,0.0,126.5,21.08,21.08,38.82,0.0,1,0,1.0,0,Batsman,21.0,31.2121,0.0,31.2121,21.0,0.3182,9.9317,33.8484,15.9109,24.78
BJ Currie,T20_Blast,1.0,9.0,2.0,2.0,0.0,1.0,11.11,0.0,0.0,0.0,11.0,180.0,231.0,11.0,11.0,30.0,7.7,21.0,16.36,1.0,11.11,1.0,0.5,7.7,1.0,1,1,0.0,1,Bowler,0.18,0.2825,51.9298,51.9298,11.0,0.1667,8.6567,62.3928,22.0907,22.78
BJ Dwarshuis,BBL,602.0,415.0,57.0,57.0,33.0,18.24,145.06,39.0,30.0,16.63,148.0,2460.0,3329.0,115.0,115.0,410.0,8.12,22.49,16.62,1.29,165.96,18.0,10.64,8.02,1.35,1,1,1.0,1,All-Rounder,0.5,33.3451,78.0619,63.2428,115.0,1.0,63.2428,50.6495,60.0945,93.15
BJ Dwarshuis,T20_Blast,99.0,94.0,12.0,12.0,8.0,12.38,105.32,6.0,3.0,9.57,22.0,432.0,602.0,21.0,21.0,72.0,8.36,27.36,19.64,1.05,120.51,11.75,9.4,7.32,0.88,1,1,1.0,1,Bowler,0.57,21.2678,52.6402,52.6402,21.0,0.3182,16.7501,59.5652,27.4539,29.32
BJ Haddin,BBL,550.0,414.0,23.0,23.0,21.0,26.19,132.85,48.0,22.0,16.91,0.0,0.0,0.0,0.0,0.0,0.0,58.23,203.5,118.8,0.0,0.0,0.0,0.0,38.82,0.0,1,0,1.0,0,Wicketkeeper-Batsman,23.0,34.5401,0.0,37.9941,23.0,0.2738,10.4028,0.0,7.8021,10.64
BJ Haddin,PSL,327.0,250.0,16.0,16.0,13.0,25.15,130.8,25.0,15.0,16.0,0.0,0.0,0.0,0.0,0.0,0.0,58.23,203.5,118.8,0.0,0.0,0.0,0.0,38.82,0.0,1,0,1.0,0,Wicketkeeper-Batsman,16.0,32.7871,0.0,36.0658,16.0,0.2963,10.6863,0.0,8.0147,11.01
BJ Hodge,BBL,1330.0,989.0,42.0,42.0,30.0,44.33,134.48,109.0,52.0,16.28,0.0,6.0,8.0,1.0,1.0,1.0,8.0,203.5,118.8,0.0,0.0,0.0,0.0,38.82,0.0,1,1,1.0,0,Batsman,42.0,43.2961,27.0657,43.2961,42.0,0.5,21.648,0.0,16.236,25.33
BJ Hodge,CPL,352.0,271.0,16.0,16.0,12.0,29.33,129.89,26.0,18.0,16.24,2.0,18.0,21.0,2.0,2.0,3.0,7.0,10.5,9.0,1.0,0.0,0.0,0.0,38.82,0.0,1,1,1.0,1,Batsman,8.0,34.3353,52.1579,34.3353,16.0,0.2222,7.6293,0.0,5.722,7.48
BJ Hodge,IPL,1400.0,1118.0,63.0,63.0,42.0,33.33,125.22,122.0,43.0,14.76,17.0,234.0,303.0,20.0,20.0,39.0,7.77,17.82,13.76,0.85,0.0,0.0,0.0,38.82,0.0,1,1,1.0,1,Batsman,3.15,37.7223,53.4217,37.7223,63.0,0.6176,23.2973,0.0,17.473,27.43
BJ McCarthy,T20_Blast,10.0,14.0,5.0,5.0,3.0,3.33,71.43,1.0,0.0,7.14,17.0,249.0,360.0,13.0,13.0,41.5,8.67,21.18,14.65,1.31,0.0,0.0,0.0,38.82,0.0,1,1,1.0,1,Bowler,0.38,12.2735,52.1163,52.1163,13.0,0.197,10.2669,0.0,7.7002,5.23
BJ Rohrer,BBL,912.0,685.0,51.0,51.0,35.0,26.06,133.14,68.0,28.0,14.01,0.0,0.0,0.0,0.0,0.0,0.0,58.23,203.5,118.8,0.0,0.0,0.0,0.0,38.82,0.0,1,0,1.0,0,Batsman,51.0,34.3079,0.0,34.3079,51.0,0.6071,20.8283,0.0,15.6212,24.29
BJ Webster,BBL,1577.0,1310.0,70.0,70.0,55.0,28.67,120.38,109.0,48.0,11.98,19.0,564.0,694.0,36.0,36.0,94.0,7.38,36.53,29.68,0.53,117.07,30.0,26.67,7.22,0.81,1,1,1.0,1,All-Rounder,1.94,34.7053,51.9003,40.5447,70.0,0.8333,33.7859,48.99,37.5869,56.15
BJ Webster,T20_Blast,237.0,212.0,11.0,11.0,11.0,21.55,111.79,19.0,6.0,11.79,6.0,264.0,340.0,13.0,13.0,44.0,7.73,56.67,44.0,0.46,111.79,21.55,21.55,7.73,0.46,1,1,1.0,1,Batsman,0.85,26.8098,46.5423,26.8098,13.0,0.197,5.2815,32.9597,12.201,18.48
BJ Wright,T20_Blast,160.0,138.0,16.0,16.0,13.0,12.31,115.94,14.0,5.0,13.77,0.0,0.0,0.0,0.0,0.0,0.0,58.23,203.5,118.8,0.0,0.0,0.0,0.0,38.82,0.0,1,0,1.0,0,Batsman,16.0,24.768,0.0,24.768,16.0,0.2424,6.0038,0.0,4.5029,5.41
BL Couch,BBL,24.0,32.0,7.0,7.0,3.0,8.0,75.0,2.0,0.0,6.25,19.0,319.0,455.0,18.0,18.0,53.17,8.56,23.95,16.79,1.06,100.0,12.0,6.0,10.3,0.75,1,1,1.0,1,Bowler,0.39,14.013,52.2754,52.2754,18.0,0.2143,11.2026,52.661,21.5672,22.14
BL D'Oliveira,T20_Blast,2333.0,1806.0,112.0,112.0,97.0,24.05,129.18,214.0,58.0,15.06,78.0,1752.0,2266.0,106.0,106.0,292.0,7.76,29.05,22.46,0.74,134.47,23.92,23.31,8.12,1.03,1,1,1.0,1,All-Rounder,1.06,38.009,63.9545,50.6237,112.0,1.0,50.6237,49.9556,50.4567,77.31
BM Duckett,BBL,545.0,392.0,19.0,19.0,19.0,28.68,139.03,60.0,12.0,18.37,0.0,0.0,0.0,0.0,0.0,0.0,58.23,203.5,118.8,0.0,154.78,34.71,34.71,38.82,0.0,1,0,1.0,0,Batsman,19.0,36.8851,0.0,36.8851,19.0,0.2262,8.3434,50.7175,18.9369,29.92
BM Duckett,T20_Blast,2980.0,2121.0,112.0,112.0,93.0,32.04,140.5,358.0,58.0,19.61,0.0,0.0,0.0,0.0,0.0,0.0,58.23,203.5,118.8,0.0,162.31,36.25,29.0,38.82,0.0,1,0,1.0,0,Batsman,112.0,46.4374,0.0,46.4374,112.0,1.0,46.4374,48.5296,46.9604,77.49
BMJ Allison,T20_Blast,48.0,48.0,9.0,9.0,4.0,12.0,100.0,2.0,2.0,8.33,23.0,404.0,689.0,25.0,25.0,67.33,10.23,29.96,17.57,0.92,100.0,11.75,5.88,10.21,0.92,1,1,1.0,1,Bowler,0.36,19.7072,50.6613,50.6613,25.0,0.3788,19.1905,57.3783,28.7374,30.88
BO Coad,T20_Blast,14.0,25.0,4.0,4.0,3.0,4.67,56.0,0.0,0.0,0.0,12.0,199.0,315.0,11.0,11.0,33.17,9.5,26.25,16.58,1.09,0.0,0.0,0.0,38.82,0.0,1,1,1.0,1,Bowler,0.36,7.43,49.6947,49.6947,11.0,0.1667,8.2841,0.0,6.2131,3.42
BR Dunk,BBL,1692.0,1328.0,77.0,77.0,74.0,22.86,127.41,141.0,54.0,14.68,2.0,60.0,89.0,6.0,6.0,10.0,8.9,44.5,30.0,0.33,0.0,0.0,0.0,38.82,0.0,1,1,1.0,1,Wicketkeeper-Batsman,12.83,35.1824,46.0966,38.7006,77.0,0.9167,35.4768,0.0,26.6076,44.09
BR Dunk,CPL,298.0,274.0,17.0,17.0,16.0,18.62,108.76,22.0,9.0,11.31,1.0,16.0,29.0,1.0,1.0,2.67,10.86,29.0,16.0,1.0,0.0,0.0,0.0,38.82,0.0,1,1,1.0,1,Wicketkeeper-Batsman,17.0,25.3493,45.8617,27.8842,17.0,0.2361,6.5835,0.0,4.9376,5.54
BR Dunk,PSL,596.0,412.0,27.0,27.0,22.0,27.09,144.66,41.0,34.0,18.2,0.0,0.0,0.0,0.0,0.0,0.0,58.23,203.5,118.8,0.0,81.82,9.0,9.0,38.82,0.0,1,0,1.0,0,Wicketkeeper-Batsman,27.0,37.1322,0.0,40.8454,27.0,0.5,20.4227,17.0587,19.5817,31.59
BR McDermott,BBL,2782.0,2010.0,99.0,99.0,81.0,34.35,138.41,194.0,131.0,16.17,0.0,0.0,0.0,0.0,0.0,0.0,58.23,203.5,118.8,0.0,136.81,27.96,22.96,38.82,0.0,1,0,1.0,0,Wicketkeeper-Batsman,99.0,44.7596,0.0,49.2356,99.0,1.0,49.2356,38.8881,46.6487,79.74
BR McDermott,T20_Blast,1138.0,806.0,43.0,43.0,41.0,27.76,141.19,107.0,60.0,20.72,0.0,0.0,0.0,0.0,0.0,0.0,58.23,203.5,118.8,0.0,141.19,27.76,26.47,38.82,0.0,1,0,1.0,0,Wicketkeeper-Batsman,43.0,39.7865,0.0,43.7651,43.0,0.6515,28.513,41.393,31.733,53.2
BRM Taylor,T20_Blast,478.0,404.0,25.0,25.0,20.0,23.9,118.32,51.0,6.0,14.11,0.0,0.0,0.0,0.0,0.0,0.0,58.23,203.5,118.8,0.0,0.0,0.0,0.0,38.82,0.0,1,0,1.0,0,Batsman,25.0,30.3194,0.0,30.3194,25.0,0.3788,11.485,0.0,8.6138,12.39
BT Foakes,T20_Blast,835.0,671.0,49.0,49.0,39.0,21.41,124.44,71.0,14.0,12.67,0.0,0.0,0.0,0.0,0.0,0.0,58.23,203.5,118.8,0.0,50.0,3.0,3.0,38.82,0.0,1,0,1.0,0,Wicketkeeper-Batsman,49.0,30.6743,0.0,33.7417,49.0,0.7424,25.0498,7.8168,20.7416,33.65
BT Slater,T20_Blast,164.0,140.0,13.0,13.0,12.0,13.67,117.14,19.0,5.0,17.14,0.0,0.0,0.0,0.0,0.0,0.0,58.23,203.5,118.8,0.0,133.33,10.0,6.67,38.82,0.0,1,0,1.0,0,Batsman,13.0,26.9886,0.0,26.9886,13.0,0.197,5.3168,20.8638,9.2036,13.39
BTJ Wheal,T20_Blast,30.0,35.0,8.0,8.0,6.0,5.0,85.71,4.0,0.0,11.43,54.0,796.0,1152.0,39.0,39.0,132.67,8.68,21.33,14.74,1.38,50.0,1.67,1.67,9.22,1.55,1,1,1.0,1,Bowler,0.21,16.776,59.3075,59.3075,39.0,0.5909,35.0448,75.6035,45.1845,50.94
BW Hilfenhaus,BBL,142.0,126.0,20.0,20.0,11.0,12.91,112.7,8.0,6.0,11.11,36.0,675.0,915.0,31.0,31.0,112.5,8.13,25.42,18.75,1.16,0.0,0.0,0.0,38.82,0.0,1,1,1.0,1,All-Rounder,0.65,23.263,55.8383,43.0623,31.0,0.369,15.89,0.0,11.9175,13.95
BW Hilfenhaus,IPL,0.0,0.0,0.0,0.0,0.0,0.0,0.0,0.0,0.0,0.0,22.0,372.0,479.0,17.0,17.0,62.0,7.73,21.77,16.91,1.29,0.0,0.0,0.0,38.82,0.0,0,1,0.0,1,Bowler,0.0,0.0,53.9518,53.9518,17.0,0.1667,8.9938,0.0,6.7454,4.07
BW Sanderson,T20_Blast,74.0,97.0,21.0,21.0,10.0,7.4,76.29,3.0,3.0,6.19,96.0,1659.0,2451.0,83.0,83.0,276.5,8.86,25.53,17.28,1.16,68.0,4.25,2.43,8.45,1.32,1,1,1.0,1,Bowler,0.25,14.0961,66.8081,66.8081,83.0,1.0,66.8081,70.2312,67.6639,78.36
BWM Mike,T20_Blast,632.0,436.0,53.0,53.0,35.0,18.06,144.95,49.0,26.0,17.2,54.0,899.0,1512.0,57.0,57.0,149.83,10.09,28.0,16.65,0.95,146.15,18.14,12.09,9.78,1.08,1,1,1.0,1,All-Rounder,0.93,33.6269,57.0897,45.7853,57.0,0.8636,39.5402,45.5388,41.0398,61.83
Babar Azam,PSL,3504.0,2750.0,87.0,87.0,77.0,45.51,127.42,386.0,58.0,16.15,0.0,0.0,0.0,0.0,0.0,0.0,58.23,203.5,118.8,0.0,136.96,49.45,44.81,38.82,0.0,1,0,1.0,0,Batsman,87.0,49.5209,0.0,49.5209,87.0,1.0,49.5209,61.5425,52.5263,86.94
Babar Azam,T20_Blast,796.0,545.0,20.0,20.0,17.0,46.82,146.06,79.0,21.0,18.35,0.0,0.0,0.0,0.0,0.0,0.0,58.23,203.5,118.8,0.0,0.0,0.0,0.0,38.82,0.0,1,0,1.0,0,Batsman,20.0,44.9742,0.0,44.9742,20.0,0.303,13.6272,0.0,10.2204,15.12
Basil Thampi,IPL,32.0,35.0,7.0,7.0,1.0,32.0,91.43,1.0,1.0,5.71,22.0,521.0,846.0,25.0,25.0,86.83,9.74,38.45,23.68,0.88,0.0,0.0,0.0,9.5,1.0,1,1,1.0,1,Bowler,0.28,24.3874,49.9091,49.9091,25.0,0.2451,12.2327,60.3543,24.2631,25.43
Bipul Sharma,IPL,187.0,123.0,17.0,17.0,8.0,23.38,152.03,11.0,9.0,16.26,17.0,426.0,572.0,28.0,28.0,71.0,8.06,33.65,25.06,0.61,0.0,0.0,0.0,38.82,0.0,1,1,1.0,1,Bowler,0.61,34.5949,51.1894,51.1894,28.0,0.2745,14.0515,0.0,10.5386,8.69
C Bosch,CPL,321.0,277.0,17.0,17.0,14.0,22.93,115.88,28.0,8.0,13.0,9.0,198.0,337.0,14.0,14.0,33.0,10.21,37.44,22.0,0.64,115.88,22.93,18.88,10.21,0.64,1,1,1.0,1,Batsman,1.21,28.6532,47.0305,28.6532,17.0,0.2361,6.765,32.2687,13.1409,20.08
C Connolly,BBL,577.0,422.0,22.0,22.0,15.0,38.47,136.73,36.0,28.0,15.17,12.0,222.0,269.0,17.0,17.0,37.0,7.27,22.42,18.5,0.71,136.73,38.47,26.23,7.27,0.71,1,1,1.0,1,Batsman,1.29,38.6508,52.3769,38.6508,22.0,0.2619,10.1226,45.3498,18.9294,29.91
C Green,IPL,707.0,460.0,28.0,28.0,17.0,41.59,153.7,62.0,32.0,20.43,16.0,439.0,664.0,29.0,29.0,73.17,9.07,41.5,27.44,0.55,153.7,41.59,25.25,9.07,0.55,1,1,1.0,1,All-Rounder,0.97,44.8094,49.0282,46.9559,29.0,0.2843,13.3496,48.1372,22.0465,30.61
C Hemraj,CPL,900.0,764.0,45.0,45.0,44.0,20.45,117.8,84.0,43.0,16.62,11.0,229.0,269.0,24.0,24.0,38.17,7.05,24.45,20.82,0.46,105.59,13.08,13.08,7.09,0.6,1,1,1.0,1,All-Rounder,1.88,31.5217,52.1506,38.6964,45.0,0.625,24.1852,37.8835,27.6098,39.75
C McKerr,T20_Blast,38.0,40.0,11.0,11.0,5.0,7.6,95.0,3.0,0.0,7.5,17.0,342.0,587.0,21.0,21.0,57.0,10.3,34.53,20.12,0.81,96.77,10.0,3.75,11.04,1.0,1,1,1.0,1,Bowler,0.52,17.0877,48.8597,48.8597,21.0,0.3182,15.5472,58.6102,26.313,27.93
C Munro,BBL,1408.0,1095.0,52.0,52.0,46.0,30.61,128.58,97.0,63.0,14.61,0.0,0.0,0.0,0.0,0.0,0.0,58.23,203.5,118.8,0.0,131.1,27.4,26.1,38.82,0.0,1,0,1.0,0,Batsman,52.0,37.1518,0.0,37.1518,52.0,0.619,22.997,40.0653,27.2641,44.05
C Munro,CPL,2354.0,1828.0,78.0,78.0,66.0,35.67,128.77,204.0,108.0,17.07,0.0,30.0,46.0,5.0,5.0,5.0,9.2,203.5,118.8,0.0,116.43,25.62,23.79,10.0,0.0,1,1,1.0,0,Batsman,15.6,43.0625,25.8756,43.0625,78.0,1.0,43.0625,36.5043,41.423,68.09
C Munro,IPL,177.0,141.0,11.0,11.0,12.0,14.75,125.53,19.0,8.0,19.15,0.0,12.0,15.0,2.0,2.0,2.0,7.5,203.5,118.8,0.0,0.0,0.0,0.0,38.82,0.0,1,1,1.0,0,Batsman,5.5,29.4345,27.5616,29.4345,11.0,0.1078,3.173,0.0,2.3798,1.81
C Munro,PSL,1417.0,941.0,47.0,47.0,43.0,32.95,150.58,131.0,71.0,21.47,2.0,42.0,71.0,4.0,4.0,7.0,10.14,35.5,21.0,0.5,149.43,34.3,32.88,38.82,0.0,1,1,1.0,1,Batsman,11.75,44.0551,45.9724,44.0551,47.0,0.8704,38.3456,48.9069,40.9859,67.35
C Munro,T20_Blast,1381.0,972.0,57.0,57.0,55.0,25.11,142.08,118.0,62.0,18.52,11.0,192.0,281.0,17.0,17.0,32.0,8.78,25.55,17.45,0.65,143.86,27.33,27.33,38.82,0.0,1,1,1.0,1,Batsman,3.35,38.6975,50.2997,38.6975,57.0,0.8636,33.4192,41.9955,35.5633,58.14
C Overton,T20_Blast,456.0,354.0,47.0,47.0,30.0,15.2,128.81,29.0,19.0,13.56,92.0,1788.0,2545.0,91.0,91.0,298.0,8.54,27.66,19.43,1.01,153.33,13.8,8.62,7.77,1.16,1,1,1.0,1,All-Rounder,0.52,28.28,66.0834,53.2076,91.0,1.0,53.2076,46.1058,51.4321,78.91
C Rushworth,T20_Blast,17.0,34.0,10.0,10.0,5.0,3.4,50.0,1.0,0.0,2.94,48.0,1047.0,1351.0,52.0,52.0,174.5,7.74,28.15,21.81,0.92,0.0,0.0,0.0,38.82,0.0,1,1,1.0,1,Bowler,0.19,7.5861,58.2312,58.2312,52.0,0.7879,45.8804,0.0,34.4103,37.8
C Sakariya,IPL,20.0,31.0,7.0,7.0,6.0,3.33,64.52,3.0,0.0,9.68,20.0,426.0,599.0,19.0,19.0,71.0,8.44,29.95,21.3,1.05,66.67,4.0,2.0,9.11,1.2,1,1,1.0,1,Bowler,0.37,12.5955,51.8525,51.8525,19.0,0.1863,9.6601,66.2258,23.8015,24.87
C Valente,BBL,84.0,71.0,8.0,8.0,5.0,16.8,118.31,8.0,1.0,12.68,8.0,210.0,318.0,12.0,12.0,35.0,9.09,39.75,26.25,0.67,0.0,0.0,0.0,38.82,0.0,1,1,1.0,1,Bowler,0.67,25.9145,47.6624,47.6624,12.0,0.1429,6.811,0.0,5.1082,2.07
C de Grandhomme,BBL,232.0,165.0,13.0,13.0,12.0,19.33,140.61,18.0,10.0,16.97,5.0,150.0,225.0,10.0,10.0,25.0,9.0,45.0,30.0,0.5,140.61,19.33,17.85,9.0,0.5,1,1,1.0,1,Batsman,1.3,32.1582,46.5213,32.1582,13.0,0.1548,4.9781,32.4271,11.8404,17.87
C de Grandhomme,CPL,232.0,154.0,10.0,10.0,8.0,29.0,150.65,21.0,11.0,20.78,1.0,72.0,125.0,7.0,7.0,12.0,10.42,125.0,72.0,0.14,0.0,0.0,0.0,38.82,0.0,1,1,1.0,1,Batsman,1.43,38.6503,34.5045,38.6503,10.0,0.1389,5.3685,0.0,4.0264,4.61
C de Grandhomme,IPL,303.0,225.0,21.0,21.0,16.0,18.94,134.67,18.0,18.0,16.0,6.0,216.0,319.0,19.0,19.0,36.0,8.86,53.17,36.0,0.32,0.0,0.0,0.0,38.82,0.0,1,1,1.0,1,Batsman,1.11,31.0204,45.8516,31.0204,21.0,0.2059,6.3871,0.0,4.7903,5.9
C de Grandhomme,T20_Blast,772.0,484.0,40.0,40.0,30.0,25.73,159.5,60.0,41.0,20.87,19.0,501.0,840.0,35.0,35.0,83.5,10.06,44.21,26.37,0.54,103.39,12.2,7.62,8.83,1.0,1,1,1.0,1,All-Rounder,1.14,40.368,48.2988,44.0693,40.0,0.6061,26.7104,40.3445,30.1189,43.88
CA Ingram,BBL,868.0,642.0,35.0,35.0,30.0,28.93,135.2,67.0,40.0,16.67,1.0,72.0,103.0,9.0,9.0,12.0,8.58,103.0,72.0,0.11,0.0,0.0,0.0,38.82,0.0,1,1,1.0,1,Batsman,3.89,36.692,39.0321,36.692,35.0,0.4167,15.2896,0.0,11.4672,17.24
CA Ingram,CPL,204.0,182.0,12.0,12.0,10.0,20.4,112.09,17.0,8.0,13.74,1.0,6.0,10.0,1.0,1.0,1.0,10.0,10.0,6.0,1.0,70.37,9.5,9.5,38.82,0.0,1,1,1.0,1,Batsman,12.0,27.2495,49.0488,27.2495,12.0,0.1667,4.5425,16.5069,7.5336,10.56
CA Ingram,IPL,205.0,180.0,15.0,15.0,12.0,17.08,113.89,22.0,5.0,15.0,0.0,0.0,0.0,0.0,0.0,0.0,58.23,203.5,118.8,0.0,0.0,0.0,0.0,38.82,0.0,1,0,1.0,0,Batsman,15.0,26.9013,0.0,26.9013,15.0,0.1471,3.9572,0.0,2.9679,2.81
CA Ingram,PSL,819.0,559.0,35.0,35.0,28.0,29.25,146.51,69.0,40.0,19.5,0.0,6.0,8.0,1.0,1.0,1.0,8.0,203.5,118.8,0.0,0.0,0.0,0.0,38.82,0.0,1,1,1.0,0,Batsman,35.0,39.4368,27.0657,39.4368,35.0,0.6481,25.559,0.0,19.1693,30.31
CA Ingram,T20_Blast,3181.0,2062.0,109.0,109.0,93.0,34.2,154.27,295.0,157.0,21.92,26.0,617.0,796.0,38.0,38.0,102.83,7.74,30.62,23.73,0.68,156.21,33.88,29.37,7.49,0.5,1,1,1.0,1,All-Rounder,2.87,50.6877,53.6351,51.4496,109.0,1.0,51.4496,48.1212,50.6175,77.57
CA Lynn,BBL,3910.0,2603.0,123.0,123.0,108.0,36.2,150.21,325.0,218.0,20.86,3.0,48.0,52.0,3.0,3.0,8.0,6.5,17.33,16.0,1.0,153.47,43.18,38.0,38.82,0.0,1,1,1.0,1,Batsman,41.0,52.6482,52.0098,52.6482,123.0,1.0,52.6482,56.2147,53.5398,88.66
CA Lynn,CPL,771.0,591.0,36.0,36.0,34.0,22.68,130.46,57.0,46.0,17.43,0.0,0.0,0.0,0.0,0.0,0.0,58.23,203.5,118.8,0.0,0.0,0.0,0.0,38.82,0.0,1,0,1.0,0,Batsman,36.0,33.9235,0.0,33.9235,36.0,0.5,16.9618,0.0,12.7214,19.37
CA Lynn,IPL,1329.0,945.0,42.0,42.0,39.0,34.08,140.63,132.0,66.0,20.95,0.0,0.0,0.0,0.0,0.0,0.0,58.23,203.5,118.8,0.0,0.0,0.0,0.0,38.82,0.0,1,0,1.0,0,Batsman,42.0,42.6489,0.0,42.6489,42.0,0.4118,17.5628,0.0,13.1721,20.13
CA Lynn,PSL,318.0,183.0,12.0,12.0,11.0,28.91,173.77,38.0,17.0,30.05,0.0,0.0,0.0,0.0,0.0,0.0,58.23,203.5,118.8,0.0,0.0,0.0,0.0,38.82,0.0,1,0,1.0,0,Batsman,12.0,46.2054,0.0,46.2054,12.0,0.2222,10.2668,0.0,7.7001,10.84
CA Lynn,T20_Blast,880.0,599.0,23.0,23.0,20.0,44.0,146.91,87.0,41.0,21.37,0.0,0.0,0.0,0.0,0.0,0.0,58.23,203.5,118.8,0.0,146.91,44.0,38.26,38.82,0.0,1,0,1.0,0,Batsman,23.0,45.7598,0.0,45.7598,23.0,0.3485,15.9473,56.1074,25.9873,41.89
CA Pujara,IPL,390.0,391.0,22.0,22.0,19.0,20.53,99.74,50.0,4.0,13.81,0.0,0.0,0.0,0.0,0.0,0.0,58.23,203.5,118.8,0.0,0.0,0.0,0.0,38.82,0.0,1,0,1.0,0,Batsman,22.0,26.3097,0.0,26.3097,22.0,0.2157,5.675,0.0,4.2562,5.0
CA Rose,BBL,183.0,132.0,20.0,20.0,12.0,15.25,138.64,15.0,7.0,16.67,28.0,947.0,1304.0,56.0,56.0,157.83,8.26,46.57,33.82,0.5,0.0,0.0,0.0,38.82,0.0,1,1,1.0,1,Bowler,0.36,30.1696,51.5502,51.5502,56.0,0.6667,34.3685,0.0,25.7764,27.27
CAJ Meschede,T20_Blast,457.0,357.0,40.0,40.0,33.0,13.85,128.01,35.0,25.0,16.81,38.0,793.0,1134.0,52.0,52.0,132.17,8.58,29.84,20.87,0.73,0.0,0.0,0.0,38.82,0.0,1,1,1.0,1,All-Rounder,0.77,29.2194,55.2393,43.9258,52.0,0.7879,34.6091,0.0,25.9568,37.03
CAJ Morris,T20_Blast,21.0,24.0,8.0,8.0,2.0,10.5,87.5,1.0,0.0,4.17,32.0,582.0,933.0,30.0,30.0,97.0,9.62,29.16,18.19,1.07,108.33,13.0,4.33,9.92,0.8,1,1,1.0,1,Bowler,0.27,15.5339,53.1207,53.1207,30.0,0.4545,24.1434,54.4488,31.7198,34.52
CAK Walton,CPL,1990.0,1674.0,90.0,90.0,81.0,24.57,118.88,178.0,88.0,15.89,0.0,6.0,7.0,1.0,1.0,1.0,7.0,203.5,118.8,0.0,111.93,30.5,20.33,7.0,0.0,1,1,1.0,0,Wicketkeeper-Batsman,90.0,36.1764,28.0575,39.794,90.0,1.0,39.794,35.996,38.8445,65.85
CAK Walton,PSL,451.0,323.0,25.0,25.0,21.0,21.48,139.63,36.0,22.0,17.96,0.0,0.0,0.0,0.0,0.0,0.0,58.23,203.5,118.8,0.0,0.0,0.0,0.0,38.82,0.0,1,0,1.0,0,Wicketkeeper-Batsman,25.0,33.9358,0.0,37.3294,25.0,0.463,17.2835,0.0,12.9626,19.82
CB Cooke,T20_Blast,2265.0,1605.0,115.0,115.0,90.0,25.17,141.12,162.0,102.0,16.45,0.0,0.0,0.0,0.0,0.0,0.0,58.23,203.5,118.8,0.0,155.0,25.83,21.53,38.82,0.0,1,0,1.0,0,Wicketkeeper-Batsman,115.0,40.3865,0.0,44.4252,115.0,1.0,44.4252,38.806,43.0204,73.28
CD Barnwell,CPL,506.0,421.0,42.0,42.0,31.0,16.32,120.19,25.0,28.0,12.59,7.0,162.0,294.0,15.0,15.0,27.0,10.89,42.0,23.14,0.47,0.0,0.0,0.0,38.82,0.0,1,1,1.0,1,Batsman,2.8,27.263,45.4056,27.263,42.0,0.5833,15.9025,0.0,11.9269,18.02
CD Hinchliffe,BBL,98.0,121.0,17.0,17.0,11.0,8.91,80.99,5.0,1.0,4.96,19.0,360.0,483.0,26.0,26.0,60.0,8.05,25.42,18.95,0.73,64.29,9.0,3.0,6.55,1.0,1,1,1.0,1,Bowler,0.65,14.7387,52.6006,52.6006,26.0,0.3095,16.2799,63.6952,28.1337,30.15
CD Nash,T20_Blast,1739.0,1286.0,60.0,60.0,53.0,32.81,135.23,195.0,51.0,19.13,8.0,240.0,332.0,19.0,19.0,40.0,8.3,41.5,30.0,0.42,0.0,0.0,0.0,38.82,0.0,1,1,1.0,1,Batsman,3.16,41.9313,48.2309,41.9313,60.0,0.9091,38.1197,0.0,28.5898,46.3
CDJ Dent,T20_Blast,1190.0,849.0,53.0,53.0,47.0,25.32,140.16,133.0,36.0,19.91,3.0,48.0,70.0,7.0,7.0,8.0,8.75,23.33,16.0,0.43,163.49,25.75,25.75,38.82,0.0,1,1,1.0,1,Batsman,7.57,38.5759,49.0412,38.5759,53.0,0.803,30.9764,42.1876,33.7792,55.11
CF Hughes,T20_Blast,616.0,494.0,34.0,34.0,32.0,19.25,124.7,62.0,20.0,16.6,5.0,156.0,249.0,13.0,13.0,26.0,9.58,49.8,31.2,0.38,0.0,0.0,0.0,38.82,0.0,1,1,1.0,1,Batsman,2.62,31.0958,45.3564,31.0958,34.0,0.5152,16.0206,0.0,12.0155,18.17
CF Parkinson,T20_Blast,281.0,307.0,56.0,56.0,26.0,10.81,91.53,20.0,0.0,6.51,123.0,2237.0,2802.0,103.0,103.0,372.83,7.52,22.78,18.19,1.19,71.7,8.44,3.3,7.47,1.31,1,1,1.0,1,All-Rounder,0.54,18.0682,73.7433,54.1345,103.0,1.0,54.1345,41.7024,51.0265,78.25
CG Benjamin,T20_Blast,753.0,515.0,41.0,41.0,33.0,22.82,146.21,66.0,32.0,19.03,0.0,0.0,0.0,0.0,0.0,0.0,58.23,203.5,118.8,0.0,144.49,21.31,17.49,38.82,0.0,1,0,1.0,0,Batsman,41.0,36.7022,0.0,36.7022,41.0,0.6212,22.7994,33.4037,25.4505,40.98
CG Harrison,T20_Blast,189.0,179.0,30.0,30.0,18.0,10.5,105.59,15.0,4.0,10.61,46.0,822.0,1042.0,45.0,45.0,137.0,7.61,22.65,17.87,1.02,97.81,11.17,6.38,7.81,0.83,1,1,1.0,1,All-Rounder,0.67,21.405,58.6456,43.7494,45.0,0.6818,29.8283,37.7504,31.8088,46.65
CH Gayle,BBL,616.0,447.0,20.0,20.0,19.0,32.42,137.81,34.0,49.0,18.57,5.0,144.0,182.0,13.0,13.0,24.0,7.58,36.4,28.8,0.38,0.0,0.0,0.0,38.82,0.0,1,1,1.0,1,Batsman,1.54,38.3626,48.9861,38.3626,20.0,0.2381,9.1341,0.0,6.8506,9.4
CH Gayle,CPL,2408.0,1828.0,81.0,81.0,68.0,35.41,131.73,184.0,162.0,18.93,11.0,233.0,297.0,18.0,18.0,38.83,7.65,27.0,21.18,0.61,0.0,0.0,0.0,38.82,0.0,1,1,1.0,1,Batsman,4.5,44.3902,51.2423,44.3902,81.0,1.0,44.3902,0.0,33.2926,54.29
CH Gayle,IPL,4997.0,3346.0,141.0,141.0,126.0,39.66,149.34,408.0,359.0,22.92,18.0,554.0,729.0,38.0,38.0,92.33,7.9,40.5,30.78,0.47,0.0,0.0,0.0,38.82,0.0,1,1,1.0,1,Batsman,3.71,58.1099,50.7017,58.1099,141.0,1.0,58.1099,0.0,43.5824,71.76
CH Gayle,PSL,370.0,271.0,16.0,16.0,16.0,23.12,136.53,24.0,29.0,19.56,0.0,6.0,5.0,1.0,1.0,1.0,5.0,203.5,118.8,0.0,0.0,0.0,0.0,38.82,0.0,1,1,1.0,0,Batsman,16.0,34.6075,30.0411,34.6075,16.0,0.2963,10.2542,0.0,7.6906,10.83
CH Morris,BBL,112.0,76.0,12.0,12.0,9.0,12.44,147.37,9.0,4.0,17.11,23.0,325.0,442.0,15.0,15.0,54.17,8.16,19.22,14.13,1.53,0.0,0.0,0.0,38.82,0.0,1,1,1.0,1,Bowler,0.8,30.2913,54.0337,54.0337,15.0,0.1786,9.6504,0.0,7.2378,4.67
CH Morris,IPL,618.0,398.0,49.0,49.0,28.0,22.07,155.28,41.0,35.0,19.1,96.0,1726.0,2309.0,81.0,81.0,287.67,8.03,24.05,17.98,1.19,0.0,0.0,0.0,38.82,0.0,1,1,1.0,1,All-Rounder,0.6,37.223,67.8132,56.2838,81.0,0.7941,44.695,0.0,33.5212,49.47
CH Morris,T20_Blast,182.0,151.0,14.0,14.0,11.0,16.55,120.53,8.0,8.0,10.6,17.0,360.0,477.0,16.0,16.0,60.0,7.95,28.06,21.18,1.06,0.0,0.0,0.0,38.82,0.0,1,1,1.0,1,Bowler,0.88,25.4488,51.9852,51.9852,16.0,0.2424,12.6012,0.0,9.4509,7.36
CJ Anderson,IPL,538.0,423.0,29.0,29.0,22.0,24.45,127.19,40.0,31.0,16.78,11.0,297.0,518.0,22.0,22.0,49.5,10.46,47.09,27.0,0.5,0.0,0.0,0.0,38.82,0.0,1,1,1.0,1,All-Rounder,1.32,33.0949,45.9873,38.6567,29.0,0.2843,10.9901,0.0,8.2426,7.91
CJ Anderson,T20_Blast,656.0,381.0,19.0,19.0,14.0,46.86,172.18,39.0,45.0,22.05,1.0,30.0,46.0,4.0,4.0,5.0,9.2,46.0,30.0,0.25,0.0,0.0,0.0,38.82,0.0,1,1,1.0,1,Batsman,4.75,49.6593,45.4196,49.6593,19.0,0.2879,14.2969,0.0,10.7227,15.97
CJ Borgas,BBL,145.0,135.0,11.0,11.0,10.0,14.5,107.41,10.0,2.0,8.89,0.0,6.0,20.0,1.0,1.0,1.0,20.0,203.5,118.8,0.0,0.0,0.0,0.0,38.82,0.0,1,1,1.0,0,Batsman,11.0,22.1131,15.1643,22.1131,11.0,0.131,2.8968,0.0,2.1726,1.46
CJ Boyce,BBL,327.0,284.0,46.0,46.0,31.0,10.55,115.14,22.0,17.0,13.73,110.0,2175.0,2732.0,102.0,102.0,362.5,7.54,24.84,19.77,1.08,90.0,9.0,6.0,7.31,1.0,1,1,1.0,1,Bowler,0.45,24.5453,70.9338,70.9338,102.0,1.0,70.9338,62.8345,68.909,79.87
CJ Ferguson,BBL,1882.0,1516.0,80.0,80.0,70.0,26.89,124.14,157.0,41.0,13.06,0.0,0.0,0.0,0.0,0.0,0.0,58.23,203.5,118.8,0.0,0.0,0.0,0.0,38.82,0.0,1,0,1.0,0,Batsman,80.0,36.019,0.0,36.019,80.0,0.9524,34.3045,0.0,25.7284,41.45
CJ Ferguson,T20_Blast,519.0,390.0,18.0,18.0,15.0,34.6,133.08,51.0,9.0,15.38,0.0,0.0,0.0,0.0,0.0,0.0,58.23,203.5,118.8,0.0,0.0,0.0,0.0,38.82,0.0,1,0,1.0,0,Batsman,18.0,36.7289,0.0,36.7289,18.0,0.2727,10.016,0.0,7.512,10.52
CJ Gannon,BBL,77.0,79.0,10.0,10.0,6.0,12.83,97.47,7.0,1.0,10.13,31.0,510.0,756.0,25.0,25.0,85.0,8.89,24.39,16.45,1.24,75.0,6.0,6.0,8.73,0.67,1,1,1.0,1,Bowler,0.4,20.6032,54.2355,54.2355,25.0,0.2976,16.1405,52.267,25.1721,26.54
CJ Green,BBL,747.0,569.0,72.0,72.0,48.0,15.56,131.28,52.0,19.0,12.48,82.0,2054.0,2472.0,107.0,107.0,342.33,7.22,30.15,25.05,0.77,123.96,14.94,10.35,6.92,0.89,1,1,1.0,1,All-Rounder,0.67,29.1308,65.1354,50.6543,107.0,1.0,50.6543,42.323,48.5715,74.21
CJ Green,CPL,384.0,302.0,43.0,43.0,33.0,11.64,127.15,29.0,14.0,14.24,70.0,1638.0,1747.0,77.0,77.0,273.0,6.4,24.96,23.4,0.91,138.06,14.27,10.19,6.66,1.0,1,1,1.0,1,All-Rounder,0.56,26.9007,64.2448,50.8644,77.0,1.0,50.8644,44.4332,49.2566,75.34
CJ Green,T20_Blast,479.0,324.0,31.0,31.0,19.0,25.21,147.84,44.0,14.0,17.9,43.0,798.0,1050.0,38.0,38.0,133.0,7.89,24.42,18.56,1.13,153.7,25.54,16.6,7.81,1.12,1,1,1.0,1,All-Rounder,0.82,36.375,57.5651,48.0444,38.0,0.5758,27.664,50.5138,33.3765,49.23
CJ Haggett,T20_Blast,109.0,87.0,11.0,11.0,4.0,27.25,125.29,8.0,2.0,11.49,27.0,540.0,846.0,29.0,29.0,90.0,9.4,31.33,20.0,0.93,0.0,0.0,0.0,38.82,0.0,1,1,1.0,1,Bowler,0.38,30.0307,52.0967,52.0967,29.0,0.4394,22.8913,0.0,17.1685,16.78
CJ Jordan,BBL,286.0,225.0,31.0,31.0,23.0,12.43,127.11,17.0,15.0,14.22,52.0,1076.0,1579.0,53.0,53.0,179.33,8.8,30.37,20.69,0.98,152.76,24.25,13.86,8.94,0.87,1,1,1.0,1,All-Rounder,0.58,26.8594,57.6877,46.3121,53.0,0.631,29.2229,45.3134,33.2455,49.02
CJ Jordan,CPL,50.0,44.0,5.0,5.0,3.0,16.67,113.64,6.0,0.0,13.64,13.0,217.0,324.0,10.0,10.0,36.17,8.96,24.92,16.69,1.3,116.22,21.5,14.33,9.0,1.2,1,1,1.0,1,Bowler,0.5,25.606,50.5888,50.5888,10.0,0.1389,7.0268,66.3504,21.8577,22.49
CJ Jordan,IPL,81.0,77.0,12.0,12.0,10.0,8.1,105.19,3.0,3.0,7.79,30.0,674.0,1081.0,34.0,34.0,112.33,9.62,36.03,22.47,0.88,85.0,5.67,4.25,10.68,0.5,1,1,1.0,1,Bowler,0.35,18.8529,51.8864,51.8864,34.0,0.3333,17.2937,45.4433,24.3311,25.51
CJ Jordan,PSL,142.0,115.0,18.0,18.0,9.0,15.78,123.48,10.0,8.0,15.65,40.0,708.0,976.0,33.0,33.0,118.0,8.27,24.4,17.7,1.21,188.89,12.75,7.29,8.93,1.36,1,1,1.0,1,Bowler,0.55,27.7904,56.6053,56.6053,33.0,0.6111,34.5915,70.7736,43.637,49.05
CJ Jordan,T20_Blast,707.0,542.0,57.0,57.0,34.0,20.79,130.44,44.0,34.0,14.39,99.0,1839.0,2506.0,89.0,89.0,306.5,8.18,25.31,18.58,1.11,141.2,25.21,14.71,8.21,1.09,1,1,1.0,1,All-Rounder,0.64,31.6353,68.095,53.8611,89.0,1.0,53.8611,48.6378,52.5553,80.76
CJ Liddle,T20_Blast,9.0,11.0,5.0,5.0,3.0,3.0,81.82,1.0,0.0,9.09,30.0,636.0,956.0,33.0,33.0,106.0,9.02,31.87,21.2,0.91,0.0,0.0,0.0,38.82,0.0,1,1,1.0,1,Bowler,0.15,14.4088,52.9926,52.9926,33.0,0.5,26.4963,0.0,19.8722,20.07
CJ McKay,BBL,85.0,70.0,12.0,12.0,6.0,14.17,121.43,5.0,3.0,11.43,41.0,735.0,1003.0,35.0,35.0,122.5,8.19,24.46,17.93,1.17,0.0,0.0,0.0,38.82,0.0,1,1,1.0,1,Bowler,0.34,24.8095,56.8724,56.8724,35.0,0.4167,23.6987,0.0,17.774,17.51
CJ McKay,T20_Blast,60.0,68.0,10.0,10.0,7.0,8.57,88.24,3.0,0.0,4.41,49.0,761.0,893.0,36.0,36.0,126.83,7.04,18.22,15.53,1.36,0.0,0.0,0.0,38.82,0.0,1,1,1.0,1,Bowler,0.28,15.1819,60.3405,60.3405,36.0,0.5455,32.9157,0.0,24.6868,25.94
CJ Russell,T20_Blast,0.0,0.0,0.0,0.0,0.0,0.0,0.0,0.0,0.0,0.0,17.0,218.0,334.0,10.0,10.0,36.33,9.19,19.65,12.82,1.7,0.0,0.0,0.0,38.82,0.0,0,1,0.0,1,Bowler,0.0,0.0,51.7886,51.7886,10.0,0.1515,7.846,0.0,5.8845,3.02
CJ Simmons,BBL,501.0,351.0,20.0,20.0,20.0,25.05,142.74,43.0,30.0,20.8,3.0,84.0,88.0,6.0,6.0,14.0,6.29,29.33,28.0,0.5,0.0,0.0,0.0,38.82,0.0,1,1,1.0,1,Batsman,3.33,37.0802,50.7439,37.0802,20.0,0.2381,8.8288,0.0,6.6216,9.01
CJC Wright,T20_Blast,7.0,13.0,4.0,4.0,3.0,2.33,53.85,0.0,0.0,0.0,13.0,283.0,463.0,14.0,14.0,47.17,9.82,35.62,21.77,0.93,0.0,0.0,0.0,38.82,0.0,1,1,1.0,1,Bowler,0.29,6.3035,48.4214,48.4214,14.0,0.2121,10.2702,0.0,7.7026,5.23
CL White,BBL,1568.0,1357.0,70.0,70.0,58.0,27.03,115.55,111.0,55.0,12.23,1.0,18.0,23.0,2.0,2.0,3.0,7.67,23.0,18.0,0.5,0.0,0.0,0.0,38.82,0.0,1,1,1.0,1,Batsman,35.0,33.5895,49.7626,33.5895,70.0,0.8333,27.9901,0.0,20.9926,33.41
CL White,IPL,971.0,760.0,45.0,45.0,36.0,26.97,127.76,76.0,38.0,15.0,1.0,42.0,86.0,6.0,6.0,7.0,12.29,86.0,42.0,0.17,0.0,0.0,0.0,38.82,0.0,1,1,1.0,1,Batsman,7.5,34.5789,37.441,34.5789,45.0,0.4412,15.2562,0.0,11.4422,17.19
CM Gautam,IPL,169.0,150.0,13.0,13.0,10.0,16.9,112.67,17.0,6.0,15.33,0.0,0.0,0.0,0.0,0.0,0.0,58.23,203.5,118.8,0.0,0.0,0.0,0.0,38.82,0.0,1,0,1.0,0,Wicketkeeper-Batsman,13.0,26.7215,0.0,29.3937,13.0,0.1275,3.7477,0.0,2.8108,1.76
CMW Read,T20_Blast,192.0,134.0,18.0,18.0,11.0,17.45,143.28,17.0,5.0,16.42,0.0,0.0,0.0,0.0,0.0,0.0,58.23,203.5,118.8,0.0,0.0,0.0,0.0,38.82,0.0,1,0,1.0,0,Wicketkeeper-Batsman,18.0,31.4585,0.0,34.6044,18.0,0.2727,9.4366,0.0,7.0774,9.35
CN Ackermann,T20_Blast,2183.0,1707.0,95.0,95.0,81.0,26.95,127.89,194.0,51.0,14.35,50.0,1015.0,1296.0,65.0,65.0,169.17,7.66,25.92,20.3,0.77,127.04,24.1,21.34,7.81,0.4,1,1,1.0,1,All-Rounder,1.46,38.0667,58.9748,46.5596,95.0,1.0,46.5596,40.6574,45.0841,68.48
CN Miles,T20_Blast,55.0,71.0,15.0,15.0,7.0,7.86,77.46,3.0,0.0,4.23,63.0,959.0,1381.0,52.0,52.0,159.83,8.64,21.92,15.22,1.21,62.5,5.0,2.5,9.45,1.22,1,1,1.0,1,Bowler,0.29,13.4361,61.0308,61.0308,52.0,0.7879,48.0862,66.3838,52.6606,60.06
CP Jewell,BBL,1160.0,917.0,56.0,56.0,54.0,21.48,126.5,125.0,27.0,16.58,0.0,0.0,0.0,0.0,0.0,0.0,58.23,203.5,118.8,0.0,131.42,23.7,22.86,38.82,0.0,1,0,1.0,0,Batsman,56.0,33.8042,0.0,33.8042,56.0,0.6667,22.5373,36.5213,26.0333,41.96
CP Tremain,BBL,80.0,68.0,16.0,16.0,6.0,13.33,117.65,6.0,3.0,13.24,41.0,1015.0,1377.0,49.0,49.0,169.17,8.14,33.59,24.76,0.84,0.0,0.0,0.0,38.82,0.0,1,1,1.0,1,Bowler,0.33,24.8526,55.8004,55.8004,49.0,0.5833,32.5484,0.0,24.4113,25.61
CP Wood,T20_Blast,467.0,413.0,56.0,56.0,36.0,12.97,113.08,42.0,10.0,12.59,144.0,2646.0,3609.0,127.0,127.0,441.0,8.18,25.06,18.38,1.13,125.66,17.75,10.14,7.88,1.14,1,1,1.0,1,Bowler,0.44,25.038,76.9061,76.9061,127.0,1.0,76.9061,65.9899,74.1771,86.3
CR Brathwaite,BBL,71.0,64.0,14.0,14.0,11.0,6.45,110.94,7.0,2.0,14.06,28.0,442.0,578.0,23.0,23.0,73.67,7.85,20.64,15.79,1.22,0.0,0.0,0.0,38.82,0.0,1,1,1.0,1,Bowler,0.61,21.9092,55.1423,55.1423,23.0,0.2738,15.098,0.0,11.3235,9.65
CR Brathwaite,CPL,841.0,635.0,66.0,66.0,50.0,16.82,132.44,52.0,53.0,16.54,63.0,1333.0,1855.0,72.0,72.0,222.17,8.35,29.44,21.16,0.88,142.86,30.0,15.0,10.8,1.67,1,1,1.0,1,All-Rounder,0.92,31.9137,60.3946,46.7722,72.0,1.0,46.7722,56.224,49.1351,75.14
CR Brathwaite,IPL,181.0,111.0,14.0,14.0,13.0,13.92,163.06,10.0,16.0,23.42,13.0,254.0,379.0,16.0,16.0,42.33,8.95,29.15,19.54,0.81,0.0,0.0,0.0,38.82,0.0,1,1,1.0,1,Bowler,0.88,36.0047,50.0791,50.0791,16.0,0.1569,7.8574,0.0,5.8931,3.03
CR Brathwaite,PSL,111.0,74.0,12.0,12.0,6.0,18.5,150.0,10.0,5.0,20.27,12.0,293.0,425.0,17.0,17.0,48.83,8.7,35.42,24.42,0.71,175.0,21.0,8.4,9.29,0.29,1,1,1.0,1,Bowler,0.71,34.243,49.3616,49.3616,17.0,0.3148,15.539,41.3161,21.9833,22.65
CR Brathwaite,T20_Blast,318.0,217.0,25.0,25.0,18.0,17.67,146.54,24.0,19.0,19.82,46.0,624.0,935.0,31.0,31.0,104.0,8.99,20.33,13.57,1.48,145.24,15.25,10.17,9.5,1.27,1,1,1.0,1,All-Rounder,0.81,33.9379,57.5619,47.0161,31.0,0.4697,22.0835,47.0276,28.3195,40.92
CR Woakes,IPL,78.0,77.0,12.0,12.0,6.0,13.0,101.3,7.0,2.0,11.69,30.0,440.0,658.0,21.0,21.0,73.33,8.97,21.93,14.67,1.43,0.0,0.0,0.0,38.82,0.0,1,1,1.0,1,Bowler,0.57,21.8901,54.2633,54.2633,21.0,0.2059,11.1728,0.0,8.3796,6.06
CR Woakes,T20_Blast,259.0,191.0,21.0,21.0,12.0,21.58,135.6,21.0,8.0,15.18,33.0,619.0,884.0,28.0,28.0,103.17,8.57,26.79,18.76,1.18,110.42,13.25,8.83,8.53,1.0,1,1,1.0,1,All-Rounder,0.75,31.5531,54.6483,44.7497,28.0,0.4242,18.9828,41.4412,24.5974,34.8
CRD Fernando,IPL,4.0,3.0,2.0,2.0,0.0,4.0,133.33,0.0,0.0,0.0,17.0,234.0,298.0,10.0,10.0,39.0,7.64,17.53,13.76,1.7,0.0,0.0,0.0,38.82,0.0,1,1,0.0,1,Bowler,0.2,17.1725,53.5863,53.5863,10.0,0.098,5.2515,0.0,3.9386,0.64
CS Delport,CPL,342.0,282.0,19.0,19.0,17.0,20.12,121.28,36.0,15.0,18.09,0.0,0.0,0.0,0.0,0.0,0.0,58.23,203.5,118.8,0.0,0.0,0.0,0.0,38.82,0.0,1,0,1.0,0,Batsman,19.0,30.8007,0.0,30.8007,19.0,0.2639,8.1283,0.0,6.0962,8.12
CS Delport,PSL,873.0,688.0,38.0,38.0,36.0,24.25,126.89,80.0,33.0,16.42,10.0,191.0,289.0,14.0,14.0,31.83,9.08,28.9,19.1,0.71,0.0,0.0,0.0,38.82,0.0,1,1,1.0,1,Batsman,2.71,33.8627,49.3954,33.8627,38.0,0.7037,23.8292,0.0,17.8719,28.11
CS Delport,T20_Blast,1323.0,918.0,54.0,54.0,50.0,26.46,144.12,134.0,60.0,21.13,21.0,449.0,597.0,35.0,35.0,74.83,7.98,28.43,21.38,0.6,0.0,0.0,0.0,38.82,0.0,1,1,1.0,1,All-Rounder,1.54,40.4753,52.6905,45.2795,54.0,0.8182,37.0477,0.0,27.7858,40.04
CS MacLeod,T20_Blast,1170.0,934.0,46.0,46.0,43.0,27.21,125.27,129.0,22.0,16.17,0.0,6.0,6.0,1.0,1.0,1.0,6.0,203.5,118.8,0.0,0.0,0.0,0.0,38.82,0.0,1,1,1.0,0,Batsman,46.0,35.5081,29.0493,35.5081,46.0,0.697,24.7491,0.0,18.5618,29.28
CT Bancroft,BBL,1929.0,1566.0,74.0,74.0,58.0,33.26,123.18,143.0,48.0,12.2,0.0,0.0,0.0,0.0,0.0,0.0,58.23,203.5,118.8,0.0,128.15,36.42,28.83,38.82,0.0,1,0,1.0,0,Wicketkeeper-Batsman,74.0,37.8894,0.0,41.6783,74.0,0.881,36.7186,45.2934,38.8623,65.89
CT Bancroft,T20_Blast,966.0,767.0,36.0,36.0,32.0,30.19,125.95,93.0,18.0,14.47,0.0,0.0,0.0,0.0,0.0,0.0,58.23,203.5,118.8,0.0,127.14,33.38,31.41,38.82,0.0,1,0,1.0,0,Wicketkeeper-Batsman,36.0,35.2187,0.0,38.7406,36.0,0.5455,21.133,45.5161,27.2288,45.19
CT Steel,T20_Blast,165.0,135.0,16.0,16.0,10.0,16.5,122.22,15.0,4.0,14.07,12.0,264.0,436.0,17.0,17.0,44.0,9.91,36.33,22.0,0.71,118.03,18.0,7.2,9.67,0.71,1,1,1.0,1,Bowler,0.94,27.2161,48.0498,48.0498,17.0,0.2576,12.3776,52.2885,22.3553,23.1
CV Varun,IPL,25.0,46.0,10.0,10.0,4.0,6.25,54.35,2.0,0.0,4.35,83.0,1590.0,2000.0,70.0,70.0,265.0,7.55,24.1,19.16,1.19,48.15,13.0,2.6,8.18,1.21,1,1,1.0,1,Bowler,0.14,9.8385,65.7465,65.7465,70.0,0.6863,45.1218,67.5506,50.729,57.7
Callum Taylor,T20_Blast,169.0,183.0,18.0,18.0,13.0,13.0,92.35,13.0,3.0,8.74,5.0,78.0,118.0,7.0,7.0,13.0,9.08,23.6,15.6,0.71,103.33,15.5,10.33,16.0,0.0,1,1,1.0,1,Batsman,2.57,19.6388,49.0709,19.6388,18.0,0.2727,5.3555,22.6464,9.6782,14.2
Craig Cachopa,T20_Blast,419.0,304.0,21.0,21.0,15.0,27.93,137.83,36.0,17.0,17.43,0.0,0.0,0.0,0.0,0.0,0.0,58.23,203.5,118.8,0.0,0.0,0.0,0.0,38.82,0.0,1,0,1.0,0,Batsman,21.0,35.6331,0.0,35.6331,21.0,0.3182,11.3385,0.0,8.5039,12.21
D Bishoo,CPL,15.0,14.0,3.0,3.0,0.0,15.0,107.14,1.0,0.0,7.14,14.0,245.0,293.0,12.0,12.0,40.83,7.18,20.93,17.5,1.17,0.0,0.0,0.0,38.82,0.0,1,1,0.0,1,Bowler,0.25,21.0325,53.0395,53.0395,12.0,0.1667,8.8417,0.0,6.6313,3.93
D Brevis,IPL,230.0,172.0,10.0,10.0,10.0,23.0,133.72,17.0,16.0,19.19,1.0,3.0,8.0,1.0,1.0,0.5,16.0,8.0,3.0,1.0,133.72,23.0,23.0,16.0,1.0,1,1,1.0,1,Batsman,10.0,33.5919,43.3438,33.5919,10.0,0.098,3.292,36.5281,11.601,17.46
D Elgar,T20_Blast,400.0,323.0,16.0,16.0,15.0,26.67,123.84,40.0,8.0,14.86,1.0,18.0,22.0,1.0,1.0,3.0,7.33,22.0,18.0,1.0,128.29,27.58,25.46,38.82,0.0,1,1,1.0,1,Batsman,16.0,32.1187,50.2226,32.1187,16.0,0.2424,7.7856,39.4807,15.7094,24.44
D Ferreira,T20_Blast,257.0,162.0,11.0,11.0,10.0,25.7,158.64,16.0,19.0,21.6,0.0,0.0,0.0,0.0,0.0,0.0,58.23,203.5,118.8,0.0,158.64,25.7,23.36,38.82,0.0,1,0,1.0,0,Wicketkeeper-Batsman,11.0,38.98,0.0,42.878,11.0,0.1667,7.1478,40.2283,15.4179,24.18
D Klein,T20_Blast,34.0,45.0,10.0,10.0,7.0,4.86,75.56,1.0,0.0,2.22,16.0,372.0,542.0,21.0,21.0,62.0,8.74,33.88,23.25,0.76,0.0,0.0,0.0,38.82,0.0,1,1,1.0,1,Bowler,0.48,11.1274,50.2916,50.2916,21.0,0.3182,16.0028,0.0,12.0021,10.48
D Moriarty,T20_Blast,40.0,42.0,9.0,9.0,3.0,13.33,95.24,4.0,1.0,11.9,45.0,942.0,1193.0,45.0,45.0,157.0,7.6,26.51,20.93,1.0,78.12,8.33,3.57,8.47,0.81,1,1,1.0,1,Bowler,0.2,21.2016,57.9862,57.9862,45.0,0.6818,39.535,56.3624,43.7418,49.18
D Padikkal,IPL,1559.0,1266.0,64.0,64.0,62.0,25.15,123.14,170.0,42.0,16.75,0.0,0.0,0.0,0.0,0.0,0.0,58.23,203.5,118.8,0.0,120.75,19.85,19.29,38.82,0.0,1,0,1.0,0,Batsman,64.0,35.9893,0.0,35.9893,64.0,0.6275,22.5833,31.6787,24.8571,39.97
D Paterson,T20_Blast,15.0,19.0,6.0,6.0,3.0,5.0,78.95,2.0,0.0,10.53,15.0,168.0,284.0,11.0,11.0,28.0,10.14,18.93,11.2,1.36,62.5,5.0,1.67,10.07,1.4,1,1,1.0,1,Bowler,0.55,15.4341,50.5446,50.5446,11.0,0.1667,8.4258,70.5685,23.9615,25.06
D Pretorius,CPL,243.0,197.0,22.0,22.0,15.0,16.2,123.35,17.0,10.0,13.71,42.0,668.0,898.0,31.0,31.0,111.33,8.07,21.38,15.9,1.35,123.35,16.2,11.05,8.07,1.35,1,1,1.0,1,All-Rounder,0.71,27.3318,57.5649,45.0151,31.0,0.4306,19.3835,48.371,26.6304,38.14
D Pretorius,T20_Blast,225.0,174.0,10.0,10.0,9.0,25.0,129.31,18.0,9.0,15.52,6.0,127.0,178.0,10.0,10.0,21.17,8.41,29.67,21.17,0.6,0.0,0.0,0.0,38.82,0.0,1,1,1.0,1,Batsman,1.0,31.9991,49.1849,31.9991,10.0,0.1515,4.8479,0.0,3.6359,3.94
D Ramdin,CPL,1565.0,1351.0,76.0,76.0,53.0,29.53,115.84,107.0,59.0,12.29,0.0,0.0,0.0,0.0,0.0,0.0,58.23,203.5,118.8,0.0,0.0,0.0,0.0,38.82,0.0,1,0,1.0,0,Wicketkeeper-Batsman,76.0,34.5284,0.0,37.9812,76.0,1.0,37.9812,0.0,28.4859,47.43
D Smit,T20_Blast,223.0,192.0,16.0,16.0,9.0,24.78,116.15,20.0,3.0,11.98,0.0,0.0,0.0,0.0,0.0,0.0,58.23,203.5,118.8,0.0,0.0,0.0,0.0,38.82,0.0,1,0,1.0,0,Wicketkeeper-Batsman,16.0,28.5597,0.0,31.4157,16.0,0.2424,7.6152,0.0,5.7114,6.92
D Wiese,CPL,405.0,284.0,28.0,28.0,18.0,22.5,142.61,30.0,21.0,17.96,46.0,629.0,902.0,35.0,35.0,104.83,8.6,19.61,13.67,1.31,158.33,30.88,16.47,7.56,1.32,1,1,1.0,1,All-Rounder,0.8,34.5382,58.0372,47.5942,35.0,0.4861,23.1355,54.6748,31.0203,45.36
D Wiese,IPL,148.0,101.0,11.0,11.0,5.0,29.6,146.53,12.0,7.0,18.81,16.0,296.0,440.0,15.0,15.0,49.33,8.92,27.5,18.5,1.07,190.91,21.0,7.0,12.67,0.0,1,1,1.0,1,Bowler,0.73,37.1475,50.8969,50.8969,15.0,0.1471,7.4869,29.615,13.0189,11.72
D Wiese,PSL,629.0,388.0,44.0,44.0,25.0,25.16,162.11,40.0,41.0,20.88,38.0,877.0,1200.0,52.0,52.0,146.17,8.21,31.58,23.08,0.73,162.18,19.56,12.04,7.79,0.63,1,1,1.0,1,All-Rounder,0.85,40.0632,55.3925,48.3671,52.0,0.963,46.5775,41.5928,45.3313,68.88
D Wiese,T20_Blast,1110.0,793.0,58.0,58.0,44.0,25.23,139.97,86.0,49.0,17.02,49.0,1011.0,1518.0,64.0,64.0,168.5,9.01,30.98,20.63,0.77,162.81,24.62,17.91,8.35,1.0,1,1,1.0,1,All-Rounder,0.91,36.9213,56.8191,47.3597,64.0,0.9697,45.9247,49.2184,46.7481,71.21
DA Cosker,T20_Blast,30.0,35.0,8.0,8.0,2.0,15.0,85.71,1.0,0.0,2.86,32.0,739.0,984.0,36.0,36.0,123.17,7.99,30.75,23.09,0.89,0.0,0.0,0.0,38.82,0.0,1,1,1.0,1,Bowler,0.22,16.308,54.5419,54.5419,36.0,0.5455,29.7526,0.0,22.3144,23.05
DA Douthwaite,T20_Blast,626.0,456.0,49.0,49.0,36.0,17.39,137.28,33.0,42.0,16.45,56.0,970.0,1500.0,54.0,54.0,161.67,9.28,26.79,17.32,1.04,138.54,17.75,11.36,9.59,1.16,1,1,1.0,1,All-Rounder,0.91,32.0287,58.4319,45.8719,54.0,0.8182,37.5324,46.0667,39.666,59.57
DA Griffiths,T20_Blast,34.0,30.0,4.0,4.0,3.0,11.33,113.33,1.0,2.0,10.0,23.0,436.0,690.0,22.0,22.0,72.67,9.49,30.0,18.96,1.05,0.0,0.0,0.0,38.82,0.0,1,1,1.0,1,Bowler,0.18,21.9318,51.3903,51.3903,22.0,0.3333,17.1284,0.0,12.8463,11.51
DA Miller,BBL,198.0,151.0,12.0,12.0,9.0,22.0,131.13,10.0,9.0,12.58,0.0,0.0,0.0,0.0,0.0,0.0,58.23,203.5,118.8,0.0,0.0,0.0,0.0,38.82,0.0,1,0,1.0,0,Batsman,12.0,29.7192,0.0,29.7192,12.0,0.1429,4.2469,0.0,3.1852,3.18
DA Miller,CPL,728.0,468.0,29.0,29.0,17.0,42.82,155.56,54.0,42.0,20.51,0.0,0.0,0.0,0.0,0.0,0.0,58.23,203.5,118.8,0.0,159.85,48.67,27.38,38.82,0.0,1,0,1.0,0,Batsman,29.0,45.5873,0.0,45.5873,29.0,0.4028,18.3626,52.5396,26.9068,43.45
DA Miller,IPL,2924.0,2101.0,123.0,123.0,82.0,35.66,139.17,207.0,134.0,16.23,0.0,0.0,0.0,0.0,0.0,0.0,58.23,203.5,118.8,0.0,145.26,45.24,25.0,38.82,0.0,1,0,1.0,0,Batsman,123.0,45.7916,0.0,45.7916,123.0,1.0,45.7916,48.2456,46.4051,76.55
DA Payne,BBL,40.0,21.0,4.0,4.0,1.0,40.0,190.48,0.0,4.0,19.05,22.0,334.0,477.0,16.0,16.0,55.67,8.57,21.68,15.18,1.38,190.48,40.0,10.0,8.57,1.38,1,1,1.0,1,Bowler,0.25,46.2842,53.1297,53.1297,16.0,0.1905,10.1212,71.7243,25.522,26.96
DA Payne,T20_Blast,113.0,111.0,26.0,26.0,17.0,6.65,101.8,4.0,4.0,7.21,164.0,2531.0,3321.0,116.0,116.0,421.83,7.87,20.25,15.43,1.41,109.41,6.64,5.17,6.94,1.65,1,1,1.0,1,Bowler,0.22,17.7312,81.707,81.707,116.0,1.0,81.707,80.9006,81.5054,95.23
DA Warner,BBL,706.0,510.0,23.0,23.0,18.0,39.22,138.43,68.0,18.0,16.86,0.0,0.0,0.0,0.0,0.0,0.0,58.23,203.5,118.8,0.0,130.05,34.62,27.7,38.82,0.0,1,0,1.0,0,Batsman,23.0,40.3268,0.0,40.3268,23.0,0.2738,11.0415,44.0098,19.2836,30.51
DA Warner,IPL,6567.0,4702.0,184.0,184.0,164.0,40.04,139.66,663.0,236.0,19.12,0.0,1.0,2.0,1.0,1.0,0.17,11.76,203.5,118.8,0.0,138.81,36.0,32.82,38.82,0.0,1,1,1.0,0,Batsman,184.0,60.1161,23.3366,60.1161,184.0,1.0,60.1161,48.5921,57.2351,94.93
DB Das,IPL,304.0,261.0,22.0,22.0,14.0,21.71,116.48,23.0,16.0,14.94,0.0,0.0,0.0,0.0,0.0,0.0,58.23,203.5,118.8,0.0,0.0,0.0,0.0,38.82,0.0,1,0,1.0,0,Batsman,22.0,29.1523,0.0,29.1523,22.0,0.2157,6.2882,0.0,4.7162,5.78
DB Ravi Teja,IPL,375.0,317.0,25.0,25.0,19.0,19.74,118.3,35.0,9.0,13.88,1.0,18.0,28.0,2.0,2.0,3.0,9.33,28.0,18.0,0.5,0.0,0.0,0.0,38.82,0.0,1,1,1.0,1,Batsman,12.5,28.4192,47.502,28.4192,25.0,0.2451,6.9655,0.0,5.2241,6.64
DC Drakes,CPL,255.0,195.0,19.0,19.0,12.0,21.25,130.77,18.0,15.0,16.92,28.0,565.0,942.0,30.0,30.0,94.17,10.0,33.64,20.18,0.93,103.03,20.4,10.2,12.1,0.73,1,1,1.0,1,Bowler,0.63,31.6108,51.4129,51.4129,30.0,0.4167,21.4238,50.0795,28.5877,30.7
DC Thomas,CPL,1096.0,930.0,65.0,65.0,57.0,19.23,117.85,93.0,48.0,15.16,4.0,54.0,108.0,5.0,5.0,9.0,12.0,27.0,13.5,0.8,140.0,7.0,4.67,4.0,2.0,1,1,1.0,1,Wicketkeeper-Batsman,13.0,31.0276,45.5621,34.1304,65.0,0.9028,30.8129,18.9805,27.8548,46.31
DD Masters,T20_Blast,13.0,26.0,9.0,9.0,3.0,4.33,50.0,0.0,0.0,0.0,17.0,579.0,710.0,27.0,27.0,96.5,7.36,41.76,34.06,0.63,0.0,0.0,0.0,38.82,0.0,1,1,1.0,1,Bowler,0.33,6.5301,50.8873,50.8873,27.0,0.4091,20.818,0.0,15.6135,14.88
DE Bernard,CPL,57.0,60.0,7.0,7.0,7.0,8.14,95.0,4.0,3.0,11.67,12.0,258.0,281.0,16.0,16.0,43.0,6.53,23.42,21.5,0.75,0.0,0.0,0.0,38.82,0.0,1,1,1.0,1,Bowler,0.44,19.2836,52.988,52.988,16.0,0.2222,11.7739,0.0,8.8304,6.61
DE Bollinger,BBL,12.0,12.0,5.0,5.0,5.0,2.4,100.0,0.0,0.0,0.0,31.0,790.0,1101.0,39.0,39.0,131.67,8.36,35.52,25.48,0.79,0.0,0.0,0.0,38.82,0.0,1,1,1.0,1,Bowler,0.13,12.318,53.3939,53.3939,39.0,0.4643,24.7908,0.0,18.5931,18.51
DE Bollinger,IPL,21.0,23.0,4.0,4.0,1.0,21.0,91.3,1.0,1.0,8.7,37.0,576.0,693.0,27.0,27.0,96.0,7.22,18.73,15.57,1.37,0.0,0.0,0.0,38.82,0.0,1,1,1.0,1,Bowler,0.15,21.8473,57.7579,57.7579,27.0,0.2647,15.2885,0.0,11.4664,9.82
DE Johnson,CPL,5.0,5.0,3.0,3.0,2.0,2.5,100.0,1.0,0.0,20.0,18.0,225.0,321.0,11.0,11.0,37.5,8.56,17.83,12.5,1.64,0.0,0.0,0.0,38.82,0.0,1,1,1.0,1,Bowler,0.27,21.6641,52.8321,52.8321,11.0,0.1528,8.0727,0.0,6.0545,3.22
DG Bedingham,T20_Blast,730.0,517.0,34.0,34.0,34.0,21.47,141.2,55.0,32.0,16.83,0.0,0.0,0.0,0.0,0.0,0.0,58.23,203.5,118.8,0.0,143.78,23.93,23.93,38.82,0.0,1,0,1.0,0,Batsman,34.0,34.4786,0.0,34.4786,34.0,0.5152,17.7634,38.4413,22.9329,36.7
DH Yagnik,IPL,170.0,137.0,17.0,17.0,10.0,17.0,124.09,23.0,2.0,18.25,0.0,0.0,0.0,0.0,0.0,0.0,58.23,203.5,118.8,0.0,0.0,0.0,0.0,38.82,0.0,1,0,1.0,0,Wicketkeeper-Batsman,17.0,29.6008,0.0,32.5609,17.0,0.1667,5.4279,0.0,4.0709,4.0
DI Stevens,T20_Blast,1069.0,741.0,62.0,62.0,56.0,19.09,144.26,84.0,52.0,18.35,59.0,1132.0,1625.0,68.0,68.0,188.67,8.61,27.54,19.19,0.87,130.56,23.5,23.5,38.82,0.0,1,1,1.0,1,All-Rounder,0.91,35.8013,59.5897,48.245,68.0,1.0,48.245,18.3767,40.7779,61.4
DJ Bell-Drummond,T20_Blast,4077.0,2934.0,134.0,134.0,126.0,32.36,138.96,427.0,95.0,17.79,5.0,93.0,165.0,10.0,10.0,15.5,10.65,33.0,18.6,0.5,139.57,32.19,29.43,12.0,0.0,1,1,1.0,1,Batsman,13.4,48.9244,46.3591,48.9244,134.0,1.0,48.9244,44.9497,47.9307,79.14
DJ Bravo,BBL,677.0,504.0,37.0,37.0,29.0,23.34,134.33,36.0,36.0,14.29,49.0,959.0,1292.0,45.0,45.0,159.83,8.08,26.37,19.57,1.09,0.0,0.0,0.0,38.82,0.0,1,1,1.0,1,All-Rounder,0.82,32.899,58.3078,46.8433,45.0,0.5357,25.094,0.0,18.8205,25.3
DJ Bravo,CPL,1152.0,884.0,73.0,73.0,55.0,20.95,130.32,68.0,70.0,15.61,129.0,2014.0,2949.0,96.0,96.0,335.67,8.79,22.86,15.61,1.34,70.31,5.0,5.0,9.35,1.15,1,1,1.0,1,All-Rounder,0.76,33.6339,73.6446,56.36,96.0,1.0,56.36,38.2018,51.8204,79.55
DJ Bravo,IPL,1560.0,1204.0,110.0,110.0,69.0,22.61,129.57,120.0,66.0,15.45,183.0,3120.0,4360.0,158.0,158.0,520.0,8.38,23.83,17.05,1.16,95.83,11.5,3.83,8.71,1.6,1,1,1.0,1,All-Rounder,0.7,35.3213,84.4687,64.2986,158.0,1.0,64.2986,46.8788,59.9436,92.91
DJ Bravo,PSL,134.0,127.0,12.0,12.0,7.0,19.14,105.51,12.0,2.0,11.02,11.0,306.0,425.0,14.0,14.0,51.0,8.33,38.64,27.82,0.79,0.0,0.0,0.0,38.82,0.0,1,1,1.0,1,All-Rounder,0.86,24.4652,49.1379,37.7514,14.0,0.2593,9.7889,0.0,7.3417,6.43
DJ Bravo,T20_Blast,287.0,224.0,20.0,20.0,17.0,16.88,128.12,12.0,19.0,13.84,21.0,458.0,635.0,21.0,21.0,76.33,8.32,30.24,21.81,1.0,107.02,10.17,7.62,8.19,1.0,1,1,1.0,1,All-Rounder,0.95,28.3873,52.1309,40.5488,21.0,0.3182,12.9026,40.4484,19.789,26.89
DJ Harris,BBL,237.0,232.0,13.0,13.0,13.0,18.23,102.16,23.0,5.0,12.07,0.0,12.0,25.0,2.0,2.0,2.0,12.5,203.5,118.8,0.0,0.0,0.0,0.0,38.82,0.0,1,1,1.0,0,Batsman,6.5,24.5215,22.6027,24.5215,13.0,0.1548,3.7959,0.0,2.8469,2.6
DJ Hooda,IPL,1466.0,1132.0,96.0,96.0,80.0,18.32,129.51,96.0,61.0,13.87,10.0,373.0,531.0,33.0,33.0,62.17,8.54,53.1,37.3,0.3,129.52,20.61,19.43,9.12,0.2,1,1,1.0,1,Batsman,2.91,32.7681,46.958,32.7681,96.0,0.9412,30.8413,32.9088,31.3582,51.0
DJ Hussey,BBL,744.0,566.0,36.0,36.0,27.0,27.56,131.45,61.0,19.0,14.13,11.0,168.0,199.0,12.0,12.0,28.0,7.11,18.09,15.27,0.92,0.0,0.0,0.0,38.82,0.0,1,1,1.0,1,Batsman,3.0,34.1507,52.8724,34.1507,36.0,0.4286,14.637,0.0,10.9778,16.41
DJ Hussey,IPL,1322.0,1075.0,61.0,61.0,49.0,26.98,122.98,90.0,60.0,13.95,8.0,317.0,474.0,26.0,26.0,52.83,8.97,59.25,39.62,0.31,0.0,0.0,0.0,38.82,0.0,1,1,1.0,1,Batsman,2.35,34.5688,45.3858,34.5688,61.0,0.598,20.6721,0.0,15.5041,24.09
DJ Lamb,T20_Blast,403.0,365.0,40.0,40.0,28.0,14.39,110.41,34.0,11.0,12.33,51.0,1081.0,1662.0,59.0,59.0,180.17,9.22,32.59,21.2,0.86,109.91,11.65,9.71,10.24,0.79,1,1,1.0,1,All-Rounder,0.68,24.8728,56.8033,43.9034,59.0,0.8939,39.2452,37.5336,38.8173,58.18
DJ Lincoln,T20_Blast,123.0,123.0,11.0,11.0,9.0,13.67,100.0,9.0,2.0,8.94,0.0,0.0,0.0,0.0,0.0,0.0,58.23,203.5,118.8,0.0,0.0,0.0,0.0,38.82,0.0,1,0,1.0,0,Batsman,11.0,20.8155,0.0,20.8155,11.0,0.1667,3.4699,0.0,2.6024,2.19
DJ Malan,BBL,265.0,233.0,10.0,10.0,10.0,26.5,113.73,23.0,6.0,12.45,0.0,0.0,0.0,0.0,0.0,0.0,58.23,203.5,118.8,0.0,0.0,0.0,0.0,38.82,0.0,1,0,1.0,0,Batsman,10.0,29.2041,0.0,29.2041,10.0,0.119,3.4753,0.0,2.6065,2.2
DJ Malan,PSL,619.0,504.0,24.0,24.0,21.0,29.48,122.82,57.0,20.0,15.28,0.0,0.0,0.0,0.0,0.0,0.0,58.23,203.5,118.8,0.0,139.77,24.6,24.6,38.82,0.0,1,0,1.0,0,Batsman,24.0,33.8581,0.0,33.8581,24.0,0.4444,15.0465,38.7643,20.9759,33.38
DJ Malan,T20_Blast,3027.0,2184.0,102.0,102.0,88.0,34.4,138.6,329.0,95.0,19.41,4.0,124.0,186.0,14.0,14.0,20.67,9.0,46.5,31.0,0.29,142.35,42.86,35.29,38.82,0.0,1,1,1.0,1,Batsman,7.29,47.0781,46.1419,47.0781,102.0,1.0,47.0781,53.3548,48.6473,80.35
DJ Mitchell,IPL,351.0,267.0,15.0,15.0,13.0,27.0,131.46,28.0,10.0,14.23,1.0,48.0,97.0,4.0,4.0,8.0,12.12,97.0,48.0,0.25,131.46,27.0,23.4,12.12,0.25,1,1,1.0,1,Batsman,3.75,32.7748,36.2583,32.7748,15.0,0.1471,4.8212,38.2541,13.1794,20.14
DJ Mitchell,T20_Blast,646.0,418.0,23.0,23.0,18.0,35.89,154.55,36.0,33.0,16.51,21.0,282.0,392.0,17.0,17.0,47.0,8.34,18.67,13.43,1.24,160.52,43.5,31.07,8.26,1.0,1,1,1.0,1,All-Rounder,1.35,40.8872,53.5325,46.2615,23.0,0.3485,16.1221,57.2338,26.4,37.76
DJ Vilas,T20_Blast,1491.0,1093.0,75.0,75.0,61.0,24.44,136.41,107.0,45.0,13.91,0.0,0.0,0.0,0.0,0.0,0.0,58.23,203.5,118.8,0.0,154.28,31.27,23.45,38.82,0.0,1,0,1.0,0,Wicketkeeper-Batsman,75.0,35.919,0.0,39.5109,75.0,1.0,39.5109,42.2282,40.1902,68.25
DJ Wainwright,T20_Blast,52.0,40.0,8.0,8.0,3.0,17.33,130.0,6.0,1.0,17.5,4.0,188.0,265.0,10.0,10.0,31.33,8.46,66.25,47.0,0.4,0.0,0.0,0.0,38.82,0.0,1,1,1.0,1,Bowler,0.8,29.7643,44.2512,44.2512,10.0,0.1515,6.7041,0.0,5.0281,1.97
DJ Willey,BBL,227.0,207.0,18.0,18.0,15.0,15.13,109.66,14.0,9.0,11.11,25.0,486.0,608.0,25.0,25.0,81.0,7.51,24.32,19.44,1.0,0.0,0.0,0.0,38.82,0.0,1,1,1.0,1,Bowler,0.72,23.9186,54.442,54.442,25.0,0.2976,16.2019,0.0,12.1514,10.66
DJ Willey,IPL,53.0,62.0,5.0,5.0,2.0,26.5,85.48,7.0,0.0,11.29,6.0,216.0,272.0,11.0,11.0,36.0,7.56,45.33,36.0,0.55,85.48,26.5,10.6,6.81,0.5,1,1,1.0,1,Bowler,0.45,24.3445,48.1041,48.1041,11.0,0.1078,5.1856,49.8261,16.3457,15.77
DJ Willey,PSL,66.0,66.0,6.0,6.0,4.0,16.5,100.0,3.0,3.0,9.09,28.0,399.0,514.0,19.0,19.0,66.5,7.73,18.36,14.25,1.47,100.0,16.5,11.0,7.73,1.47,1,1,1.0,1,Bowler,0.32,21.707,55.5414,55.5414,19.0,0.3519,19.545,75.119,33.4385,36.62
DJ Willey,T20_Blast,2728.0,1877.0,104.0,104.0,99.0,27.56,145.34,216.0,150.0,19.5,115.0,2097.0,2864.0,102.0,102.0,349.5,8.19,24.9,18.23,1.13,131.02,23.35,22.06,8.03,1.22,1,1,1.0,1,All-Rounder,1.02,44.6445,71.2574,57.8205,104.0,1.0,57.8205,51.9156,56.3443,86.99
DJ Worrall,BBL,131.0,108.0,18.0,18.0,10.0,13.1,121.3,11.0,4.0,13.89,38.0,938.0,1258.0,46.0,46.0,156.33,8.05,33.11,24.68,0.83,0.0,0.0,0.0,38.82,0.0,1,1,1.0,1,Bowler,0.39,25.7063,55.3632,55.3632,46.0,0.5476,30.3169,0.0,22.7377,23.57
DJ Worrall,T20_Blast,14.0,20.0,7.0,7.0,0.0,14.0,70.0,1.0,0.0,5.0,18.0,480.0,675.0,25.0,25.0,80.0,8.44,37.5,26.67,0.72,46.15,6.0,1.5,8.16,0.88,1,1,0.0,1,Bowler,0.28,14.8699,50.5347,50.5347,25.0,0.3788,19.1425,58.6139,29.0104,31.22
DJG Sammy,BBL,123.0,82.0,10.0,10.0,5.0,24.6,150.0,8.0,6.0,17.07,3.0,144.0,220.0,10.0,10.0,24.0,9.17,73.33,48.0,0.3,0.0,0.0,0.0,38.82,0.0,1,1,1.0,1,Batsman,1.0,34.9412,42.4821,34.9412,10.0,0.119,4.158,0.0,3.1185,3.06
DJG Sammy,CPL,858.0,675.0,58.0,58.0,45.0,19.07,127.11,46.0,56.0,15.11,21.0,515.0,716.0,32.0,32.0,85.83,8.34,34.1,24.52,0.66,0.0,0.0,0.0,38.82,0.0,1,1,1.0,1,All-Rounder,1.81,31.404,51.6369,38.5988,58.0,0.8056,31.0952,0.0,23.3214,32.7
DJG Sammy,IPL,295.0,241.0,20.0,20.0,15.0,19.67,122.41,15.0,18.0,13.69,11.0,236.0,350.0,19.0,19.0,39.33,8.9,31.82,21.45,0.58,0.0,0.0,0.0,38.82,0.0,1,1,1.0,1,Batsman,1.05,28.5883,49.4104,28.5883,20.0,0.1961,5.6062,0.0,4.2046,4.91
DJG Sammy,PSL,673.0,462.0,38.0,38.0,27.0,24.93,145.67,47.0,42.0,19.26,8.0,154.0,247.0,15.0,15.0,25.67,9.62,30.88,19.25,0.53,0.0,0.0,0.0,38.82,0.0,1,1,1.0,1,Batsman,2.53,37.2351,48.2264,37.2351,38.0,0.7037,26.2023,0.0,19.6517,31.13
DJG Sammy,T20_Blast,210.0,156.0,15.0,15.0,10.0,21.0,134.62,11.0,14.0,16.03,13.0,287.0,407.0,16.0,16.0,47.83,8.51,31.31,22.08,0.81,0.0,0.0,0.0,38.82,0.0,1,1,1.0,1,Bowler,0.94,31.4652,50.2501,50.2501,16.0,0.2424,12.1806,0.0,9.1354,6.98
DJM Moody,BBL,8.0,15.0,1.0,1.0,1.0,8.0,53.33,0.0,0.0,0.0,9.0,163.0,239.0,10.0,10.0,27.17,8.8,26.56,18.11,0.9,0.0,0.0,0.0,8.15,1.0,1,1,1.0,1,Bowler,0.1,8.2414,49.7655,49.7655,10.0,0.119,5.9221,61.8832,19.9124,20.12
DJM Short,BBL,3138.0,2387.0,102.0,102.0,92.0,34.11,131.46,305.0,107.0,17.26,40.0,946.0,1350.0,72.0,72.0,157.67,8.56,33.75,23.65,0.56,122.64,20.89,19.5,9.35,0.55,1,1,1.0,1,All-Rounder,1.42,45.3945,55.169,49.4392,102.0,1.0,49.4392,40.3663,47.171,71.91
DJM Short,T20_Blast,799.0,574.0,24.0,24.0,23.0,34.74,139.2,97.0,26.0,21.43,19.0,398.0,546.0,22.0,22.0,66.33,8.23,28.74,20.95,0.86,0.0,0.0,0.0,38.82,0.0,1,1,1.0,1,All-Rounder,1.09,41.2673,52.0142,46.4075,24.0,0.3636,16.8738,0.0,12.6553,15.17
DKH Mitchell,T20_Blast,1435.0,1172.0,69.0,69.0,56.0,25.62,122.44,143.0,13.0,13.31,47.0,1250.0,1567.0,85.0,85.0,208.33,7.52,33.34,26.6,0.55,0.0,0.0,0.0,38.82,0.0,1,1,1.0,1,All-Rounder,0.81,34.0725,57.6167,47.0665,85.0,1.0,47.0665,0.0,35.2999,52.39
DL Chahar,IPL,80.0,59.0,12.0,12.0,7.0,11.43,135.59,2.0,6.0,13.56,77.0,1669.0,2221.0,81.0,81.0,278.17,7.98,28.84,21.68,0.95,50.0,1.0,1.0,8.68,1.0,1,1,1.0,1,Bowler,0.15,26.6534,63.567,63.567,81.0,0.7941,50.4786,61.283,53.1797,60.69
DL Lloyd,T20_Blast,1941.0,1457.0,83.0,83.0,79.0,24.57,133.22,207.0,59.0,18.26,6.0,126.0,187.0,15.0,15.0,21.0,8.9,31.17,21.0,0.4,137.76,24.55,22.5,8.75,0.0,1,1,1.0,1,Batsman,5.53,38.9858,48.5146,38.9858,83.0,1.0,38.9858,37.2512,38.5522,63.22
DL Vettori,BBL,73.0,62.0,8.0,8.0,5.0,14.6,117.74,5.0,2.0,11.29,9.0,330.0,386.0,14.0,14.0,55.0,7.02,42.89,36.67,0.64,0.0,0.0,0.0,38.82,0.0,1,1,1.0,1,Bowler,0.57,24.3809,49.5247,49.5247,14.0,0.1667,8.2558,0.0,6.1919,3.39
DL Vettori,CPL,13.0,28.0,8.0,8.0,7.0,1.86,46.43,0.0,1.0,3.57,11.0,420.0,401.0,19.0,19.0,70.0,5.73,36.45,38.18,0.58,0.0,0.0,0.0,38.82,0.0,1,1,1.0,1,Bowler,0.42,6.8617,51.9856,51.9856,19.0,0.2639,13.719,0.0,10.2892,8.39
DL Vettori,IPL,121.0,113.0,16.0,16.0,8.0,15.12,107.08,11.0,2.0,11.5,28.0,777.0,879.0,34.0,34.0,129.5,6.79,31.39,27.75,0.82,0.0,0.0,0.0,38.82,0.0,1,1,1.0,1,Bowler,0.47,23.4324,54.8729,54.8729,34.0,0.3333,18.2891,0.0,13.7168,12.57
DLR Smith,BBL,72.0,100.0,14.0,14.0,13.0,5.54,72.0,7.0,0.0,7.0,0.0,0.0,0.0,0.0,0.0,0.0,58.23,203.5,118.8,0.0,0.0,0.0,0.0,38.82,0.0,1,0,1.0,0,Wicketkeeper-Batsman,14.0,13.2558,0.0,14.5814,14.0,0.1667,2.4307,0.0,1.823,0.0
DM Bess,T20_Blast,187.0,167.0,27.0,27.0,15.0,12.47,111.98,18.0,5.0,13.77,43.0,1018.0,1297.0,54.0,54.0,169.67,7.64,30.16,23.67,0.8,115.87,14.6,7.68,7.7,0.71,1,1,1.0,1,All-Rounder,0.5,24.3961,57.1079,46.2051,54.0,0.8182,37.805,38.1582,37.8933,56.66
DM Bravo,CPL,1955.0,1671.0,85.0,85.0,66.0,29.62,117.0,106.0,121.0,13.58,0.0,0.0,0.0,0.0,0.0,0.0,58.23,203.5,118.8,0.0,105.6,16.5,16.5,38.82,0.0,1,0,1.0,0,Batsman,85.0,36.5291,0.0,36.5291,85.0,1.0,36.5291,27.1115,34.1747,55.79
DMW Rawlins,T20_Blast,947.0,657.0,51.0,51.0,43.0,22.02,144.14,70.0,52.0,18.57,21.0,426.0,534.0,25.0,25.0,71.0,7.52,25.43,20.29,0.84,137.8,18.83,16.14,7.59,0.79,1,1,1.0,1,All-Rounder,2.04,36.5424,53.5153,42.1248,51.0,0.7727,32.5498,43.8535,35.3757,52.52
DP Conway,IPL,924.0,654.0,22.0,22.0,19.0,48.63,141.28,100.0,30.0,19.88,0.0,0.0,0.0,0.0,0.0,0.0,58.23,203.5,118.8,0.0,141.28,48.63,42.0,38.82,0.0,1,0,1.0,0,Batsman,22.0,46.1079,0.0,46.1079,22.0,0.2157,9.9455,59.8569,22.4234,35.84
DP Hughes,BBL,2333.0,1910.0,97.0,97.0,83.0,28.11,122.15,212.0,54.0,13.93,0.0,0.0,0.0,0.0,0.0,0.0,58.23,203.5,118.8,0.0,127.88,32.11,28.9,38.82,0.0,1,0,1.0,0,Batsman,97.0,38.0052,0.0,38.0052,97.0,1.0,38.0052,43.491,39.3766,64.62
DP Hughes,T20_Blast,596.0,355.0,16.0,16.0,15.0,39.73,167.89,76.0,25.0,28.45,0.0,0.0,0.0,0.0,0.0,0.0,58.23,203.5,118.8,0.0,167.89,39.73,37.25,38.82,0.0,1,0,1.0,0,Batsman,16.0,49.3856,0.0,49.3856,16.0,0.2424,11.9711,55.6437,22.8892,36.63
DP Hyatt,CPL,230.0,270.0,15.0,15.0,12.0,19.17,85.19,17.0,7.0,8.89,0.0,0.0,0.0,0.0,0.0,0.0,58.23,203.5,118.8,0.0,0.0,0.0,0.0,38.82,0.0,1,0,1.0,0,Batsman,15.0,21.1509,0.0,21.1509,15.0,0.2083,4.4057,0.0,3.3043,3.38
DP Nannes,BBL,4.0,6.0,4.0,4.0,1.0,4.0,66.67,0.0,0.0,0.0,28.0,523.0,612.0,24.0,24.0,87.17,7.02,21.86,18.68,1.17,0.0,0.0,0.0,38.82,0.0,1,1,1.0,1,Bowler,0.17,8.5434,55.8156,55.8156,24.0,0.2857,15.9465,0.0,11.9599,10.42
DP Nannes,IPL,4.0,13.0,2.0,2.0,1.0,4.0,30.77,0.0,0.0,0.0,28.0,646.0,785.0,29.0,29.0,107.67,7.29,28.04,23.07,0.97,0.0,0.0,0.0,38.82,0.0,1,1,1.0,1,Bowler,0.07,3.8962,54.7886,54.7886,29.0,0.2843,15.5764,0.0,11.6823,10.09
DP Nannes,T20_Blast,4.0,3.0,1.0,1.0,0.0,4.0,133.33,0.0,0.0,0.0,20.0,257.0,352.0,12.0,12.0,42.83,8.22,17.6,12.85,1.67,0.0,0.0,0.0,38.82,0.0,1,1,0.0,1,Bowler,0.08,17.1725,53.5878,53.5878,12.0,0.1818,9.7423,0.0,7.3067,4.75
DP Sibley,T20_Blast,1128.0,908.0,43.0,43.0,39.0,28.92,124.23,100.0,29.0,14.21,5.0,228.0,338.0,15.0,15.0,38.0,8.89,67.6,45.6,0.33,133.83,26.9,24.45,38.82,0.0,1,1,1.0,1,Batsman,2.87,34.9317,43.854,34.9317,43.0,0.6515,22.758,39.0859,26.84,43.33
DPMD Jayawardene,CPL,47.0,58.0,10.0,10.0,10.0,4.7,81.03,4.0,0.0,6.9,0.0,0.0,0.0,0.0,0.0,0.0,58.23,203.5,118.8,0.0,0.0,0.0,0.0,38.82,0.0,1,0,1.0,0,Batsman,10.0,14.0034,0.0,14.0034,10.0,0.1389,1.9451,0.0,1.4588,0.25
DPMD Jayawardene,IPL,1808.0,1464.0,78.0,78.0,64.0,28.25,123.5,200.0,40.0,16.39,0.0,0.0,0.0,0.0,0.0,0.0,58.23,203.5,118.8,0.0,0.0,0.0,0.0,38.82,0.0,1,0,1.0,0,Batsman,78.0,37.7394,0.0,37.7394,78.0,0.7647,28.8593,0.0,21.6445,34.51
DPMD Jayawardene,T20_Blast,476.0,353.0,17.0,17.0,16.0,29.75,134.84,58.0,11.0,19.55,0.0,0.0,0.0,0.0,0.0,0.0,58.23,203.5,118.8,0.0,0.0,0.0,0.0,38.82,0.0,1,0,1.0,0,Batsman,17.0,37.0558,0.0,37.0558,17.0,0.2576,9.5456,0.0,7.1592,9.92
DR Briggs,BBL,55.0,37.0,7.0,7.0,4.0,13.75,148.65,6.0,2.0,21.62,11.0,275.0,340.0,14.0,14.0,45.83,7.42,30.91,25.0,0.79,0.0,0.0,0.0,38.82,0.0,1,1,1.0,1,Bowler,0.5,32.8463,50.99,50.99,14.0,0.1667,8.5,0.0,6.375,3.61
DR Briggs,T20_Blast,163.0,149.0,39.0,39.0,14.0,11.64,109.4,15.0,2.0,11.41,173.0,3052.0,3746.0,142.0,142.0,508.67,7.36,21.65,17.64,1.22,123.21,13.8,5.31,7.36,1.49,1,1,1.0,1,Bowler,0.27,22.5929,83.7969,83.7969,142.0,1.0,83.7969,76.081,81.8679,95.68
DR Mousley,T20_Blast,1003.0,723.0,42.0,42.0,35.0,28.66,138.73,83.0,37.0,16.6,42.0,707.0,840.0,39.0,39.0,117.83,7.13,20.0,16.83,1.08,142.81,29.07,23.94,7.07,1.22,1,1,1.0,1,All-Rounder,1.08,37.4421,58.6667,47.6617,42.0,0.6364,30.3319,54.8034,36.4498,54.28
DR Sams,BBL,883.0,620.0,72.0,72.0,61.0,14.48,142.42,55.0,53.0,17.42,116.0,1763.0,2505.0,87.0,87.0,293.83,8.53,21.59,15.2,1.33,130.5,13.74,11.35,9.05,1.26,1,1,1.0,1,All-Rounder,0.83,32.921,71.5219,54.0434,87.0,1.0,54.0434,46.503,52.1583,80.11
DR Sams,IPL,44.0,44.0,13.0,13.0,9.0,4.89,100.0,1.0,3.0,9.09,14.0,360.0,523.0,16.0,16.0,60.0,8.72,37.36,25.71,0.88,105.56,5.43,3.8,8.81,1.18,1,1,1.0,1,Bowler,0.81,17.5387,49.4937,49.4937,16.0,0.1569,7.7656,66.0226,22.3298,23.07
DR Sams,T20_Blast,617.0,367.0,32.0,32.0,25.0,24.68,168.12,36.0,45.0,22.07,46.0,747.0,1103.0,35.0,35.0,124.5,8.86,23.98,16.24,1.31,168.12,24.68,19.28,8.86,1.31,1,1,1.0,1,All-Rounder,0.91,41.1895,57.2425,49.5756,35.0,0.5303,26.2899,53.8245,33.1736,48.9
DR Smith,CPL,1566.0,1291.0,60.0,60.0,56.0,27.96,121.3,151.0,71.0,17.2,9.0,255.0,338.0,21.0,21.0,42.5,7.95,37.56,28.33,0.43,0.0,0.0,0.0,38.82,0.0,1,1,1.0,1,Batsman,2.86,36.9752,49.2572,36.9752,60.0,0.8333,30.8114,0.0,23.1086,37.0
DR Smith,IPL,2385.0,1764.0,88.0,88.0,84.0,28.39,135.2,245.0,117.0,20.52,26.0,539.0,810.0,46.0,46.0,89.83,9.02,31.15,20.73,0.57,0.0,0.0,0.0,38.82,0.0,1,1,1.0,1,All-Rounder,1.91,43.0308,52.3005,46.2131,88.0,0.8627,39.868,0.0,29.901,43.52
DR Smith,PSL,701.0,611.0,25.0,25.0,21.0,33.38,114.73,67.0,31.0,16.04,0.0,36.0,71.0,7.0,7.0,6.0,11.83,203.5,118.8,0.0,0.0,0.0,0.0,38.82,0.0,1,1,1.0,0,Batsman,3.57,34.7985,23.2672,34.7985,25.0,0.463,16.1117,0.0,12.0838,18.28
DS Kulkarni,IPL,104.0,108.0,20.0,20.0,9.0,11.56,96.3,7.0,2.0,8.33,86.0,1787.0,2474.0,92.0,92.0,297.83,8.31,28.77,20.78,0.93,0.0,0.0,0.0,38.82,0.0,1,1,1.0,1,Bowler,0.22,19.2476,65.0044,65.0044,92.0,0.902,58.634,0.0,43.9755,49.47
DT Christian,BBL,2065.0,1525.0,121.0,121.0,92.0,22.45,135.41,138.0,100.0,15.61,92.0,1785.0,2449.0,111.0,111.0,297.5,8.23,26.62,19.4,0.83,107.69,10.18,8.62,8.08,0.56,1,1,1.0,1,All-Rounder,1.09,37.671,66.5186,51.4717,121.0,1.0,51.4717,34.8816,47.3242,72.16
DT Christian,IPL,460.0,398.0,41.0,41.0,31.0,14.84,115.58,23.0,19.0,10.55,38.0,883.0,1192.0,49.0,49.0,147.17,8.1,31.37,23.24,0.78,0.0,0.0,0.0,38.82,0.0,1,1,1.0,1,All-Rounder,0.84,25.0482,55.5274,41.6411,49.0,0.4804,20.0044,0.0,15.0033,19.03
DT Christian,PSL,152.0,103.0,10.0,10.0,7.0,21.71,147.57,14.0,6.0,19.42,9.0,137.0,247.0,10.0,10.0,22.83,10.82,27.44,15.22,0.9,0.0,0.0,0.0,38.82,0.0,1,1,1.0,1,Bowler,1.0,34.7932,47.654,47.654,10.0,0.1852,8.8255,0.0,6.6191,3.91
DT Christian,T20_Blast,1983.0,1321.0,88.0,88.0,63.0,31.48,150.11,136.0,112.0,18.77,58.0,1233.0,1868.0,80.0,80.0,205.5,9.09,32.21,21.26,0.72,130.67,24.5,17.82,11.13,0.67,1,1,1.0,1,All-Rounder,1.1,43.9812,58.3448,50.8211,88.0,1.0,50.8211,41.6047,48.517,74.12
DW Lawrence,BBL,237.0,184.0,12.0,12.0,11.0,21.55,128.8,24.0,8.0,17.39,7.0,78.0,107.0,7.0,7.0,13.0,8.23,15.29,11.14,1.0,140.0,28.0,24.5,8.1,1.4,1,1,1.0,1,Batsman,1.71,31.6249,51.3251,31.6249,12.0,0.1429,4.5192,40.16,13.4294,20.57
DW Lawrence,T20_Blast,2196.0,1532.0,89.0,89.0,81.0,27.11,143.34,207.0,76.0,18.47,40.0,648.0,821.0,47.0,47.0,108.0,7.6,20.52,16.2,0.85,146.17,23.86,23.86,7.42,0.93,1,1,1.0,1,All-Rounder,1.89,42.0863,57.7465,47.4985,89.0,1.0,47.4985,49.701,48.0491,73.35
DW Steyn,IPL,167.0,160.0,33.0,33.0,22.0,7.59,104.38,14.0,3.0,10.62,97.0,2182.0,2523.0,95.0,95.0,363.67,6.94,26.01,22.49,1.02,0.0,0.0,0.0,38.82,0.0,1,1,1.0,1,Bowler,0.35,20.1568,68.8485,68.8485,95.0,0.9314,64.1255,0.0,48.0941,54.49
DY Pennington,T20_Blast,68.0,74.0,20.0,20.0,9.0,7.56,91.89,4.0,0.0,5.41,53.0,1006.0,1510.0,57.0,57.0,167.67,9.01,28.49,18.98,0.93,97.06,6.6,3.3,9.15,0.79,1,1,1.0,1,Bowler,0.35,15.7894,57.9055,57.9055,57.0,0.8636,50.0072,55.0493,51.2677,58.36
DYA Davis,CPL,7.0,11.0,2.0,2.0,1.0,7.0,63.64,0.0,0.0,0.0,10.0,162.0,206.0,10.0,10.0,27.0,7.63,20.6,16.2,1.0,0.0,0.0,0.0,38.82,0.0,1,1,1.0,1,Bowler,0.2,9.2198,51.8532,51.8532,10.0,0.1389,7.2024,0.0,5.4018,2.43
Dhruv Jurel,IPL,347.0,229.0,22.0,22.0,15.0,23.13,151.53,29.0,16.0,19.65,0.0,0.0,0.0,0.0,0.0,0.0,58.23,203.5,118.8,0.0,151.53,23.13,15.77,38.82,0.0,1,0,1.0,0,Batsman,22.0,36.523,0.0,36.523,22.0,0.2157,7.878,33.7648,14.3497,22.13
Dilbar Hussain,PSL,16.0,15.0,2.0,2.0,1.0,16.0,106.67,2.0,1.0,20.0,15.0,225.0,316.0,12.0,12.0,37.5,8.43,21.07,15.0,1.25,266.67,8.0,8.0,12.33,1.0,1,1,1.0,1,Bowler,0.17,27.3288,51.9776,51.9776,12.0,0.2222,11.5494,57.1493,22.9494,23.83
E Lewis,CPL,2587.0,1801.0,100.0,100.0,95.0,27.23,143.64,194.0,194.0,21.54,0.0,0.0,0.0,0.0,0.0,0.0,58.23,203.5,118.8,0.0,129.09,20.26,19.42,38.82,0.0,1,0,1.0,0,Batsman,100.0,44.8199,0.0,44.8199,100.0,1.0,44.8199,32.7145,41.7935,68.72
E Lewis,IPL,654.0,477.0,26.0,26.0,24.0,27.25,137.11,62.0,36.0,20.55,0.0,0.0,0.0,0.0,0.0,0.0,58.23,203.5,118.8,0.0,130.36,24.33,14.6,38.82,0.0,1,0,1.0,0,Batsman,26.0,37.4889,0.0,37.4889,26.0,0.2549,9.5559,31.5608,15.0571,23.33
EA Brookes,T20_Blast,315.0,216.0,14.0,14.0,12.0,26.25,145.83,34.0,8.0,19.44,11.0,174.0,238.0,11.0,11.0,29.0,8.21,21.64,15.82,1.0,145.83,26.25,22.5,8.21,1.0,1,1,1.0,1,Batsman,1.27,36.689,51.3453,36.689,14.0,0.2121,7.7817,38.7259,15.5178,24.11
EG Barnard,T20_Blast,901.0,688.0,80.0,80.0,59.0,15.27,130.96,86.0,22.0,15.7,61.0,1599.0,2403.0,101.0,101.0,266.5,9.02,39.39,26.21,0.6,131.23,13.83,13.28,9.57,0.47,1,1,1.0,1,All-Rounder,0.79,30.97,58.1175,46.1183,101.0,1.0,46.1183,36.1368,43.6229,66.08
EJ Byrom,T20_Blast,475.0,333.0,33.0,33.0,31.0,15.32,142.64,47.0,23.0,21.02,0.0,0.0,0.0,0.0,0.0,0.0,58.23,203.5,118.8,0.0,130.38,12.88,12.12,38.82,0.0,1,0,1.0,0,Batsman,33.0,33.653,0.0,33.653,33.0,0.5,16.8265,25.1868,18.9166,29.88
EJ Pollock,T20_Blast,1389.0,901.0,79.0,79.0,69.0,20.13,154.16,138.0,76.0,23.75,0.0,0.0,0.0,0.0,0.0,0.0,58.23,203.5,118.8,0.0,139.34,17.0,12.5,38.82,0.0,1,0,1.0,0,Batsman,79.0,40.9683,0.0,40.9683,79.0,1.0,40.9683,28.0029,37.727,61.82
EJG Morgan,BBL,318.0,265.0,13.0,13.0,10.0,31.8,120.0,23.0,13.0,13.58,0.0,0.0,0.0,0.0,0.0,0.0,58.23,203.5,118.8,0.0,0.0,0.0,0.0,38.82,0.0,1,0,1.0,0,Batsman,13.0,32.5799,0.0,32.5799,13.0,0.1548,5.0434,0.0,3.7826,4.19
EJG Morgan,IPL,1406.0,1148.0,74.0,74.0,62.0,22.68,122.47,112.0,64.0,15.33,0.0,0.0,0.0,0.0,0.0,0.0,58.23,203.5,118.8,0.0,0.0,0.0,0.0,38.82,0.0,1,0,1.0,0,Batsman,74.0,33.8904,0.0,33.8904,74.0,0.7255,24.5875,0.0,18.4406,29.08
EJG Morgan,T20_Blast,1852.0,1372.0,67.0,67.0,64.0,28.94,134.99,129.0,91.0,16.03,0.0,0.0,0.0,0.0,0.0,0.0,58.23,203.5,118.8,0.0,135.29,23.0,23.0,38.82,0.0,1,0,1.0,0,Batsman,67.0,39.4397,0.0,39.4397,67.0,1.0,39.4397,36.6753,38.7486,63.55
EJH Eckersley,T20_Blast,890.0,741.0,60.0,60.0,48.0,18.54,120.11,68.0,19.0,11.74,0.0,0.0,0.0,0.0,0.0,0.0,58.23,203.5,118.8,0.0,139.22,26.62,16.38,38.82,0.0,1,0,1.0,0,Wicketkeeper-Batsman,60.0,28.8379,0.0,31.7217,60.0,0.9091,28.8382,34.4636,30.2446,50.56
EN Gay,T20_Blast,268.0,202.0,11.0,11.0,11.0,24.36,132.67,35.0,4.0,19.31,0.0,0.0,0.0,0.0,0.0,0.0,58.23,203.5,118.8,0.0,131.77,25.3,25.3,38.82,0.0,1,0,1.0,0,Batsman,11.0,34.1107,0.0,34.1107,11.0,0.1667,5.6863,38.7445,13.9508,21.45
EP Gulbis,BBL,386.0,301.0,28.0,28.0,21.0,18.38,128.24,35.0,11.0,15.28,12.0,344.0,495.0,28.0,28.0,57.33,8.63,41.25,28.67,0.43,0.0,0.0,0.0,38.82,0.0,1,1,1.0,1,All-Rounder,1.0,29.9133,48.7148,39.314,28.0,0.3333,13.1034,0.0,9.8276,10.52
F O'Neill,BBL,54.0,56.0,7.0,7.0,5.0,10.8,96.43,3.0,1.0,7.14,10.0,201.0,241.0,10.0,10.0,33.5,7.19,24.1,20.1,1.0,96.43,10.8,7.71,7.19,1.0,1,1,1.0,1,Bowler,0.7,18.2847,51.8596,51.8596,10.0,0.119,6.1713,62.9704,20.3711,20.68
F du Plessis,CPL,1296.0,908.0,41.0,41.0,38.0,34.11,142.73,105.0,64.0,18.61,0.0,0.0,0.0,0.0,0.0,0.0,58.23,203.5,118.8,0.0,153.8,38.59,35.38,38.82,0.0,1,0,1.0,0,Batsman,41.0,41.7365,0.0,41.7365,41.0,0.5694,23.7648,52.6805,30.9937,50.39
F du Plessis,IPL,4571.0,3352.0,138.0,138.0,127.0,35.99,136.37,422.0,166.0,17.54,0.0,6.0,16.0,1.0,1.0,1.0,16.0,203.5,118.8,0.0,146.99,38.05,36.36,38.82,0.0,1,1,1.0,0,Batsman,138.0,51.2955,19.1315,51.2955,138.0,1.0,51.2955,52.4223,51.5772,85.33
FA Allen,CPL,818.0,559.0,54.0,54.0,37.0,22.11,146.33,57.0,51.0,19.32,38.0,770.0,1034.0,49.0,49.0,128.33,8.06,27.21,20.26,0.78,128.84,16.38,11.86,8.18,0.96,1,1,1.0,1,All-Rounder,1.1,36.8052,56.0781,45.9733,54.0,0.75,34.48,43.5613,36.7503,54.78
FH Allen,BBL,181.0,98.0,10.0,10.0,10.0,18.1,184.69,20.0,10.0,30.61,0.0,0.0,0.0,0.0,0.0,0.0,58.23,203.5,118.8,0.0,184.69,18.1,18.1,38.82,0.0,1,0,1.0,0,Batsman,10.0,43.6358,0.0,43.6358,10.0,0.119,5.1927,36.1952,12.9433,19.74
FH Allen,T20_Blast,589.0,356.0,22.0,22.0,21.0,28.05,165.45,55.0,29.0,23.6,0.0,0.0,0.0,0.0,0.0,0.0,58.23,203.5,118.8,0.0,179.25,21.11,21.11,38.82,0.0,1,0,1.0,0,Batsman,22.0,42.6604,0.0,42.6604,22.0,0.3333,14.2187,38.825,20.3703,32.35
FH Edwards,CPL,41.0,34.0,10.0,10.0,3.0,13.67,120.59,2.0,2.0,11.76,34.0,688.0,955.0,33.0,33.0,114.67,8.33,28.09,20.24,1.03,0.0,0.0,0.0,38.82,0.0,1,1,1.0,1,Bowler,0.3,24.541,54.9218,54.9218,33.0,0.4583,25.1707,0.0,18.878,18.86
FH Edwards,T20_Blast,16.0,21.0,7.0,7.0,4.0,4.0,76.19,0.0,2.0,9.52,17.0,398.0,556.0,18.0,18.0,66.33,8.38,32.71,23.41,0.94,0.0,0.0,0.0,38.82,0.0,1,1,1.0,1,Bowler,0.39,14.2556,50.9875,50.9875,18.0,0.2727,13.9043,0.0,10.4282,8.56
FIN Khushi,T20_Blast,509.0,396.0,25.0,25.0,24.0,21.21,128.54,44.0,18.0,15.66,0.0,0.0,0.0,0.0,0.0,0.0,58.23,203.5,118.8,0.0,130.32,23.33,22.27,38.82,0.0,1,0,1.0,0,Batsman,25.0,31.5125,0.0,31.5125,25.0,0.3788,11.9369,35.8956,17.9266,28.2
FJ Heldreich,T20_Blast,30.0,48.0,4.0,4.0,2.0,15.0,62.5,1.0,0.0,2.08,47.0,717.0,1097.0,41.0,41.0,119.5,9.18,23.34,15.26,1.15,62.5,15.0,7.5,9.66,1.17,1,1,1.0,1,Bowler,0.1,12.9395,57.1989,57.1989,41.0,0.6212,35.532,64.7885,42.8461,48.09
FJ Hudson-Prentice,T20_Blast,548.0,458.0,41.0,41.0,33.0,16.61,119.65,42.0,13.0,12.01,33.0,621.0,1030.0,40.0,40.0,103.5,9.95,31.21,18.82,0.82,118.29,17.88,13.82,11.68,0.38,1,1,1.0,1,All-Rounder,1.02,27.1559,52.7366,39.7876,41.0,0.6212,24.7161,34.1368,27.0713,38.87
FJ Klaassen,T20_Blast,29.0,24.0,9.0,9.0,3.0,9.67,120.83,2.0,0.0,8.33,61.0,1141.0,1692.0,55.0,55.0,190.17,8.9,27.74,18.7,1.11,125.0,15.0,3.0,8.61,1.06,1,1,1.0,1,Bowler,0.16,21.5216,59.6677,59.6677,55.0,0.8333,49.7211,62.9912,53.0386,60.52
FK Cowdrey,T20_Blast,404.0,335.0,26.0,26.0,25.0,16.16,120.6,42.0,5.0,14.03,19.0,401.0,549.0,26.0,26.0,66.83,8.21,28.89,21.11,0.73,0.0,0.0,0.0,38.82,0.0,1,1,1.0,1,All-Rounder,1.0,27.6133,52.0156,39.8145,26.0,0.3939,15.6829,0.0,11.7622,13.7
FY Fazal,IPL,183.0,173.0,11.0,11.0,10.0,18.3,105.78,22.0,1.0,13.29,0.0,12.0,20.0,2.0,2.0,2.0,10.0,203.5,118.8,0.0,0.0,0.0,0.0,38.82,0.0,1,1,1.0,0,Batsman,5.5,25.4157,25.0822,25.4157,11.0,0.1078,2.7398,0.0,2.0548,1.26
Faheem Ashraf,PSL,803.0,555.0,55.0,55.0,35.0,22.94,144.68,68.0,39.0,19.28,78.0,1385.0,1943.0,70.0,70.0,230.83,8.42,24.91,17.76,1.11,150.87,27.25,16.77,9.2,0.74,1,1,1.0,1,All-Rounder,0.79,36.8192,63.8085,51.9332,70.0,1.0,51.9332,44.8495,50.1623,76.83
Faheem Ashraf,T20_Blast,36.0,30.0,7.0,7.0,5.0,7.2,120.0,4.0,1.0,16.67,11.0,241.0,326.0,11.0,11.0,40.17,8.12,29.64,21.91,1.0,0.0,0.0,0.0,38.82,0.0,1,1,1.0,1,Bowler,0.64,24.4556,50.4518,50.4518,11.0,0.1667,8.4103,0.0,6.3077,3.53
Fakhar Zaman,PSL,2530.0,1805.0,84.0,84.0,84.0,30.12,140.17,238.0,104.0,18.95,2.0,60.0,58.0,7.0,7.0,10.0,5.8,29.0,30.0,0.29,148.67,34.59,34.59,38.82,0.0,1,1,1.0,1,Batsman,12.0,44.0048,51.0752,44.0048,84.0,1.0,44.0048,50.0196,45.5085,75.03
Fawad Ahmed,BBL,47.0,53.0,17.0,17.0,9.0,5.22,88.68,3.0,3.0,11.32,90.0,2085.0,2479.0,93.0,93.0,347.5,7.13,27.54,23.17,0.97,0.0,0.0,0.0,7.06,1.0,1,1,1.0,1,Bowler,0.18,17.2399,67.1063,67.1063,93.0,1.0,67.1063,63.1176,66.1091,76.46
Fawad Ahmed,CPL,14.0,22.0,6.0,6.0,2.0,7.0,63.64,0.0,0.0,0.0,56.0,918.0,979.0,43.0,43.0,153.0,6.4,17.48,16.39,1.3,0.0,0.0,0.0,38.82,0.0,1,1,1.0,1,Bowler,0.14,9.2417,62.432,62.432,43.0,0.5972,37.2844,0.0,27.9633,29.94
Fawad Ahmed,PSL,22.0,34.0,6.0,6.0,4.0,5.5,64.71,3.0,0.0,8.82,23.0,533.0,656.0,23.0,23.0,88.83,7.38,28.52,23.17,1.0,0.0,0.0,0.0,6.5,2.0,1,1,1.0,1,Bowler,0.26,12.9912,53.6648,53.6648,23.0,0.4259,22.8558,90.9011,39.8671,44.46
G Clark,T20_Blast,2546.0,1794.0,107.0,107.0,101.0,25.21,141.92,288.0,73.0,20.12,0.0,26.0,66.0,5.0,5.0,4.33,15.24,203.5,118.8,0.0,139.39,27.2,25.05,38.82,0.0,1,1,1.0,0,Batsman,21.4,43.0935,19.8852,43.0935,107.0,1.0,43.0935,40.1063,42.3467,69.66
G Coetzee,IPL,14.0,22.0,5.0,5.0,4.0,3.5,63.64,0.0,1.0,4.55,13.0,201.0,341.0,10.0,10.0,33.5,10.18,26.23,15.46,1.3,63.64,3.5,2.8,10.18,1.3,1,1,1.0,1,Bowler,0.5,10.129,49.2179,49.2179,10.0,0.098,4.8234,67.729,20.5498,20.9
G Gambhir,IPL,4217.0,3404.0,151.0,151.0,136.0,31.01,123.88,492.0,59.0,16.19,0.0,0.0,0.0,0.0,0.0,0.0,58.23,203.5,118.8,0.0,0.0,0.0,0.0,38.82,0.0,1,0,1.0,0,Batsman,151.0,46.1858,0.0,46.1858,151.0,1.0,46.1858,0.0,34.6394,56.57
G Motie,CPL,113.0,117.0,16.0,16.0,9.0,12.56,96.58,4.0,7.0,9.4,46.0,819.0,983.0,40.0,40.0,136.5,7.2,21.37,17.8,1.15,111.36,14.0,7.54,7.31,1.12,1,1,1.0,1,Bowler,0.4,20.1643,59.2095,59.2095,40.0,0.5556,32.8968,66.0924,41.1957,46.08
G Roelofsen,T20_Blast,275.0,201.0,12.0,12.0,12.0,22.92,136.82,26.0,12.0,18.91,0.0,0.0,0.0,0.0,0.0,0.0,58.23,203.5,118.8,0.0,136.82,22.92,22.92,38.82,0.0,1,0,1.0,0,Batsman,12.0,33.9747,0.0,33.9747,12.0,0.1818,6.1766,36.7353,13.8163,21.22
G Stewart,T20_Blast,309.0,235.0,40.0,40.0,23.0,13.43,131.49,20.0,16.0,15.32,63.0,1037.0,1693.0,58.0,58.0,172.83,9.8,26.87,16.46,1.09,159.32,17.09,8.95,10.2,1.29,1,1,1.0,1,All-Rounder,0.69,28.3646,59.2722,46.6557,58.0,0.8788,41.001,47.5726,42.6439,64.47
GA Bartlett,T20_Blast,79.0,81.0,12.0,12.0,12.0,6.58,97.53,7.0,2.0,11.11,0.0,0.0,0.0,0.0,0.0,0.0,58.23,203.5,118.8,0.0,57.69,2.5,2.5,38.82,0.0,1,0,1.0,0,Batsman,12.0,18.8676,0.0,18.8676,12.0,0.1818,3.4301,8.0162,4.5766,5.54
GA Edwards,T20_Blast,3.0,5.0,2.0,2.0,0.0,3.0,60.0,0.0,0.0,0.0,27.0,344.0,509.0,17.0,17.0,57.33,8.88,18.85,12.74,1.59,0.0,0.0,0.0,38.82,0.0,1,1,0.0,1,Bowler,0.12,7.3237,54.1456,54.1456,17.0,0.2576,13.9479,0.0,10.4609,8.6
GB Hogg,BBL,30.0,40.0,11.0,11.0,5.0,6.0,75.0,1.0,1.0,5.0,55.0,1230.0,1379.0,55.0,55.0,205.0,6.73,25.07,22.36,1.0,0.0,0.0,0.0,38.82,0.0,1,1,1.0,1,Bowler,0.2,12.7422,60.9771,60.9771,55.0,0.6548,39.9278,0.0,29.9458,32.36
GB Hogg,IPL,22.0,22.0,4.0,4.0,3.0,7.33,100.0,1.0,0.0,4.55,23.0,458.0,570.0,21.0,21.0,76.33,7.47,24.78,19.91,1.1,0.0,0.0,0.0,38.82,0.0,1,1,1.0,1,Bowler,0.19,16.2132,54.035,54.035,21.0,0.2059,11.1258,0.0,8.3444,6.02
GC Smith,IPL,739.0,668.0,29.0,29.0,26.0,28.42,110.63,94.0,9.0,15.42,0.0,0.0,0.0,0.0,0.0,0.0,58.23,203.5,118.8,0.0,0.0,0.0,0.0,38.82,0.0,1,0,1.0,0,Batsman,29.0,32.3456,0.0,32.3456,29.0,0.2843,9.1959,0.0,6.8969,9.48
GC Viljoen,T20_Blast,155.0,113.0,19.0,19.0,14.0,11.07,137.17,13.0,5.0,15.93,45.0,760.0,1054.0,35.0,35.0,126.67,8.32,23.42,16.89,1.29,0.0,0.0,0.0,38.82,0.0,1,1,1.0,1,Bowler,0.54,28.0707,57.6517,57.6517,35.0,0.5303,30.5727,0.0,22.9295,23.8
GC Wilson,T20_Blast,865.0,737.0,48.0,48.0,37.0,23.38,117.37,82.0,14.0,13.03,0.0,0.0,0.0,0.0,0.0,0.0,58.23,203.5,118.8,0.0,0.0,0.0,0.0,38.82,0.0,1,0,1.0,0,Wicketkeeper-Batsman,48.0,30.7162,0.0,33.7878,48.0,0.7273,24.5739,0.0,18.4304,29.54
GCH Hill,T20_Blast,121.0,122.0,12.0,12.0,9.0,13.44,99.18,11.0,3.0,11.48,2.0,111.0,169.0,11.0,11.0,18.5,9.14,84.5,55.5,0.18,114.29,21.33,12.8,9.92,0.14,1,1,1.0,1,Batsman,1.09,21.8072,40.9445,21.8072,12.0,0.1818,3.9645,27.6697,9.8908,14.56
GD Cross,T20_Blast,243.0,181.0,13.0,13.0,12.0,20.25,134.25,27.0,7.0,18.78,0.0,0.0,0.0,0.0,0.0,0.0,58.23,203.5,118.8,0.0,0.0,0.0,0.0,38.82,0.0,1,0,1.0,0,Batsman,13.0,32.5387,0.0,32.5387,13.0,0.197,6.4101,0.0,4.8076,5.93
GD Elliott,PSL,139.0,134.0,12.0,12.0,10.0,13.9,103.73,8.0,5.0,9.7,15.0,204.0,249.0,13.0,13.0,34.0,7.32,16.6,13.6,1.15,0.0,0.0,0.0,38.82,0.0,1,1,1.0,1,Bowler,0.92,21.7841,53.6277,53.6277,13.0,0.2407,12.9082,0.0,9.6812,7.65
GD Elliott,T20_Blast,621.0,492.0,31.0,31.0,23.0,27.0,126.22,52.0,16.0,13.82,31.0,594.0,820.0,35.0,35.0,99.0,8.28,26.45,19.16,0.89,0.0,0.0,0.0,38.82,0.0,1,1,1.0,1,All-Rounder,0.89,32.7475,54.5875,44.3293,35.0,0.5303,23.5078,0.0,17.6308,23.35
GD McGrath,IPL,4.0,5.0,2.0,2.0,1.0,4.0,80.0,1.0,0.0,20.0,12.0,324.0,357.0,14.0,14.0,54.0,6.61,29.75,27.0,0.86,0.0,0.0,0.0,38.82,0.0,1,1,1.0,1,Bowler,0.14,19.6017,52.131,52.131,14.0,0.1373,7.1576,0.0,5.3682,2.39
GD Phillips,CPL,1577.0,1170.0,47.0,47.0,45.0,35.04,134.79,125.0,86.0,18.03,0.0,12.0,10.0,1.0,1.0,2.0,5.0,203.5,118.8,0.0,0.0,0.0,0.0,38.82,0.0,1,1,1.0,0,Wicketkeeper-Batsman,47.0,41.6431,30.0411,45.8074,47.0,0.6528,29.9031,0.0,22.4273,36.65
GD Phillips,T20_Blast,840.0,557.0,24.0,24.0,19.0,44.21,150.81,55.0,53.0,19.39,7.0,117.0,160.0,11.0,11.0,19.5,8.21,22.86,16.71,0.64,135.46,34.0,28.33,8.0,0.62,1,1,1.0,1,Wicketkeeper-Batsman,2.18,45.2901,50.415,49.8191,24.0,0.3636,18.1142,44.6461,24.7472,40.78
GE Mathurin,CPL,16.0,16.0,4.0,4.0,1.0,16.0,100.0,1.0,0.0,6.25,13.0,316.0,374.0,16.0,16.0,52.67,7.1,28.77,24.31,0.81,0.0,0.0,0.0,38.82,0.0,1,1,1.0,1,Bowler,0.25,20.0492,51.9605,51.9605,16.0,0.2222,11.5456,0.0,8.6592,6.4
GF Linde,T20_Blast,320.0,212.0,21.0,21.0,14.0,22.86,150.94,26.0,14.0,18.87,26.0,552.0,756.0,27.0,27.0,92.0,8.22,29.08,21.23,0.96,150.94,22.86,15.24,8.22,0.96,1,1,1.0,1,All-Rounder,0.78,35.9031,53.3483,45.716,27.0,0.4091,18.7024,46.9922,25.7748,36.73
GFB Scott,T20_Blast,366.0,351.0,27.0,27.0,17.0,21.53,104.27,20.0,13.0,9.4,3.0,74.0,124.0,7.0,7.0,12.33,10.06,41.33,24.67,0.43,100.0,14.0,14.0,38.82,0.0,1,1,1.0,1,Batsman,3.86,25.1165,45.5306,25.1165,27.0,0.4091,10.2752,23.9787,13.7011,21.03
GG Wagg,T20_Blast,723.0,589.0,53.0,53.0,33.0,21.91,122.75,51.0,26.0,13.07,69.0,1299.0,1907.0,68.0,68.0,216.5,8.81,27.64,18.83,1.01,0.0,0.0,0.0,38.82,0.0,1,1,1.0,1,All-Rounder,0.78,30.4693,61.3302,47.8131,68.0,1.0,47.8131,0.0,35.8598,53.31
GG White,T20_Blast,398.0,285.0,47.0,47.0,26.0,15.31,139.65,36.0,21.0,20.0,83.0,1791.0,2468.0,94.0,94.0,298.5,8.27,29.73,21.58,0.88,132.14,12.33,6.17,8.33,0.93,1,1,1.0,1,All-Rounder,0.5,32.5463,64.3408,53.7437,94.0,1.0,53.7437,40.6025,50.4584,77.31
GH Rhodes,T20_Blast,103.0,103.0,14.0,14.0,9.0,11.44,100.0,7.0,0.0,6.8,10.0,114.0,164.0,11.0,11.0,19.0,8.63,16.4,11.4,0.91,0.0,0.0,0.0,38.82,0.0,1,1,1.0,1,Bowler,1.27,18.9671,51.3774,51.3774,14.0,0.2121,10.8971,0.0,8.1728,5.81
GH Roderick,T20_Blast,361.0,269.0,29.0,29.0,22.0,16.41,134.2,27.0,15.0,15.61,0.0,0.0,0.0,0.0,0.0,0.0,58.23,203.5,118.8,0.0,131.43,16.43,13.53,38.82,0.0,1,0,1.0,0,Batsman,29.0,30.0652,0.0,30.0652,29.0,0.4394,13.2106,27.6599,16.8229,26.33
GH Vihari,IPL,284.0,321.0,23.0,23.0,20.0,14.2,88.47,23.0,1.0,7.48,1.0,42.0,47.0,6.0,6.0,7.0,6.71,47.0,42.0,0.17,0.0,0.0,0.0,38.82,0.0,1,1,1.0,1,Batsman,3.83,19.3311,47.7663,19.3311,23.0,0.2255,4.3592,0.0,3.2694,3.32
GHS Garton,BBL,71.0,56.0,10.0,10.0,9.0,7.89,126.79,6.0,3.0,16.07,9.0,162.0,271.0,9.0,9.0,27.0,10.04,30.11,18.0,1.0,66.67,2.0,2.0,9.0,1.0,1,1,1.0,1,Bowler,1.11,25.4074,48.0996,48.0996,10.0,0.119,5.7239,60.9206,19.5231,19.65
GHS Garton,T20_Blast,481.0,339.0,35.0,35.0,23.0,20.91,141.89,44.0,18.0,18.29,55.0,904.0,1301.0,55.0,55.0,150.67,8.63,23.65,16.44,1.0,146.88,17.62,12.26,9.5,0.68,1,1,1.0,1,All-Rounder,0.64,34.2746,59.2672,49.5476,55.0,0.8333,41.288,40.2446,41.0272,61.81
GJ Bailey,BBL,1574.0,1161.0,62.0,62.0,49.0,32.12,135.57,128.0,47.0,15.07,0.0,0.0,0.0,0.0,0.0,0.0,58.23,203.5,118.8,0.0,0.0,0.0,0.0,38.82,0.0,1,0,1.0,0,Batsman,62.0,39.3224,0.0,39.3224,62.0,0.7381,29.0239,0.0,21.7679,34.72
GJ Bailey,IPL,663.0,544.0,36.0,36.0,27.0,24.56,121.88,59.0,19.0,14.34,0.0,0.0,0.0,0.0,0.0,0.0,58.23,203.5,118.8,0.0,0.0,0.0,0.0,38.82,0.0,1,0,1.0,0,Batsman,36.0,31.6978,0.0,31.6978,36.0,0.3529,11.1862,0.0,8.3896,12.01
GJ Bailey,T20_Blast,602.0,499.0,29.0,29.0,22.0,27.36,120.64,58.0,10.0,13.63,0.0,0.0,0.0,0.0,0.0,0.0,58.23,203.5,118.8,0.0,0.0,0.0,0.0,38.82,0.0,1,0,1.0,0,Batsman,29.0,32.0044,0.0,32.0044,29.0,0.4394,14.0627,0.0,10.547,15.67
GJ Batty,T20_Blast,97.0,120.0,31.0,31.0,15.0,6.47,80.83,2.0,1.0,2.5,79.0,1826.0,2224.0,95.0,95.0,304.33,7.31,28.15,23.11,0.83,0.0,0.0,0.0,38.82,0.0,1,1,1.0,1,Bowler,0.33,12.7053,64.7065,64.7065,95.0,1.0,64.7065,0.0,48.5299,55.02
GJ Maxwell,BBL,3120.0,1995.0,108.0,108.0,88.0,35.45,156.39,258.0,145.0,20.2,43.0,1097.0,1407.0,84.0,84.0,182.83,7.7,32.72,25.51,0.51,180.89,43.69,31.56,8.35,0.67,1,1,1.0,1,All-Rounder,1.29,50.4106,56.7339,53.177,108.0,1.0,53.177,53.8503,53.3453,82.06
GJ Maxwell,IPL,2772.0,1769.0,128.0,128.0,112.0,24.75,156.7,233.0,160.0,22.22,37.0,944.0,1303.0,79.0,79.0,157.33,8.28,35.22,25.51,0.47,171.53,23.53,20.92,7.71,0.65,1,1,1.0,1,All-Rounder,1.62,46.5294,54.6808,49.64,128.0,1.0,49.64,45.9424,48.7156,74.45
GJ Maxwell,T20_Blast,909.0,618.0,46.0,46.0,44.0,20.66,147.09,85.0,39.0,20.06,28.0,600.0,754.0,37.0,37.0,100.0,7.54,26.93,21.43,0.76,153.09,17.71,17.71,7.82,0.77,1,1,1.0,1,All-Rounder,1.24,37.0208,54.677,44.8919,46.0,0.697,31.2897,44.4192,34.5721,51.2
GJ McCarter,T20_Blast,24.0,11.0,3.0,3.0,1.0,24.0,218.18,3.0,1.0,36.36,15.0,204.0,312.0,10.0,10.0,34.0,9.18,20.8,13.6,1.5,0.0,0.0,0.0,38.82,0.0,1,1,1.0,1,Bowler,0.3,52.2478,51.267,51.267,10.0,0.1515,7.767,0.0,5.8253,2.94
GJ Muchall,T20_Blast,615.0,512.0,30.0,30.0,16.0,38.44,120.12,38.0,9.0,9.18,0.0,0.0,0.0,0.0,0.0,0.0,58.23,203.5,118.8,0.0,0.0,0.0,0.0,38.82,0.0,1,0,1.0,0,Batsman,30.0,33.8135,0.0,33.8135,30.0,0.4545,15.3682,0.0,11.5262,17.34
GK Berg,T20_Blast,223.0,193.0,27.0,27.0,18.0,12.39,115.54,17.0,4.0,10.88,30.0,645.0,954.0,38.0,38.0,107.5,8.87,31.8,21.5,0.79,0.0,0.0,0.0,38.82,0.0,1,1,1.0,1,All-Rounder,0.71,23.5924,53.1499,40.8717,38.0,0.5758,23.5339,0.0,17.6504,23.38
GL van Buuren,T20_Blast,494.0,377.0,32.0,32.0,24.0,20.58,131.03,35.0,20.0,14.59,32.0,717.0,951.0,44.0,44.0,119.5,7.96,29.72,22.41,0.73,121.14,21.2,15.14,8.15,0.67,1,1,1.0,1,All-Rounder,0.73,31.0663,54.6982,44.7468,44.0,0.6667,29.8327,41.3167,32.7037,48.13
GLS Scrimshaw,T20_Blast,20.0,37.0,8.0,8.0,1.0,20.0,54.05,0.0,0.0,0.0,66.0,958.0,1393.0,46.0,46.0,159.67,8.72,21.11,14.52,1.43,53.57,15.0,3.75,8.99,1.53,1,1,1.0,1,Bowler,0.17,12.6094,61.6363,61.6363,46.0,0.697,42.9605,75.321,51.0506,58.1
GO Jones,T20_Blast,267.0,180.0,13.0,13.0,10.0,26.7,148.33,23.0,12.0,19.44,0.0,0.0,0.0,0.0,0.0,0.0,58.23,203.5,118.8,0.0,0.0,0.0,0.0,38.82,0.0,1,0,1.0,0,Wicketkeeper-Batsman,13.0,37.0217,0.0,40.7239,13.0,0.197,8.0226,0.0,6.017,7.46
GP Smith,T20_Blast,714.0,580.0,28.0,28.0,25.0,28.56,123.1,74.0,13.0,15.0,0.0,0.0,0.0,0.0,0.0,0.0,58.23,203.5,118.8,0.0,0.0,0.0,0.0,38.82,0.0,1,0,1.0,0,Batsman,28.0,33.7353,0.0,33.7353,28.0,0.4242,14.3105,0.0,10.7329,15.99
GR Breese,T20_Blast,58.0,54.0,7.0,7.0,4.0,14.5,107.41,6.0,2.0,14.81,12.0,206.0,213.0,11.0,11.0,34.33,6.2,17.75,17.17,1.09,0.0,0.0,0.0,38.82,0.0,1,1,1.0,1,Bowler,0.64,24.6042,54.0118,54.0118,11.0,0.1667,9.0038,0.0,6.7528,4.07
GR Napier,T20_Blast,165.0,98.0,17.0,17.0,12.0,13.75,168.37,7.0,14.0,21.43,41.0,755.0,1134.0,34.0,34.0,125.83,9.01,27.66,18.41,1.21,0.0,0.0,0.0,38.82,0.0,1,1,1.0,1,Bowler,0.5,35.6536,55.666,55.666,34.0,0.5152,28.6791,0.0,21.5093,22.07
GS Ballance,T20_Blast,616.0,486.0,36.0,36.0,34.0,18.12,126.75,49.0,23.0,14.81,0.0,0.0,0.0,0.0,0.0,0.0,58.23,203.5,118.8,0.0,0.0,0.0,0.0,38.82,0.0,1,0,1.0,0,Batsman,36.0,30.1269,0.0,30.1269,36.0,0.5455,16.4342,0.0,12.3256,18.69
GS Sandhu,BBL,110.0,113.0,23.0,23.0,12.0,9.17,97.35,8.0,3.0,9.73,74.0,1387.0,1843.0,72.0,72.0,231.17,7.97,24.91,18.74,1.03,104.44,11.75,5.88,7.88,1.07,1,1,1.0,1,Bowler,0.32,19.2116,63.4743,63.4743,72.0,0.8571,54.4038,64.0894,56.8252,65.14
GT Griffiths,T20_Blast,55.0,61.0,17.0,17.0,3.0,18.33,90.16,3.0,2.0,8.2,52.0,968.0,1415.0,56.0,56.0,161.33,8.77,27.21,18.62,0.93,0.0,0.0,0.0,38.82,0.0,1,1,1.0,1,Bowler,0.3,20.6297,58.1057,58.1057,56.0,0.8485,49.3027,0.0,36.977,40.93
Ghulam Mudassar,PSL,1.0,3.0,2.0,2.0,1.0,1.0,33.33,0.0,0.0,0.0,11.0,226.0,386.0,11.0,11.0,37.67,10.25,35.09,20.55,1.0,0.0,0.0,0.0,11.35,1.0,1,1,1.0,1,Bowler,0.18,3.1589,47.6698,47.6698,11.0,0.2037,9.7103,58.2592,21.8475,22.48
Gurkeerat Singh,IPL,511.0,422.0,32.0,32.0,24.0,21.29,121.09,55.0,11.0,15.64,5.0,78.0,97.0,6.0,6.0,13.0,7.46,19.4,15.6,0.83,0.0,0.0,0.0,38.82,0.0,1,1,1.0,1,Batsman,5.33,30.5733,51.1936,30.5733,32.0,0.3137,9.5908,0.0,7.1931,9.98
H Davids,CPL,225.0,212.0,15.0,15.0,13.0,17.31,106.13,16.0,6.0,10.38,0.0,0.0,0.0,0.0,0.0,0.0,58.23,203.5,118.8,0.0,0.0,0.0,0.0,38.82,0.0,1,0,1.0,0,Batsman,15.0,23.8845,0.0,23.8845,15.0,0.2083,4.9751,0.0,3.7313,4.1
H Kerr,BBL,385.0,305.0,29.0,29.0,21.0,18.33,126.23,22.0,13.0,11.48,54.0,911.0,1277.0,48.0,48.0,151.83,8.41,23.65,16.87,1.12,122.35,16.0,12.24,8.93,0.97,1,1,1.0,1,All-Rounder,0.6,27.8591,59.2903,47.4533,48.0,0.5714,27.1148,43.0058,31.0876,45.47
H Kerr,T20_Blast,129.0,97.0,8.0,8.0,7.0,18.43,132.99,9.0,3.0,12.37,15.0,237.0,361.0,13.0,13.0,39.5,9.14,24.07,15.8,1.15,132.99,18.43,16.12,9.14,1.15,1,1,1.0,1,Bowler,0.62,28.3861,50.9049,50.9049,13.0,0.197,10.0283,64.8344,23.7298,24.78
H Klaasen,IPL,993.0,590.0,32.0,32.0,26.0,38.19,168.31,56.0,64.0,20.34,0.0,0.0,0.0,0.0,0.0,0.0,58.23,203.5,118.8,0.0,173.92,44.14,35.65,38.82,0.0,1,0,1.0,0,Wicketkeeper-Batsman,32.0,46.3504,0.0,50.9854,32.0,0.3137,15.9941,57.0786,26.2652,43.48
HC Brook,IPL,190.0,154.0,11.0,11.0,9.0,21.11,123.38,23.0,4.0,17.53,0.0,0.0,0.0,0.0,0.0,0.0,58.23,203.5,118.8,0.0,123.38,21.11,17.27,38.82,0.0,1,0,1.0,0,Batsman,11.0,30.6866,0.0,30.6866,11.0,0.1078,3.308,31.2036,10.2819,15.22
HC Brook,T20_Blast,1399.0,926.0,48.0,48.0,37.0,37.81,151.08,108.0,64.0,18.57,1.0,12.0,26.0,2.0,2.0,2.0,13.0,26.0,12.0,0.5,163.91,39.64,36.33,38.82,0.0,1,1,1.0,1,Batsman,24.0,44.4265,44.1079,44.4265,48.0,0.7273,32.3114,54.6615,37.8989,62.11
HD Rutherford,T20_Blast,1032.0,732.0,40.0,40.0,39.0,26.46,140.98,107.0,42.0,20.36,0.0,0.0,0.0,0.0,0.0,0.0,58.23,203.5,118.8,0.0,88.66,10.75,10.75,38.82,0.0,1,0,1.0,0,Batsman,40.0,38.8016,0.0,38.8016,40.0,0.6061,23.5176,19.5254,22.5196,36.0
HD Ward,T20_Blast,792.0,553.0,37.0,37.0,34.0,23.29,143.22,83.0,34.0,21.16,1.0,13.0,16.0,2.0,2.0,2.17,7.37,16.0,13.0,0.5,147.03,24.79,22.47,7.37,0.5,1,1,1.0,1,Batsman,18.5,37.5967,50.9201,37.5967,37.0,0.5606,21.0767,38.203,25.3583,40.82
HE Dearden,T20_Blast,339.0,324.0,19.0,19.0,17.0,19.94,104.63,23.0,8.0,9.57,0.0,0.0,0.0,0.0,0.0,0.0,58.23,203.5,118.8,0.0,0.0,0.0,0.0,38.82,0.0,1,0,1.0,0,Batsman,19.0,24.5967,0.0,24.5967,19.0,0.2879,7.0814,0.0,5.311,6.79
HE van der Dussen,PSL,512.0,351.0,13.0,13.0,11.0,46.55,145.87,41.0,18.0,16.81,0.0,0.0,0.0,0.0,0.0,0.0,58.23,203.5,118.8,0.0,145.87,46.55,39.38,38.82,0.0,1,0,1.0,0,Batsman,13.0,43.2496,0.0,43.2496,13.0,0.2407,10.4102,57.7823,22.2532,35.55
HF Gurney,BBL,1.0,3.0,3.0,3.0,1.0,1.0,33.33,0.0,0.0,0.0,13.0,288.0,385.0,13.0,13.0,48.0,8.02,29.62,22.15,1.0,0.0,0.0,0.0,38.82,0.0,1,1,1.0,1,Bowler,0.23,3.1589,50.9437,50.9437,13.0,0.1548,7.8861,0.0,5.9146,3.05
HF Gurney,T20_Blast,19.0,18.0,9.0,9.0,4.0,4.75,105.56,3.0,0.0,16.67,101.0,1645.0,2276.0,75.0,75.0,274.17,8.3,22.53,16.29,1.35,0.0,0.0,0.0,38.82,0.0,1,1,1.0,1,Bowler,0.12,21.6681,68.7077,68.7077,75.0,1.0,68.7077,0.0,51.5308,58.68
HG Kuhn,T20_Blast,715.0,536.0,32.0,32.0,24.0,29.79,133.4,60.0,14.0,13.81,0.0,0.0,0.0,0.0,0.0,0.0,58.23,203.5,118.8,0.0,0.0,0.0,0.0,38.82,0.0,1,0,1.0,0,Batsman,32.0,34.9507,0.0,34.9507,32.0,0.4848,16.9441,0.0,12.7081,19.34
HH Gibbs,BBL,488.0,347.0,15.0,15.0,14.0,34.86,140.63,59.0,14.0,21.04,0.0,0.0,0.0,0.0,0.0,0.0,58.23,203.5,118.8,0.0,0.0,0.0,0.0,38.82,0.0,1,0,1.0,0,Batsman,15.0,40.3425,0.0,40.3425,15.0,0.1786,7.2052,0.0,5.4039,6.94
HH Gibbs,IPL,886.0,807.0,36.0,36.0,32.0,27.69,109.79,83.0,31.0,14.13,0.0,0.0,0.0,0.0,0.0,0.0,58.23,203.5,118.8,0.0,0.0,0.0,0.0,38.82,0.0,1,0,1.0,0,Batsman,36.0,31.8357,0.0,31.8357,36.0,0.3529,11.2348,0.0,8.4261,12.07
HH Pandya,IPL,2534.0,1739.0,128.0,128.0,89.0,28.47,145.72,189.0,137.0,18.75,64.0,1418.0,2150.0,93.0,93.0,236.33,9.1,33.59,22.16,0.69,135.35,30.85,24.4,9.15,0.67,1,1,1.0,1,All-Rounder,1.38,44.0598,59.3361,50.4881,128.0,1.0,50.4881,46.3286,49.4482,75.65
HJ Nielsen,BBL,459.0,385.0,30.0,30.0,22.0,20.86,119.22,40.0,7.0,12.21,0.0,0.0,0.0,0.0,0.0,0.0,58.23,203.5,118.8,0.0,130.2,24.25,16.17,38.82,0.0,1,0,1.0,0,Wicketkeeper-Batsman,30.0,28.4166,0.0,31.2583,30.0,0.3571,11.1623,32.4865,16.4934,26.1
HJ Swindells,T20_Blast,514.0,454.0,29.0,29.0,26.0,19.77,113.22,45.0,6.0,11.23,0.0,0.0,0.0,0.0,0.0,0.0,58.23,203.5,118.8,0.0,113.28,16.11,14.5,38.82,0.0,1,0,1.0,0,Wicketkeeper-Batsman,29.0,26.9693,0.0,29.6662,29.0,0.4394,13.0353,26.4253,16.3828,25.9
HJH Brookes,T20_Blast,191.0,152.0,27.0,27.0,16.0,11.94,125.66,17.0,7.0,15.79,57.0,990.0,1548.0,49.0,49.0,165.0,9.38,27.16,17.37,1.16,131.08,13.86,6.06,9.96,1.04,1,1,1.0,1,All-Rounder,0.55,26.9349,58.4824,47.2736,49.0,0.7424,35.0959,41.412,36.6749,54.65
HJH Marshall,T20_Blast,851.0,621.0,33.0,33.0,31.0,27.45,137.04,89.0,15.0,16.75,0.0,0.0,0.0,0.0,0.0,0.0,58.23,203.5,118.8,0.0,0.0,0.0,0.0,38.82,0.0,1,0,1.0,0,Batsman,33.0,36.3919,0.0,36.3919,33.0,0.5,18.196,0.0,13.647,20.94
HM Amla,CPL,482.0,406.0,17.0,17.0,17.0,28.35,118.72,37.0,12.0,12.07,0.0,0.0,0.0,0.0,0.0,0.0,58.23,203.5,118.8,0.0,0.0,0.0,0.0,38.82,0.0,1,0,1.0,0,Batsman,17.0,31.003,0.0,31.003,17.0,0.2361,7.3198,0.0,5.4898,7.09
HM Amla,IPL,577.0,407.0,16.0,16.0,13.0,44.38,141.77,60.0,21.0,19.9,0.0,0.0,0.0,0.0,0.0,0.0,58.23,203.5,118.8,0.0,0.0,0.0,0.0,38.82,0.0,1,0,1.0,0,Batsman,16.0,43.5973,0.0,43.5973,16.0,0.1569,6.8404,0.0,5.1303,6.48
HM Amla,T20_Blast,523.0,434.0,16.0,16.0,14.0,37.36,120.51,56.0,8.0,14.75,0.0,0.0,0.0,0.0,0.0,0.0,58.23,203.5,118.8,0.0,0.0,0.0,0.0,38.82,0.0,1,0,1.0,0,Batsman,16.0,35.7948,0.0,35.7948,16.0,0.2424,8.6767,0.0,6.5075,8.82
HNA Conway,BBL,16.0,19.0,5.0,5.0,3.0,5.33,84.21,1.0,0.0,5.26,20.0,481.0,682.0,23.0,23.0,80.17,8.51,34.1,24.05,0.87,88.89,8.0,4.0,10.41,0.67,1,1,1.0,1,Bowler,0.22,13.7755,51.2732,51.2732,23.0,0.2738,14.0386,50.3644,23.12,24.03
HR Shokeen,IPL,66.0,65.0,5.0,5.0,3.0,22.0,101.54,9.0,0.0,13.85,5.0,204.0,314.0,13.0,13.0,34.0,9.24,62.8,40.8,0.38,101.54,22.0,13.2,9.24,0.38,1,1,1.0,1,Bowler,0.38,26.0696,44.0965,44.0965,13.0,0.1275,5.6223,43.8162,15.1708,14.34
HR Walsh,CPL,111.0,93.0,11.0,11.0,7.0,15.86,119.35,4.0,7.0,11.83,36.0,614.0,808.0,35.0,35.0,102.33,7.9,22.44,17.06,1.03,166.67,12.5,8.33,7.13,0.6,1,1,1.0,1,Bowler,0.31,25.4048,56.4326,56.4326,35.0,0.4861,27.4319,52.1786,33.6186,36.84
HR Walsh,T20_Blast,31.0,23.0,6.0,6.0,4.0,7.75,134.78,2.0,2.0,17.39,6.0,248.0,302.0,13.0,13.0,41.33,7.31,50.33,41.33,0.46,134.78,7.75,5.17,7.31,0.46,1,1,1.0,1,Bowler,0.46,26.8834,47.7377,47.7377,13.0,0.197,9.4043,48.1738,19.0967,19.13
HRC Came,T20_Blast,567.0,429.0,25.0,25.0,25.0,22.68,132.17,61.0,13.0,17.25,0.0,0.0,0.0,0.0,0.0,0.0,58.23,203.5,118.8,0.0,140.62,25.71,25.71,38.82,0.0,1,0,1.0,0,Batsman,25.0,33.4244,0.0,33.4244,25.0,0.3788,12.6612,40.0019,19.4964,30.87
HT Crocombe,T20_Blast,21.0,21.0,8.0,8.0,1.0,21.0,100.0,0.0,1.0,4.76,14.0,258.0,464.0,17.0,17.0,43.0,10.79,33.14,18.43,0.82,100.0,21.0,2.62,10.6,0.88,1,1,1.0,1,Bowler,0.47,21.135,47.9591,47.9591,17.0,0.2576,12.3543,55.8506,23.2284,24.17
HTRY Thornton,BBL,44.0,55.0,8.0,8.0,4.0,11.0,80.0,2.0,1.0,5.45,49.0,671.0,970.0,32.0,32.0,111.83,8.67,19.8,13.69,1.53,80.0,11.0,5.5,8.76,1.46,1,1,1.0,1,Bowler,0.25,15.4087,58.5298,58.5298,32.0,0.381,22.2999,73.681,35.1452,38.7
HV Patel,IPL,249.0,203.0,37.0,37.0,27.0,9.22,122.66,16.0,15.0,15.27,135.0,2162.0,3148.0,103.0,103.0,360.33,8.74,23.32,16.01,1.31,96.88,6.2,4.77,8.95,1.36,1,1,1.0,1,Bowler,0.36,25.5244,74.8084,74.8084,103.0,1.0,74.8084,70.7509,73.794,85.83
HW Podmore,T20_Blast,37.0,64.0,9.0,9.0,7.0,5.29,57.81,0.0,0.0,0.0,23.0,433.0,665.0,24.0,24.0,72.17,9.21,28.91,18.83,0.96,0.0,0.0,0.0,11.5,0.0,1,1,1.0,1,Bowler,0.38,7.9549,51.8019,51.8019,24.0,0.3636,18.8352,30.94,21.8614,22.5
HWR Cartwright,BBL,1944.0,1563.0,95.0,95.0,70.0,27.77,124.38,151.0,73.0,14.33,4.0,80.0,169.0,8.0,8.0,13.33,12.68,42.25,20.0,0.5,124.29,27.5,20.0,38.82,0.0,1,1,1.0,1,Batsman,11.88,37.1469,43.0142,37.1469,95.0,1.0,37.1469,35.6827,36.7808,60.21
HZ Finch,T20_Blast,331.0,312.0,23.0,23.0,17.0,19.47,106.09,29.0,4.0,10.58,0.0,0.0,0.0,0.0,0.0,0.0,58.23,203.5,118.8,0.0,104.26,49.0,12.25,38.82,0.0,1,0,1.0,0,Batsman,23.0,25.0661,0.0,25.0661,23.0,0.3485,8.7355,38.0758,16.0706,25.05
Haider Ali,PSL,769.0,564.0,40.0,40.0,34.0,22.62,136.35,71.0,36.0,18.97,0.0,0.0,0.0,0.0,0.0,0.0,58.23,203.5,118.8,0.0,125.09,21.41,17.33,38.82,0.0,1,0,1.0,0,Batsman,40.0,35.3771,0.0,35.3771,40.0,0.7407,26.2038,31.5279,27.5348,44.51
Haider Ali,T20_Blast,335.0,243.0,14.0,14.0,13.0,25.77,137.86,24.0,16.0,16.46,0.0,0.0,0.0,0.0,0.0,0.0,58.23,203.5,118.8,0.0,137.86,25.77,23.93,38.82,0.0,1,0,1.0,0,Batsman,14.0,34.1596,0.0,34.1596,14.0,0.2121,7.2453,38.6636,15.0999,23.4
Hammad Azam,PSL,94.0,95.0,11.0,11.0,8.0,11.75,98.95,7.0,1.0,8.42,0.0,43.0,77.0,4.0,4.0,7.17,10.74,203.5,118.8,0.0,0.0,0.0,0.0,38.82,0.0,1,1,1.0,0,Batsman,2.75,19.6685,24.3482,19.6685,11.0,0.2037,4.0065,0.0,3.0049,2.87
Harbhajan Singh,IPL,833.0,604.0,88.0,88.0,53.0,15.72,137.91,79.0,42.0,20.03,150.0,3416.0,4030.0,160.0,160.0,569.33,7.08,26.87,22.77,0.94,0.0,0.0,0.0,38.82,0.0,1,1,1.0,1,All-Rounder,0.55,33.837,78.9455,62.941,160.0,1.0,62.941,0.0,47.2058,71.97
Haris Rauf,BBL,17.0,23.0,4.0,4.0,3.0,5.67,73.91,1.0,1.0,8.7,36.0,455.0,588.0,22.0,22.0,75.83,7.75,16.33,12.64,1.64,50.0,8.0,8.0,8.0,1.5,1,1,1.0,1,Bowler,0.18,14.1706,57.3319,57.3319,22.0,0.2619,15.0152,75.6277,30.1683,32.63
Haris Rauf,PSL,91.0,75.0,15.0,15.0,12.0,7.58,121.33,5.0,8.0,17.33,66.0,1285.0,1950.0,57.0,57.0,214.17,9.1,29.55,19.47,1.16,102.5,6.83,5.12,9.21,1.17,1,1,1.0,1,Bowler,0.26,25.2415,60.2226,60.2226,57.0,1.0,60.2226,65.2981,61.4915,70.83
Haris Sohail,PSL,153.0,178.0,11.0,11.0,9.0,17.0,85.96,11.0,2.0,7.3,0.0,0.0,0.0,0.0,0.0,0.0,58.23,203.5,118.8,0.0,0.0,0.0,0.0,38.82,0.0,1,0,1.0,0,Batsman,11.0,19.5022,0.0,19.5022,11.0,0.2037,3.9726,0.0,2.9794,2.83
Harmeet Singh,IPL,18.0,12.0,4.0,4.0,4.0,4.5,150.0,3.0,0.0,25.0,27.0,549.0,731.0,28.0,28.0,91.5,7.99,27.07,20.33,0.96,0.0,0.0,0.0,38.82,0.0,1,1,1.0,1,Bowler,0.14,31.2166,54.0184,54.0184,28.0,0.2745,14.8281,0.0,11.1211,9.4
Harpreet Brar,IPL,233.0,190.0,24.0,24.0,11.0,21.18,122.63,19.0,9.0,14.74,25.0,679.0,895.0,39.0,39.0,113.17,7.91,35.8,27.16,0.64,124.17,13.55,8.28,8.22,0.69,1,1,1.0,1,All-Rounder,0.62,29.4465,52.635,43.8002,39.0,0.3824,16.7492,37.9458,22.0484,30.61
Harshit Rana,IPL,2.0,3.0,3.0,3.0,2.0,1.0,66.67,0.0,0.0,0.0,25.0,385.0,581.0,19.0,19.0,64.17,9.05,23.24,15.4,1.32,66.67,1.0,0.67,9.05,1.32,1,1,1.0,1,Bowler,0.16,7.4778,53.0474,53.0474,19.0,0.1863,9.8827,69.5517,24.8,26.08
Hasan Ali,PSL,251.0,183.0,38.0,38.0,28.0,8.96,137.16,20.0,11.0,16.94,108.0,1852.0,2479.0,81.0,81.0,308.67,8.03,22.95,17.15,1.33,108.0,8.1,5.79,9.41,1.33,1,1,1.0,1,Bowler,0.47,28.0952,70.2898,70.2898,81.0,1.0,70.2898,69.4155,70.0712,81.29
Hasan Ali,T20_Blast,32.0,30.0,6.0,6.0,5.0,6.4,106.67,1.0,2.0,10.0,19.0,211.0,282.0,10.0,10.0,35.17,8.02,14.84,11.11,1.9,106.67,6.4,5.33,8.02,1.9,1,1,1.0,1,Bowler,0.6,19.3226,53.9301,53.9301,10.0,0.1515,8.1704,86.4648,27.744,29.67
Haseebullah Khan,PSL,177.0,124.0,12.0,12.0,11.0,16.09,142.74,18.0,8.0,20.97,0.0,0.0,0.0,0.0,0.0,0.0,58.23,203.5,118.8,0.0,142.74,16.09,14.75,38.82,0.0,1,0,1.0,0,Batsman,12.0,32.9848,0.0,32.9848,12.0,0.2222,7.3292,29.3339,12.8304,19.55
Hassan Khan,PSL,137.0,123.0,17.0,17.0,9.0,15.22,111.38,8.0,3.0,8.94,16.0,464.0,583.0,28.0,28.0,77.33,7.54,36.44,29.0,0.57,95.24,20.0,10.0,10.34,0.0,1,1,1.0,1,Bowler,0.61,22.8796,51.1673,51.1673,28.0,0.5185,26.5302,32.2537,27.9611,29.94
Hazratullah,PSL,382.0,250.0,12.0,12.0,12.0,31.83,152.8,45.0,18.0,25.2,0.0,0.0,0.0,0.0,0.0,0.0,58.23,203.5,118.8,0.0,125.0,24.29,24.29,38.82,0.0,1,0,1.0,0,Batsman,12.0,42.4584,0.0,42.4584,12.0,0.2222,9.4343,37.0563,16.3398,25.51
Hussain Talat,PSL,965.0,793.0,50.0,50.0,42.0,22.98,121.69,80.0,27.0,13.49,15.0,306.0,463.0,24.0,24.0,51.0,9.08,30.87,20.4,0.62,129.1,23.07,19.22,8.08,0.73,1,1,1.0,1,Batsman,2.08,31.6609,50.1291,31.6609,50.0,0.9259,29.3148,33.7782,30.4306,49.43
I Khan,CPL,83.0,87.0,12.0,12.0,8.0,10.38,95.4,7.0,1.0,9.2,27.0,465.0,473.0,26.0,26.0,77.5,6.1,17.52,17.22,1.04,0.0,0.0,0.0,38.82,0.0,1,1,1.0,1,Bowler,0.46,19.0548,57.0661,57.0661,26.0,0.3611,20.6066,0.0,15.455,14.69
I Sharma,IPL,57.0,69.0,21.0,21.0,6.0,9.5,82.61,4.0,2.0,8.7,92.0,2309.0,3172.0,110.0,110.0,384.83,8.24,34.48,25.1,0.84,25.0,2.0,0.67,9.06,1.18,1,1,1.0,1,Bowler,0.19,16.774,65.5431,65.5431,110.0,1.0,65.5431,65.7395,65.5922,75.83
I Udana,IPL,15.0,11.0,4.0,4.0,3.0,5.0,136.36,1.0,1.0,18.18,8.0,174.0,282.0,10.0,10.0,29.0,9.72,35.25,21.75,0.8,0.0,0.0,0.0,38.82,0.0,1,1,1.0,1,Bowler,0.4,26.4356,47.5904,47.5904,10.0,0.098,4.6639,0.0,3.4979,0.1
IA Cockbain,T20_Blast,2923.0,2174.0,105.0,105.0,85.0,34.39,134.45,251.0,100.0,16.15,0.0,0.0,0.0,0.0,0.0,0.0,58.23,203.5,118.8,0.0,111.72,14.73,14.73,38.82,0.0,1,0,1.0,0,Batsman,105.0,44.6917,0.0,44.6917,105.0,1.0,44.6917,25.8389,39.9785,65.64
IAA Thomas,T20_Blast,3.0,5.0,2.0,2.0,1.0,3.0,60.0,0.0,0.0,0.0,9.0,210.0,320.0,12.0,12.0,35.0,9.14,35.56,23.33,0.75,0.0,0.0,0.0,38.82,0.0,1,1,1.0,1,Bowler,0.17,7.3237,48.3227,48.3227,12.0,0.1818,8.7851,0.0,6.5888,3.87
IC Pandey,IPL,0.0,2.0,1.0,1.0,1.0,0.0,0.0,0.0,0.0,0.0,18.0,462.0,591.0,24.0,24.0,77.0,7.68,32.83,25.67,0.75,0.0,0.0,0.0,38.82,0.0,0,1,1.0,1,Bowler,0.04,0.0,51.8621,51.8621,24.0,0.2353,12.2032,0.0,9.1524,7.0
IG Holland,T20_Blast,201.0,162.0,17.0,17.0,7.0,28.71,124.07,10.0,6.0,9.88,7.0,247.0,331.0,17.0,17.0,41.17,8.04,47.29,35.29,0.41,142.86,10.0,5.0,8.67,0.5,1,1,1.0,1,Batsman,1.0,29.9241,47.5823,29.9241,17.0,0.2576,7.7084,20.7206,10.9614,16.38
IK Pathan,IPL,1150.0,950.0,82.0,82.0,53.0,21.7,121.05,88.0,38.0,13.26,80.0,2043.0,2649.0,101.0,101.0,340.5,7.78,33.11,25.54,0.79,0.0,0.0,0.0,38.82,0.0,1,1,1.0,1,All-Rounder,0.81,31.5959,63.8261,49.3837,101.0,0.9902,48.8997,0.0,36.6748,54.65
IR Bell,T20_Blast,1552.0,1178.0,47.0,47.0,43.0,36.09,131.75,158.0,42.0,16.98,0.0,0.0,0.0,0.0,0.0,0.0,58.23,203.5,118.8,0.0,0.0,0.0,0.0,38.82,0.0,1,0,1.0,0,Batsman,47.0,41.0523,0.0,41.0523,47.0,0.7121,29.2333,0.0,21.925,34.99
IS Sodhi,T20_Blast,65.0,60.0,16.0,16.0,11.0,5.91,108.33,4.0,2.0,10.0,53.0,1008.0,1404.0,48.0,48.0,168.0,8.36,26.49,19.02,1.1,100.0,2.0,2.0,6.95,1.6,1,1,1.0,1,Bowler,0.33,19.4674,58.7959,58.7959,48.0,0.7273,42.7623,79.5318,51.9547,59.2
Iftikhar Ahmed,PSL,1036.0,780.0,59.0,59.0,43.0,24.09,132.82,74.0,51.0,16.03,12.0,318.0,451.0,33.0,33.0,53.0,8.51,37.58,26.5,0.36,149.49,29.3,20.21,9.28,0.28,1,1,1.0,1,All-Rounder,1.79,34.9004,49.2847,40.06,59.0,1.0,40.06,39.9959,40.044,60.19
Ihsanullah,PSL,0.0,3.0,1.0,1.0,0.0,0.0,0.0,0.0,0.0,0.0,23.0,294.0,369.0,14.0,14.0,49.0,7.53,16.04,12.78,1.64,0.0,0.0,0.0,7.53,1.64,0,1,0.0,1,Bowler,0.07,0.0,55.0492,55.0492,14.0,0.2593,14.2743,79.9609,30.696,33.27
Imad Wasim,BBL,84.0,75.0,10.0,10.0,7.0,12.0,112.0,7.0,0.0,9.33,14.0,373.0,469.0,17.0,17.0,62.17,7.54,33.5,26.64,0.82,116.67,14.0,14.0,8.12,0.57,1,1,1.0,1,All-Rounder,0.59,21.8395,51.1382,40.286,17.0,0.2024,8.1539,37.8923,15.5885,19.99
Imad Wasim,CPL,800.0,638.0,44.0,44.0,30.0,26.67,125.39,64.0,33.0,15.2,68.0,1312.0,1410.0,61.0,61.0,218.67,6.45,20.74,19.29,1.11,125.1,31.4,22.43,6.71,1.21,1,1,1.0,1,All-Rounder,0.72,33.726,64.3234,51.5031,61.0,0.8472,43.6334,54.0648,46.2412,70.38
Imad Wasim,PSL,1212.0,867.0,68.0,68.0,45.0,26.93,139.79,112.0,43.0,17.88,63.0,1677.0,1961.0,85.0,85.0,279.5,7.02,31.13,26.62,0.74,154.61,41.94,24.85,7.09,0.87,1,1,1.0,1,All-Rounder,0.8,38.2178,61.5061,51.1568,85.0,1.0,51.1568,53.5946,51.7662,79.46
Imad Wasim,T20_Blast,113.0,88.0,11.0,11.0,5.0,22.6,128.41,8.0,3.0,12.5,22.0,409.0,491.0,19.0,19.0,68.17,7.2,22.32,18.59,1.16,128.12,20.5,13.67,7.97,1.33,1,1,1.0,1,All-Rounder,0.58,29.2764,54.4098,45.1934,19.0,0.2879,13.0112,50.101,22.2837,31.0
Imam-ul-Haq,PSL,542.0,436.0,22.0,22.0,22.0,24.64,124.31,50.0,13.0,14.45,0.0,0.0,0.0,0.0,0.0,0.0,58.23,203.5,118.8,0.0,0.0,0.0,0.0,38.82,0.0,1,0,1.0,0,Batsman,22.0,31.7144,0.0,31.7144,22.0,0.4074,12.9204,0.0,9.6903,14.22
Imran Khalid,PSL,39.0,43.0,5.0,5.0,5.0,7.8,90.7,1.0,2.0,6.98,10.0,169.0,199.0,11.0,11.0,28.17,7.06,19.9,16.9,0.91,0.0,0.0,0.0,38.82,0.0,1,1,1.0,1,Bowler,0.45,16.3622,52.5045,52.5045,11.0,0.2037,10.6952,0.0,8.0214,5.62
Imran Qayyum,T20_Blast,51.0,39.0,9.0,9.0,3.0,17.0,130.77,5.0,1.0,15.38,40.0,824.0,1125.0,41.0,41.0,137.33,8.19,28.12,20.6,0.98,0.0,0.0,0.0,38.82,0.0,1,1,1.0,1,Bowler,0.22,28.755,56.2276,56.2276,41.0,0.6212,34.9286,0.0,26.1965,27.79
Imran Tahir,CPL,75.0,70.0,16.0,16.0,10.0,7.5,107.14,6.0,2.0,11.43,107.0,1757.0,1905.0,77.0,77.0,292.83,6.51,17.8,16.42,1.39,110.81,10.25,8.2,7.22,1.38,1,1,1.0,1,Bowler,0.21,20.5733,72.2348,72.2348,77.0,1.0,72.2348,73.2531,72.4894,84.24
Imran Tahir,IPL,33.0,37.0,8.0,8.0,4.0,8.25,89.19,5.0,0.0,13.51,82.0,1316.0,1703.0,59.0,59.0,219.33,7.76,20.77,16.05,1.39,0.0,0.0,0.0,38.82,0.0,1,1,1.0,1,Bowler,0.14,19.354,65.7522,65.7522,59.0,0.5784,38.0311,0.0,28.5233,30.62
Imran Tahir,PSL,48.0,53.0,10.0,10.0,7.0,6.86,90.57,5.0,1.0,11.32,56.0,936.0,1100.0,42.0,42.0,156.0,7.05,19.64,16.71,1.33,81.25,6.5,6.5,6.86,1.12,1,1,1.0,1,Bowler,0.24,18.0667,61.522,61.522,42.0,0.7778,47.8518,66.602,52.5394,59.91
Imran Tahir,T20_Blast,48.0,37.0,6.0,6.0,3.0,16.0,129.73,1.0,3.0,10.81,56.0,924.0,1124.0,40.0,40.0,154.0,7.3,20.07,16.5,1.4,0.0,0.0,0.0,38.82,0.0,1,1,1.0,1,Bowler,0.15,26.1254,61.2212,61.2212,40.0,0.6061,37.1062,0.0,27.8296,29.78
Iqbal Abdulla,IPL,88.0,84.0,13.0,13.0,2.0,44.0,104.76,9.0,1.0,11.9,40.0,920.0,1109.0,48.0,48.0,153.33,7.23,27.72,23.0,0.83,0.0,0.0,0.0,38.82,0.0,1,1,1.0,1,Bowler,0.27,33.4135,57.2289,57.2289,48.0,0.4706,26.9319,0.0,20.1989,20.47
Irfan Khan,PSL,263.0,190.0,15.0,15.0,8.0,32.88,138.42,27.0,8.0,18.42,0.0,0.0,0.0,0.0,0.0,0.0,58.23,203.5,118.8,0.0,138.42,32.88,17.53,38.82,0.0,1,0,1.0,0,Batsman,15.0,37.4327,0.0,37.4327,15.0,0.2778,10.3988,37.7466,17.2358,27.03
Ishan Kishan,IPL,2644.0,1946.0,99.0,99.0,93.0,28.43,135.87,255.0,119.0,19.22,0.0,0.0,0.0,0.0,0.0,0.0,58.23,203.5,118.8,0.0,135.3,28.38,27.72,38.82,0.0,1,0,1.0,0,Wicketkeeper-Batsman,99.0,43.3331,0.0,47.6664,99.0,0.9706,46.265,41.8786,45.1684,77.1
J Allenby,T20_Blast,1248.0,985.0,47.0,47.0,44.0,28.36,126.7,140.0,31.0,17.36,14.0,514.0,691.0,35.0,35.0,85.67,8.07,49.36,36.71,0.4,0.0,0.0,0.0,38.82,0.0,1,1,1.0,1,All-Rounder,1.34,36.898,48.6641,41.9198,47.0,0.7121,29.8511,0.0,22.3883,31.17
J Avendano,BBL,251.0,223.0,17.0,17.0,17.0,14.76,112.56,17.0,14.0,13.9,0.0,0.0,0.0,0.0,0.0,0.0,58.23,203.5,118.8,0.0,0.0,0.0,0.0,38.82,0.0,1,0,1.0,0,Batsman,17.0,25.5401,0.0,25.5401,17.0,0.2024,5.1693,0.0,3.877,4.35
J Bishop,CPL,66.0,47.0,6.0,6.0,2.0,33.0,140.43,4.0,5.0,19.15,11.0,245.0,306.0,14.0,14.0,40.83,7.49,27.82,22.27,0.79,191.67,11.5,7.67,8.53,0.14,1,1,1.0,1,Bowler,0.43,37.4612,51.3002,51.3002,14.0,0.1944,9.9728,38.1044,17.0057,16.58
J Blackwood,CPL,387.0,423.0,25.0,25.0,22.0,17.59,91.49,27.0,13.0,9.46,0.0,0.0,0.0,0.0,0.0,0.0,58.23,203.5,118.8,0.0,77.55,12.67,12.67,38.82,0.0,1,0,1.0,0,Batsman,25.0,22.1644,0.0,22.1644,25.0,0.3472,7.6955,20.4867,10.8933,16.26
J Botha,BBL,562.0,444.0,42.0,42.0,28.0,20.07,126.58,43.0,13.0,12.61,41.0,1225.0,1470.0,64.0,64.0,204.17,7.2,35.85,29.88,0.64,0.0,0.0,0.0,38.82,0.0,1,1,1.0,1,All-Rounder,0.66,29.5984,56.455,45.8144,64.0,0.7619,34.906,0.0,26.1795,37.4
J Botha,CPL,58.0,82.0,6.0,6.0,3.0,19.33,70.73,4.0,0.0,4.88,8.0,144.0,172.0,10.0,10.0,24.0,7.17,21.5,18.0,0.8,0.0,0.0,0.0,38.82,0.0,1,1,1.0,1,Bowler,0.6,16.9278,51.8086,51.8086,10.0,0.1389,7.1962,0.0,5.3972,2.42
J Botha,IPL,409.0,359.0,28.0,28.0,20.0,20.45,113.93,39.0,5.0,12.26,25.0,694.0,800.0,34.0,34.0,115.67,6.92,32.0,27.76,0.74,0.0,0.0,0.0,38.82,0.0,1,1,1.0,1,All-Rounder,0.82,27.4543,54.0837,42.0579,34.0,0.3333,14.0179,0.0,10.5134,11.65
J Brown,BBL,775.0,524.0,31.0,31.0,31.0,25.0,147.9,68.0,52.0,22.9,0.0,0.0,0.0,0.0,0.0,0.0,58.23,203.5,118.8,0.0,147.9,25.0,25.0,38.82,0.0,1,0,1.0,0,Batsman,31.0,39.5653,0.0,39.5653,31.0,0.369,14.5996,39.9437,20.9356,33.31
J Charles,CPL,3239.0,2461.0,114.0,114.0,110.0,29.45,131.61,301.0,156.0,18.57,0.0,0.0,0.0,0.0,0.0,0.0,58.23,203.5,118.8,0.0,138.93,38.33,35.69,38.82,0.0,1,0,1.0,0,Wicketkeeper-Batsman,114.0,44.6949,0.0,49.1644,114.0,1.0,49.1644,51.369,49.7156,85.19
J Charles,PSL,435.0,283.0,16.0,16.0,15.0,29.0,153.71,46.0,18.0,22.61,0.0,0.0,0.0,0.0,0.0,0.0,58.23,203.5,118.8,0.0,157.14,27.5,27.5,38.82,0.0,1,0,1.0,0,Wicketkeeper-Batsman,16.0,40.5337,0.0,44.5871,16.0,0.2963,13.2112,43.4178,20.7628,33.69
J Clark,T20_Blast,1050.0,823.0,76.0,76.0,48.0,21.88,127.58,60.0,38.0,11.91,69.0,1333.0,1953.0,86.0,86.0,222.17,8.79,28.3,19.32,0.8,112.35,15.92,11.24,7.6,0.93,1,1,1.0,1,All-Rounder,0.88,31.5628,61.269,47.3338,86.0,1.0,47.3338,42.42,46.1054,70.16
J Da Silva,CPL,373.0,358.0,16.0,16.0,15.0,24.87,104.19,31.0,8.0,10.89,0.0,0.0,0.0,0.0,0.0,0.0,58.23,203.5,118.8,0.0,101.67,17.43,17.43,38.82,0.0,1,0,1.0,0,Wicketkeeper-Batsman,16.0,27.0026,0.0,29.7029,16.0,0.2222,6.6,27.7132,11.8783,17.89
J Edwards,BBL,563.0,500.0,39.0,39.0,39.0,14.44,112.6,59.0,7.0,13.2,19.0,402.0,524.0,21.0,21.0,67.0,7.82,27.58,21.16,0.9,131.21,13.73,13.73,7.82,0.9,1,1,1.0,1,All-Rounder,1.86,26.0791,52.5634,35.3486,39.0,0.4643,16.4124,43.0825,23.0799,32.3
J Fraser-McGurk,BBL,724.0,568.0,42.0,42.0,39.0,18.56,127.46,49.0,38.0,15.32,0.0,6.0,10.0,1.0,1.0,1.0,10.0,203.5,118.8,0.0,141.4,20.21,20.21,38.82,0.0,1,1,1.0,0,Batsman,42.0,30.9491,25.0822,30.9491,42.0,0.5,15.4746,34.3378,20.1904,32.05
J Glen,CPL,133.0,111.0,11.0,11.0,8.0,16.62,119.82,9.0,9.0,16.22,7.0,60.0,59.0,5.0,5.0,10.0,5.9,8.43,8.57,1.4,0.0,0.0,0.0,38.82,0.0,1,1,1.0,1,Bowler,2.2,27.8512,54.4787,54.4787,11.0,0.1528,8.3243,0.0,6.2432,3.45
J Hull,T20_Blast,26.0,24.0,5.0,5.0,2.0,13.0,108.33,2.0,1.0,12.5,24.0,411.0,598.0,19.0,19.0,68.5,8.73,24.92,17.12,1.26,108.33,13.0,5.2,8.73,1.26,1,1,1.0,1,Bowler,0.26,23.0158,52.9632,52.9632,19.0,0.2879,15.2481,68.2851,28.5074,30.6
J Leach,T20_Blast,211.0,190.0,26.0,26.0,22.0,9.59,111.05,22.0,5.0,14.21,48.0,776.0,1232.0,44.0,44.0,129.33,9.53,25.67,16.17,1.09,0.0,0.0,0.0,38.82,0.0,1,1,1.0,1,All-Rounder,0.59,23.539,56.7606,44.4221,44.0,0.6667,29.6162,0.0,22.2122,30.88
J Little,IPL,0.0,0.0,0.0,0.0,0.0,0.0,0.0,0.0,0.0,0.0,11.0,228.0,339.0,11.0,11.0,38.0,8.92,30.82,20.73,1.0,0.0,0.0,0.0,8.92,1.0,0,1,0.0,1,Bowler,0.0,0.0,49.5134,49.5134,11.0,0.1078,5.3375,61.0112,19.2559,19.32
J Merlo,BBL,65.0,66.0,13.0,13.0,10.0,6.5,98.48,6.0,0.0,9.09,0.0,30.0,42.0,4.0,4.0,5.0,8.4,203.5,118.8,0.0,90.48,6.33,3.8,12.0,0.0,1,1,1.0,0,Batsman,3.25,17.976,26.669,17.976,13.0,0.1548,2.7827,13.515,5.4658,7.05
J Overton,BBL,276.0,183.0,14.0,14.0,4.0,69.0,150.82,16.0,14.0,16.39,27.0,396.0,582.0,18.0,18.0,66.0,8.82,21.56,14.67,1.5,150.82,69.0,19.71,8.82,1.5,1,1,1.0,1,Bowler,0.78,50.8854,53.8721,53.8721,18.0,0.2143,11.5448,74.6991,27.3334,29.17
J Overton,T20_Blast,829.0,485.0,61.0,61.0,48.0,17.27,170.93,60.0,53.0,23.3,54.0,1130.0,1813.0,65.0,65.0,188.33,9.63,33.57,20.93,0.83,175.0,19.78,16.85,8.9,0.67,1,1,1.0,1,All-Rounder,0.94,40.1721,56.8616,48.7822,65.0,0.9848,48.0407,43.6474,46.9424,71.53
J Royal,CPL,26.0,28.0,8.0,8.0,4.0,6.5,92.86,2.0,1.0,10.71,19.0,332.0,427.0,20.0,20.0,55.33,7.72,22.47,17.47,0.95,33.33,1.5,1.5,7.79,0.71,1,1,1.0,1,Bowler,0.4,17.8828,53.2903,53.2903,20.0,0.2778,14.804,54.4176,24.7074,25.97
J Seymour,BBL,154.0,116.0,12.0,12.0,10.0,15.4,132.76,14.0,7.0,18.1,0.0,30.0,28.0,3.0,3.0,5.0,5.6,203.5,118.8,0.0,168.0,10.5,10.5,38.82,0.0,1,1,1.0,0,Batsman,4.0,30.0383,29.446,30.0383,12.0,0.1429,4.2925,26.7027,9.8951,14.57
J Shaw,T20_Blast,41.0,27.0,8.0,8.0,5.0,8.2,151.85,2.0,3.0,18.52,40.0,679.0,951.0,40.0,40.0,113.17,8.4,23.78,16.98,1.0,162.5,9.75,6.5,8.21,1.19,1,1,1.0,1,Bowler,0.2,29.8105,56.5525,56.5525,40.0,0.6061,34.2765,66.9736,42.4508,47.61
J Suchith,IPL,70.0,61.0,9.0,9.0,4.0,17.5,114.75,6.0,3.0,14.75,19.0,420.0,602.0,21.0,21.0,70.0,8.6,31.68,22.11,0.9,25.0,1.0,1.0,7.78,1.4,1,1,1.0,1,Bowler,0.43,26.6231,51.2861,51.2861,21.0,0.2059,10.5598,73.1619,26.2103,27.8
J Syed Mohammad,IPL,29.0,26.0,5.0,5.0,2.0,14.5,111.54,4.0,0.0,15.38,8.0,192.0,283.0,11.0,11.0,32.0,8.84,35.38,24.0,0.73,0.0,0.0,0.0,38.82,0.0,1,1,1.0,1,Bowler,0.45,25.3143,48.4472,48.4472,11.0,0.1078,5.2226,0.0,3.917,0.62
J Theron,CPL,67.0,60.0,11.0,11.0,7.0,9.57,111.67,3.0,4.0,11.67,21.0,416.0,571.0,19.0,19.0,69.33,8.24,27.19,19.81,1.11,0.0,0.0,0.0,38.82,0.0,1,1,1.0,1,Bowler,0.58,21.9776,52.585,52.585,19.0,0.2639,13.8772,0.0,10.4079,8.53
J Theron,IPL,10.0,12.0,4.0,4.0,2.0,5.0,83.33,1.0,0.0,8.33,11.0,221.0,302.0,10.0,10.0,36.83,8.2,27.45,20.09,1.1,0.0,0.0,0.0,38.82,0.0,1,1,1.0,1,Bowler,0.4,14.9589,50.6415,50.6415,10.0,0.098,4.9629,0.0,3.7222,0.38
J Weatherald,BBL,2176.0,1658.0,92.0,92.0,85.0,25.6,131.24,216.0,85.0,18.15,0.0,0.0,0.0,0.0,0.0,0.0,58.23,203.5,118.8,0.0,147.5,21.07,18.44,38.82,0.0,1,0,1.0,0,Batsman,92.0,39.775,0.0,39.775,92.0,1.0,39.775,34.1742,38.3748,62.92
J Yadav,IPL,40.0,36.0,4.0,4.0,4.0,10.0,111.11,2.0,1.0,8.33,8.0,390.0,445.0,20.0,20.0,65.0,6.85,55.62,48.75,0.4,0.0,0.0,0.0,6.5,0.0,1,1,1.0,1,Bowler,0.2,20.4142,47.9343,47.9343,20.0,0.1961,9.3999,36.6025,16.2006,15.6
JA Brooks,T20_Blast,18.0,23.0,4.0,4.0,2.0,9.0,78.26,1.0,0.0,4.35,33.0,665.0,941.0,34.0,34.0,110.83,8.49,28.52,20.15,0.97,33.33,1.0,1.0,9.59,1.6,1,1,1.0,1,Bowler,0.12,13.8828,54.5151,54.5151,34.0,0.5152,28.0862,76.542,40.2002,44.86
JA Burns,BBL,1286.0,1076.0,64.0,64.0,52.0,24.73,119.52,90.0,46.0,12.64,3.0,48.0,59.0,7.0,7.0,8.0,7.38,19.67,16.0,0.43,102.56,40.0,20.0,38.82,0.0,1,1,1.0,1,Batsman,9.14,32.6028,50.8496,32.6028,64.0,0.7619,24.8401,38.9255,28.3614,45.92
JA Chohan,T20_Blast,74.0,53.0,9.0,9.0,6.0,12.33,139.62,5.0,4.0,16.98,22.0,389.0,510.0,21.0,21.0,64.83,7.87,23.18,17.68,1.05,139.62,12.33,8.22,7.87,1.05,1,1,1.0,1,Bowler,0.43,29.07,53.6397,53.6397,21.0,0.3182,17.0682,63.5577,28.6906,30.83
JA Foo,CPL,111.0,77.0,10.0,10.0,8.0,13.88,144.16,8.0,6.0,18.18,0.0,6.0,16.0,1.0,1.0,1.0,16.0,203.5,118.8,0.0,0.0,0.0,0.0,38.82,0.0,1,1,1.0,0,Batsman,10.0,30.8804,19.1315,30.8804,10.0,0.1389,4.2893,0.0,3.217,3.23
JA Haynes,T20_Blast,982.0,710.0,45.0,45.0,44.0,22.32,138.31,94.0,38.0,18.59,0.0,0.0,0.0,0.0,0.0,0.0,58.23,203.5,118.8,0.0,139.11,23.17,22.53,38.82,0.0,1,0,1.0,0,Batsman,45.0,36.0122,0.0,36.0122,45.0,0.6818,24.5531,36.8135,27.6182,44.66
JA Leaning,T20_Blast,1881.0,1431.0,90.0,90.0,68.0,27.66,131.45,124.0,73.0,13.77,23.0,408.0,517.0,33.0,33.0,68.0,7.6,22.48,17.74,0.7,121.47,22.35,16.56,7.81,0.71,1,1,1.0,1,All-Rounder,2.73,37.5654,54.1886,42.0254,90.0,1.0,42.0254,42.7512,42.2068,63.75
JA Morkel,IPL,975.0,687.0,67.0,67.0,40.0,24.38,141.92,61.0,55.0,16.89,85.0,1723.0,2359.0,87.0,87.0,287.17,8.21,27.75,20.27,0.98,0.0,0.0,0.0,38.82,0.0,1,1,1.0,1,All-Rounder,0.77,36.3918,65.0337,52.5716,87.0,0.8529,44.8383,0.0,33.6287,49.65
JA Porter,T20_Blast,5.0,7.0,5.0,5.0,1.0,5.0,71.43,0.0,0.0,0.0,19.0,422.0,634.0,24.0,24.0,70.33,9.01,33.37,22.21,0.79,0.0,0.0,0.0,38.82,0.0,1,1,1.0,1,Bowler,0.21,9.5158,50.6719,50.6719,24.0,0.3636,18.4243,0.0,13.8182,12.69
JA Prestwidge,BBL,149.0,124.0,14.0,14.0,10.0,14.9,120.16,11.0,8.0,15.32,17.0,356.0,494.0,23.0,23.0,59.33,8.33,29.06,20.94,0.74,200.0,10.0,10.0,10.97,0.0,1,1,1.0,1,Bowler,0.61,26.9178,51.4855,51.4855,23.0,0.2738,14.0967,31.5402,18.4576,18.35
JA Richardson,BBL,282.0,230.0,34.0,34.0,18.0,15.67,122.61,18.0,12.0,13.04,102.0,1631.0,2104.0,73.0,73.0,271.83,7.74,20.63,15.99,1.4,85.29,7.25,5.8,7.96,1.53,1,1,1.0,1,Bowler,0.47,26.8579,69.6916,69.6916,73.0,0.869,60.562,76.4875,64.5434,74.55
JA Rudolph,T20_Blast,1657.0,1357.0,52.0,52.0,39.0,42.49,122.11,184.0,16.0,14.74,3.0,144.0,185.0,15.0,15.0,24.0,7.71,61.67,48.0,0.2,0.0,0.0,0.0,38.82,0.0,1,1,1.0,1,Batsman,3.47,41.3467,45.3626,41.3467,52.0,0.7879,32.5771,0.0,24.4328,39.25
JA Simpson,T20_Blast,2374.0,1824.0,127.0,127.0,104.0,22.83,130.15,159.0,90.0,13.65,0.0,0.0,0.0,0.0,0.0,0.0,58.23,203.5,118.8,0.0,123.98,16.2,14.73,38.82,0.0,1,0,1.0,0,Wicketkeeper-Batsman,127.0,37.1737,0.0,40.8911,127.0,1.0,40.8911,27.6092,37.5706,63.59
JA Sinclair,CPL,45.0,36.0,6.0,6.0,1.0,45.0,125.0,4.0,2.0,16.67,9.0,204.0,270.0,14.0,14.0,34.0,7.94,30.0,22.67,0.64,125.0,45.0,7.5,7.94,0.64,1,1,1.0,1,Bowler,0.43,38.4783,50.1958,50.1958,14.0,0.1944,9.7581,52.3472,20.4054,20.72
JA Tattersall,T20_Blast,500.0,405.0,34.0,34.0,24.0,20.83,123.46,41.0,6.0,11.6,0.0,0.0,0.0,0.0,0.0,0.0,58.23,203.5,118.8,0.0,122.03,18.0,14.4,38.82,0.0,1,0,1.0,0,Wicketkeeper-Batsman,34.0,28.7981,0.0,31.6779,34.0,0.5152,16.3205,27.9819,19.2358,30.97
JA Thompson,T20_Blast,898.0,566.0,60.0,60.0,42.0,21.38,158.66,45.0,67.0,19.79,91.0,1418.0,2243.0,75.0,75.0,236.33,9.49,24.65,15.58,1.21,151.74,21.86,15.52,9.7,1.42,1,1,1.0,1,All-Rounder,0.8,38.6124,65.3158,53.4488,75.0,1.0,53.4488,52.3117,53.1645,81.76
JA Turner,T20_Blast,7.0,10.0,4.0,4.0,0.0,7.0,70.0,0.0,0.0,0.0,36.0,430.0,577.0,21.0,21.0,71.67,8.05,16.03,11.94,1.71,70.0,7.0,1.75,8.05,1.71,1,1,0.0,1,Bowler,0.19,10.0432,57.0713,57.0713,21.0,0.3182,18.1601,81.2725,33.9382,37.23
JAR Harris,T20_Blast,68.0,78.0,12.0,12.0,8.0,8.5,87.18,6.0,0.0,7.69,24.0,566.0,929.0,31.0,31.0,94.33,9.85,38.71,23.58,0.77,50.0,4.0,2.0,11.6,0.0,1,1,1.0,1,Bowler,0.39,16.5755,50.1583,50.1583,31.0,0.4697,23.5594,30.8267,25.3762,26.79
JB Cracknell,T20_Blast,1093.0,823.0,51.0,51.0,48.0,22.77,132.81,121.0,34.0,18.83,0.0,0.0,0.0,0.0,0.0,0.0,58.23,203.5,118.8,0.0,128.79,20.88,19.14,38.82,0.0,1,0,1.0,0,Batsman,51.0,35.9174,0.0,35.9174,51.0,0.7727,27.7534,32.7744,29.0086,47.02
JB Lintott,T20_Blast,189.0,181.0,25.0,25.0,19.0,9.95,104.42,11.0,7.0,9.94,80.0,1364.0,1770.0,67.0,67.0,227.33,7.79,22.12,17.05,1.19,100.0,9.25,7.4,8.39,1.19,1,1,1.0,1,Bowler,0.37,20.7467,65.1663,65.1663,67.0,1.0,65.1663,66.7698,65.5672,75.8
JC Archer,BBL,61.0,43.0,8.0,8.0,3.0,20.33,141.86,2.0,2.0,9.3,34.0,615.0,792.0,27.0,27.0,102.5,7.73,23.29,18.09,1.26,0.0,0.0,0.0,38.82,0.0,1,1,1.0,1,Bowler,0.3,28.5605,56.1065,56.1065,27.0,0.3214,18.0326,0.0,13.5244,12.33
JC Archer,IPL,199.0,128.0,23.0,23.0,13.0,15.31,155.47,11.0,14.0,19.53,48.0,947.0,1169.0,40.0,40.0,157.83,7.41,24.35,19.73,1.2,100.0,4.0,2.0,9.5,0.4,1,1,1.0,1,All-Rounder,0.57,33.754,59.0254,49.7988,40.0,0.3922,19.5311,28.1853,21.6946,30.03
JC Archer,T20_Blast,184.0,139.0,19.0,19.0,11.0,16.73,132.37,16.0,5.0,15.11,46.0,748.0,1030.0,34.0,34.0,124.67,8.26,22.39,16.26,1.35,0.0,0.0,0.0,5.71,2.0,1,1,1.0,1,Bowler,0.56,29.1558,58.0328,58.0328,34.0,0.5152,29.8985,91.7958,45.3728,51.17
JC Buttler,BBL,605.0,429.0,18.0,18.0,18.0,33.61,141.03,54.0,26.0,18.65,0.0,0.0,0.0,0.0,0.0,0.0,58.23,203.5,118.8,0.0,0.0,0.0,0.0,38.82,0.0,1,0,1.0,0,Wicketkeeper-Batsman,18.0,39.2026,0.0,43.1229,18.0,0.2143,9.2412,0.0,6.9309,9.09
JC Buttler,IPL,3583.0,2430.0,106.0,106.0,95.0,37.72,147.45,356.0,161.0,21.28,0.0,0.0,0.0,0.0,0.0,0.0,58.23,203.5,118.8,0.0,144.62,42.47,38.43,38.82,0.0,1,0,1.0,0,Wicketkeeper-Batsman,106.0,52.0034,0.0,57.2037,106.0,1.0,57.2037,55.352,56.7408,97.69
JC Buttler,T20_Blast,1559.0,1018.0,50.0,50.0,42.0,37.12,153.14,117.0,71.0,18.47,0.0,0.0,0.0,0.0,0.0,0.0,58.23,203.5,118.8,0.0,146.3,34.18,34.18,38.82,0.0,1,0,1.0,0,Wicketkeeper-Batsman,50.0,44.9021,0.0,49.3923,50.0,0.7576,37.4196,49.3697,40.4071,68.63
JC Hildreth,T20_Blast,1754.0,1319.0,79.0,79.0,64.0,27.41,132.98,160.0,49.0,15.85,0.0,0.0,0.0,0.0,0.0,0.0,58.23,203.5,118.8,0.0,0.0,0.0,0.0,38.82,0.0,1,0,1.0,0,Batsman,79.0,38.2495,0.0,38.2495,79.0,1.0,38.2495,0.0,28.6871,46.47
JC Silk,BBL,2394.0,1905.0,108.0,108.0,75.0,31.92,125.67,177.0,44.0,11.6,0.0,0.0,0.0,0.0,0.0,0.0,58.23,203.5,118.8,0.0,128.74,37.4,23.38,38.82,0.0,1,0,1.0,0,Batsman,108.0,38.9093,0.0,38.9093,108.0,1.0,38.9093,42.3797,39.7769,65.3
JC Tongue,T20_Blast,4.0,4.0,3.0,3.0,1.0,4.0,100.0,0.0,0.0,0.0,8.0,174.0,272.0,10.0,10.0,29.0,9.38,34.0,21.75,0.8,50.0,1.0,1.0,10.9,1.33,1,1,1.0,1,Bowler,0.3,12.858,48.0811,48.0811,10.0,0.1515,7.2843,67.7281,22.3952,23.15
JC Tredwell,T20_Blast,106.0,112.0,20.0,20.0,11.0,9.64,94.64,7.0,1.0,7.14,30.0,909.0,1186.0,43.0,43.0,151.5,7.83,39.53,30.3,0.7,0.0,0.0,0.0,38.82,0.0,1,1,1.0,1,Bowler,0.47,17.8056,53.2317,53.2317,43.0,0.6515,34.6805,0.0,26.0104,27.56
JD Cook,BBL,21.0,22.0,5.0,5.0,2.0,10.5,95.45,1.0,0.0,4.55,24.0,474.0,600.0,24.0,24.0,79.0,7.59,25.0,19.75,1.0,0.0,0.0,0.0,38.82,0.0,1,1,1.0,1,Bowler,0.21,16.7404,54.0841,54.0841,24.0,0.2857,15.4518,0.0,11.5889,9.97
JD Libby,T20_Blast,1167.0,945.0,47.0,47.0,39.0,29.92,123.49,94.0,13.0,11.32,1.0,54.0,77.0,6.0,6.0,9.0,8.56,77.0,54.0,0.17,112.24,16.5,15.0,38.82,0.0,1,1,1.0,1,Batsman,7.83,33.9621,42.246,33.9621,47.0,0.7121,24.1844,26.8029,24.839,39.94
JD Ryder,IPL,604.0,458.0,29.0,29.0,28.0,21.57,131.88,69.0,19.0,19.21,8.0,236.0,303.0,16.0,16.0,39.33,7.7,37.88,29.5,0.5,0.0,0.0,0.0,38.82,0.0,1,1,1.0,1,Batsman,1.81,34.0249,49.2707,34.0249,29.0,0.2843,9.6733,0.0,7.255,10.09
JD Ryder,T20_Blast,855.0,548.0,37.0,37.0,35.0,24.43,156.02,110.0,32.0,25.91,8.0,131.0,196.0,8.0,8.0,21.83,8.98,24.5,16.38,1.0,0.0,0.0,0.0,38.82,0.0,1,1,1.0,1,Batsman,4.62,42.0693,49.6449,42.0693,37.0,0.5606,23.584,0.0,17.688,27.8
JD Shantry,T20_Blast,59.0,56.0,12.0,12.0,8.0,7.38,105.36,3.0,3.0,10.71,37.0,936.0,1353.0,43.0,43.0,156.0,8.67,36.57,25.3,0.86,0.0,0.0,0.0,38.82,0.0,1,1,1.0,1,Bowler,0.28,19.9146,54.1281,54.1281,43.0,0.6515,35.2645,0.0,26.4484,28.09
JD Unadkat,IPL,197.0,166.0,27.0,27.0,16.0,12.31,118.67,16.0,7.0,13.86,99.0,2131.0,3189.0,104.0,104.0,355.17,8.98,32.21,21.53,0.95,131.43,13.14,8.36,10.16,0.74,1,1,1.0,1,Bowler,0.26,25.2788,66.4539,66.4539,104.0,1.0,66.4539,52.548,62.9774,72.64
JD Wildermuth,BBL,290.0,242.0,30.0,30.0,28.0,10.36,119.83,10.0,17.0,11.16,41.0,1003.0,1370.0,52.0,52.0,167.17,8.2,33.41,24.46,0.79,0.0,0.0,0.0,38.82,0.0,1,1,1.0,1,All-Rounder,0.58,23.7707,55.763,44.057,52.0,0.619,27.2713,0.0,20.4535,27.99
JDM Evison,T20_Blast,235.0,187.0,16.0,16.0,9.0,26.11,125.67,21.0,6.0,14.44,10.0,246.0,394.0,17.0,17.0,41.0,9.61,39.4,24.6,0.59,125.67,26.11,14.69,9.61,0.59,1,1,1.0,1,Batsman,0.94,31.4471,47.5799,31.4471,17.0,0.2576,8.1008,31.9288,14.0578,21.63
JDP Oram,IPL,106.0,108.0,11.0,11.0,8.0,13.25,98.15,6.0,5.0,10.19,9.0,237.0,349.0,14.0,14.0,39.5,8.84,38.78,26.33,0.64,0.0,0.0,0.0,38.82,0.0,1,1,1.0,1,Bowler,0.79,20.958,48.2246,48.2246,14.0,0.1373,6.6212,0.0,4.9659,1.89
JDS Neesham,CPL,198.0,172.0,14.0,14.0,9.0,22.0,115.12,17.0,5.0,12.79,19.0,293.0,494.0,18.0,18.0,48.83,10.12,26.0,15.42,1.06,0.0,0.0,0.0,38.82,0.0,1,1,1.0,1,Bowler,0.78,27.7447,50.4764,50.4764,18.0,0.25,12.6191,0.0,9.4643,7.38
JDS Neesham,IPL,92.0,93.0,10.0,10.0,9.0,10.22,98.92,6.0,2.0,8.6,8.0,216.0,334.0,13.0,13.0,36.0,9.28,41.75,27.0,0.62,114.81,15.5,15.5,9.67,0.0,1,1,1.0,1,Bowler,0.77,19.2021,47.2282,47.2282,13.0,0.1275,6.0216,33.0124,12.7693,11.41
JDS Neesham,T20_Blast,981.0,678.0,47.0,47.0,36.0,27.25,144.69,75.0,43.0,17.4,49.0,987.0,1562.0,54.0,54.0,164.5,9.5,31.88,20.14,0.91,168.1,39.0,26.0,10.25,0.94,1,1,1.0,1,All-Rounder,0.87,38.0205,56.2226,47.7532,54.0,0.8182,39.0717,53.1239,42.5848,64.37
JE Burke,T20_Blast,30.0,42.0,8.0,8.0,7.0,4.29,71.43,1.0,0.0,2.38,10.0,147.0,225.0,10.0,10.0,24.5,9.18,22.5,14.7,1.0,0.0,0.0,0.0,38.82,0.0,1,1,1.0,1,Bowler,0.8,10.4537,50.0825,50.0825,10.0,0.1515,7.5875,0.0,5.6906,2.78
JE Poysden,T20_Blast,13.0,11.0,7.0,7.0,2.0,6.5,118.18,1.0,0.0,9.09,23.0,550.0,721.0,29.0,29.0,91.67,7.87,31.35,23.91,0.79,0.0,0.0,0.0,38.82,0.0,1,1,1.0,1,Bowler,0.24,20.3639,52.8311,52.8311,29.0,0.4394,23.214,0.0,17.4105,17.07
JE Root,T20_Blast,850.0,624.0,26.0,26.0,19.0,44.74,136.22,85.0,15.0,16.03,14.0,252.0,330.0,17.0,17.0,42.0,7.86,23.57,18.0,0.82,126.0,31.5,22.91,8.67,0.8,1,1,1.0,1,Batsman,1.53,42.0519,52.0407,42.0519,26.0,0.3939,16.5642,39.3389,22.2579,35.56
JE Taylor,CPL,85.0,84.0,16.0,16.0,8.0,10.62,101.19,5.0,5.0,11.9,42.0,889.0,1290.0,41.0,41.0,148.17,8.71,30.71,21.17,1.02,0.0,0.0,0.0,38.82,0.0,1,1,1.0,1,Bowler,0.39,21.1553,55.784,55.784,41.0,0.5694,31.7634,0.0,23.8226,24.89
JE Taylor,T20_Blast,39.0,27.0,6.0,6.0,1.0,39.0,144.44,5.0,1.0,22.22,36.0,509.0,781.0,24.0,24.0,84.83,9.21,21.69,14.14,1.5,0.0,0.0,0.0,38.82,0.0,1,1,1.0,1,Bowler,0.25,41.4473,55.2255,55.2255,24.0,0.3636,20.08,0.0,15.06,14.2
JEC Franklin,IPL,327.0,301.0,16.0,16.0,11.0,29.73,108.64,25.0,9.0,11.3,9.0,151.0,220.0,15.0,15.0,25.17,8.74,24.44,16.78,0.6,0.0,0.0,0.0,38.82,0.0,1,1,1.0,1,Batsman,1.07,29.3426,50.0855,29.3426,16.0,0.1569,4.6039,0.0,3.4529,3.63
JEC Franklin,T20_Blast,631.0,527.0,48.0,48.0,36.0,17.53,119.73,34.0,25.0,11.2,25.0,463.0,701.0,36.0,36.0,77.17,9.08,28.04,18.52,0.69,0.0,0.0,0.0,38.82,0.0,1,1,1.0,1,All-Rounder,1.33,27.3721,52.4279,38.111,48.0,0.7273,27.7181,0.0,20.7886,28.54
JG Bethell,T20_Blast,560.0,397.0,30.0,30.0,24.0,23.33,141.06,37.0,30.0,16.88,7.0,142.0,182.0,13.0,13.0,23.67,7.69,26.0,20.29,0.54,143.08,24.91,20.3,6.85,0.7,1,1,1.0,1,Batsman,2.31,34.6102,50.5449,34.6102,30.0,0.4545,15.7303,36.5364,20.9318,33.3
JG Myburgh,T20_Blast,1087.0,737.0,43.0,43.0,38.0,28.61,147.49,123.0,37.0,21.71,1.0,42.0,49.0,6.0,6.0,7.0,7.0,49.0,42.0,0.17,0.0,0.0,0.0,38.82,0.0,1,1,1.0,1,Batsman,7.17,41.2051,47.233,41.2051,43.0,0.6515,26.8451,0.0,20.1338,31.95
JH Davey,T20_Blast,162.0,118.0,20.0,20.0,4.0,40.5,137.29,15.0,4.0,16.1,73.0,938.0,1416.0,49.0,49.0,156.33,9.06,19.4,12.85,1.49,133.96,71.0,8.88,8.71,1.37,1,1,1.0,1,Bowler,0.41,38.5793,62.8751,62.8751,49.0,0.7424,46.6785,71.2943,52.8325,60.27
JH Kallis,BBL,343.0,275.0,12.0,12.0,10.0,34.3,124.73,32.0,13.0,16.36,6.0,198.0,237.0,11.0,11.0,33.0,7.18,39.5,33.0,0.55,0.0,0.0,0.0,38.82,0.0,1,1,1.0,1,Batsman,1.09,35.4502,49.1972,35.4502,12.0,0.1429,5.0658,0.0,3.7994,4.22
JH Kallis,CPL,304.0,268.0,13.0,13.0,11.0,27.64,113.43,35.0,7.0,15.67,9.0,171.0,184.0,11.0,11.0,28.5,6.46,20.44,19.0,0.82,0.0,0.0,0.0,38.82,0.0,1,1,1.0,1,Batsman,1.18,31.1921,52.8381,31.1921,13.0,0.1806,5.6333,0.0,4.225,4.94
JH Kallis,IPL,2427.0,2222.0,95.0,95.0,85.0,28.55,109.23,255.0,44.0,13.46,65.0,1742.0,2293.0,89.0,89.0,290.33,7.9,35.28,26.8,0.73,0.0,0.0,0.0,38.82,0.0,1,1,1.0,1,All-Rounder,1.07,36.5621,60.5137,48.1475,95.0,0.9314,44.8446,0.0,33.6334,49.65
JH Plom,T20_Blast,38.0,38.0,9.0,9.0,5.0,7.6,100.0,2.0,2.0,10.53,16.0,244.0,391.0,13.0,13.0,40.67,9.61,24.44,15.25,1.23,0.0,0.0,0.0,38.82,0.0,1,1,1.0,1,Bowler,0.69,19.1489,50.5885,50.5885,13.0,0.197,9.9659,0.0,7.4744,4.95
JH Wharton,T20_Blast,289.0,217.0,14.0,14.0,13.0,22.23,133.18,34.0,8.0,19.35,0.0,0.0,0.0,0.0,0.0,0.0,58.23,203.5,118.8,0.0,139.9,25.18,23.08,38.82,0.0,1,0,1.0,0,Batsman,14.0,33.5088,0.0,33.5088,14.0,0.2121,7.1072,38.078,14.8499,22.98
JHK Adams,T20_Blast,646.0,462.0,31.0,31.0,29.0,22.28,139.83,65.0,21.0,18.61,0.0,0.0,0.0,0.0,0.0,0.0,58.23,203.5,118.8,0.0,0.0,0.0,0.0,38.82,0.0,1,0,1.0,0,Batsman,31.0,35.1558,0.0,35.1558,31.0,0.4697,16.5127,0.0,12.3845,18.79
JJ Bazley,BBL,442.0,341.0,41.0,41.0,30.0,14.73,129.62,30.0,21.0,14.96,33.0,691.0,1008.0,39.0,39.0,115.17,8.75,30.55,20.94,0.85,126.97,12.56,9.83,9.32,0.82,1,1,1.0,1,All-Rounder,1.05,28.8285,54.0078,41.1034,41.0,0.4881,20.0626,39.4908,24.9196,35.33
JJ Bohannon,T20_Blast,217.0,205.0,25.0,25.0,21.0,10.33,105.85,19.0,4.0,11.22,0.0,0.0,0.0,0.0,0.0,0.0,58.23,203.5,118.8,0.0,111.7,8.75,8.75,38.82,0.0,1,0,1.0,0,Batsman,25.0,21.7506,0.0,21.7506,25.0,0.3788,8.2391,19.5991,11.0791,16.58
JJ Bumrah,IPL,68.0,78.0,26.0,26.0,7.0,9.71,87.18,5.0,1.0,7.69,168.0,3075.0,3743.0,133.0,133.0,512.5,7.3,22.28,18.3,1.26,60.0,6.0,1.5,6.84,1.3,1,1,1.0,1,Bowler,0.2,17.0028,82.8034,82.8034,133.0,1.0,82.8034,71.5116,79.9804,93.38
JJ Carson,T20_Blast,68.0,58.0,5.0,5.0,3.0,22.67,117.24,2.0,4.0,10.34,10.0,108.0,176.0,12.0,12.0,18.0,9.78,17.6,10.8,0.83,117.24,22.67,13.6,9.78,0.83,1,1,1.0,1,Bowler,0.42,26.7069,50.0894,50.0894,12.0,0.1818,9.1063,55.4218,20.6852,21.06
JJ Cobb,T20_Blast,3073.0,2299.0,119.0,119.0,111.0,27.68,133.67,278.0,134.0,17.92,49.0,1320.0,1686.0,100.0,100.0,220.0,7.66,34.41,26.94,0.49,138.25,22.93,22.17,7.85,0.52,1,1,1.0,1,All-Rounder,1.19,43.5153,57.7366,50.0087,119.0,1.0,50.0087,42.7996,48.2064,73.61
JJ Peirson,BBL,1794.0,1480.0,103.0,103.0,81.0,22.15,121.22,154.0,42.0,13.24,0.0,0.0,0.0,0.0,0.0,0.0,58.23,203.5,118.8,0.0,113.19,24.52,20.6,38.82,0.0,1,0,1.0,0,Wicketkeeper-Batsman,103.0,33.7767,0.0,37.1544,103.0,1.0,37.1544,33.7557,36.3047,61.34
JJ Roy,BBL,523.0,396.0,24.0,24.0,22.0,23.77,132.07,63.0,14.0,19.44,0.0,0.0,0.0,0.0,0.0,0.0,58.23,203.5,118.8,0.0,0.0,0.0,0.0,38.82,0.0,1,0,1.0,0,Batsman,24.0,34.681,0.0,34.681,24.0,0.2857,9.9084,0.0,7.4313,10.39
JJ Roy,IPL,614.0,443.0,21.0,21.0,19.0,32.32,138.6,75.0,21.0,21.67,0.0,0.0,0.0,0.0,0.0,0.0,58.23,203.5,118.8,0.0,151.6,35.62,35.62,38.82,0.0,1,0,1.0,0,Batsman,21.0,39.8699,0.0,39.8699,21.0,0.2059,8.2092,51.3687,18.9991,30.02
JJ Roy,PSL,1260.0,860.0,38.0,38.0,35.0,36.0,146.51,149.0,45.0,22.56,0.0,0.0,0.0,0.0,0.0,0.0,58.23,203.5,118.8,0.0,158.93,36.41,34.83,38.82,0.0,1,0,1.0,0,Batsman,38.0,44.624,0.0,44.624,38.0,0.7037,31.4019,51.8992,36.5262,59.78
JJ Roy,T20_Blast,2740.0,1781.0,80.0,80.0,78.0,35.13,153.85,316.0,95.0,23.08,0.0,6.0,16.0,1.0,1.0,1.0,16.0,203.5,118.8,0.0,141.95,29.06,29.06,38.82,0.0,1,1,1.0,0,Batsman,80.0,50.1271,19.1315,50.1271,80.0,1.0,50.1271,43.6211,48.5006,80.11
JJ Weatherley,T20_Blast,1771.0,1368.0,71.0,71.0,60.0,29.52,129.46,152.0,46.0,14.47,0.0,6.0,9.0,1.0,1.0,1.0,9.0,203.5,118.8,0.0,128.68,34.16,26.48,38.82,0.0,1,1,1.0,0,Batsman,71.0,37.948,26.074,37.948,71.0,1.0,37.948,42.9298,39.1934,64.31
JJS Sangha,BBL,836.0,690.0,32.0,32.0,26.0,32.15,121.16,65.0,21.0,12.46,5.0,89.0,129.0,12.0,12.0,14.83,8.7,25.8,17.8,0.42,113.3,23.67,21.3,9.11,0.2,1,1,1.0,1,Batsman,2.67,33.9472,49.1776,33.9472,32.0,0.381,12.9339,33.8415,18.1608,28.6
JK Fuller,T20_Blast,1354.0,939.0,85.0,85.0,59.0,22.95,144.2,80.0,67.0,15.65,88.0,1608.0,2401.0,87.0,87.0,268.0,8.96,27.28,18.27,1.01,151.63,25.36,18.0,8.47,1.03,1,1,1.0,1,All-Rounder,0.98,36.7858,64.933,51.0227,87.0,1.0,51.0227,49.2178,50.5715,77.5
JK Lalor,BBL,116.0,141.0,27.0,27.0,18.0,6.44,82.27,9.0,1.0,7.09,64.0,1236.0,1737.0,59.0,59.0,206.0,8.43,27.14,19.31,1.08,0.0,0.0,0.0,38.82,0.0,1,1,1.0,1,Bowler,0.46,15.0823,60.7929,60.7929,59.0,0.7024,42.7009,0.0,32.0257,34.89
JKH Naik,T20_Blast,52.0,56.0,8.0,8.0,3.0,17.33,92.86,2.0,1.0,5.36,29.0,612.0,724.0,31.0,31.0,102.0,7.1,24.97,21.1,0.94,0.0,0.0,0.0,38.82,0.0,1,1,1.0,1,Bowler,0.26,19.2915,55.5493,55.5493,31.0,0.4697,26.0915,0.0,19.5686,19.7
JL Carter,CPL,725.0,680.0,46.0,46.0,39.0,18.59,106.62,49.0,31.0,11.76,4.0,143.0,229.0,12.0,12.0,23.83,9.61,57.25,35.75,0.33,0.0,0.0,0.0,38.82,0.0,1,1,1.0,1,Batsman,3.83,26.6039,44.2163,26.6039,46.0,0.6389,16.9972,0.0,12.7479,19.41
JL Denly,BBL,506.0,451.0,23.0,23.0,20.0,25.3,112.2,44.0,14.0,12.86,2.0,90.0,115.0,9.0,9.0,15.0,7.67,57.5,45.0,0.22,0.0,0.0,0.0,38.82,0.0,1,1,1.0,1,Batsman,2.56,29.5256,45.7194,29.5256,23.0,0.2738,8.0841,0.0,6.0631,8.06
JL Denly,PSL,354.0,287.0,13.0,13.0,12.0,29.5,123.34,42.0,11.0,18.47,0.0,12.0,15.0,1.0,1.0,2.0,7.5,203.5,118.8,0.0,0.0,0.0,0.0,38.82,0.0,1,1,1.0,0,Batsman,13.0,34.5943,27.5616,34.5943,13.0,0.2407,8.3268,0.0,6.2451,8.37
JL Denly,T20_Blast,3159.0,2297.0,115.0,115.0,109.0,28.98,137.53,296.0,113.0,17.81,39.0,743.0,997.0,49.0,49.0,123.83,8.05,25.56,19.05,0.8,135.33,33.93,30.65,9.73,0.21,1,1,1.0,1,All-Rounder,2.35,44.691,56.4859,48.2153,115.0,1.0,48.2153,42.3452,46.7478,71.21
JL Jaggesar,CPL,22.0,27.0,7.0,7.0,0.0,22.0,81.48,2.0,0.0,7.41,17.0,390.0,500.0,19.0,19.0,65.0,7.69,29.41,22.94,0.89,100.0,10.0,10.0,11.2,0.5,1,1,0.0,1,Bowler,0.37,20.3304,52.0772,52.0772,19.0,0.2639,13.7432,44.8544,21.521,22.08
JL Pattinson,BBL,87.0,81.0,17.0,17.0,15.0,5.8,107.41,3.0,5.0,9.88,35.0,643.0,920.0,31.0,31.0,107.17,8.58,26.29,18.37,1.13,0.0,0.0,0.0,38.82,0.0,1,1,1.0,1,Bowler,0.55,19.3221,55.0901,55.0901,31.0,0.369,20.3282,0.0,15.2462,14.43
JL Pattinson,IPL,15.0,13.0,2.0,2.0,1.0,15.0,115.38,2.0,0.0,15.38,11.0,213.0,320.0,10.0,10.0,35.5,9.01,29.09,19.36,1.1,0.0,0.0,0.0,38.82,0.0,1,1,1.0,1,Bowler,0.2,25.9443,49.6367,49.6367,10.0,0.098,4.8644,0.0,3.6483,0.29
JL Smith,T20_Blast,965.0,716.0,46.0,46.0,36.0,26.81,134.78,75.0,35.0,15.36,0.0,0.0,0.0,0.0,0.0,0.0,58.23,203.5,118.8,0.0,150.92,24.87,21.19,38.82,0.0,1,0,1.0,0,Wicketkeeper-Batsman,46.0,35.5804,0.0,39.1384,46.0,0.697,27.2795,37.807,29.9114,49.96
JL du Plooy,T20_Blast,1624.0,1150.0,67.0,67.0,52.0,31.23,141.22,122.0,60.0,15.83,1.0,32.0,74.0,5.0,5.0,5.33,13.88,74.0,32.0,0.2,150.97,28.85,22.26,12.0,0.0,1,1,1.0,1,Batsman,13.4,40.2501,37.3383,40.2501,67.0,1.0,40.2501,40.157,40.2268,66.06
JLB Davies,T20_Blast,640.0,521.0,35.0,35.0,31.0,20.65,122.84,55.0,18.0,14.01,0.0,0.0,0.0,0.0,0.0,0.0,58.23,203.5,118.8,0.0,124.37,21.93,19.1,38.82,0.0,1,0,1.0,0,Wicketkeeper-Batsman,35.0,30.2157,0.0,33.2373,35.0,0.5303,17.6257,32.7787,21.414,34.85
JM Bairstow,IPL,1589.0,1100.0,50.0,50.0,46.0,34.54,144.45,166.0,69.0,21.36,0.0,0.0,0.0,0.0,0.0,0.0,58.23,203.5,118.8,0.0,148.92,26.24,25.05,38.82,0.0,1,0,1.0,0,Wicketkeeper-Batsman,50.0,44.3083,0.0,48.7391,50.0,0.4902,23.8919,40.5942,28.0675,46.68
JM Bairstow,T20_Blast,1001.0,686.0,30.0,30.0,24.0,41.71,145.92,75.0,46.0,17.64,0.0,0.0,0.0,0.0,0.0,0.0,58.23,203.5,118.8,0.0,116.67,7.0,7.0,38.82,0.0,1,0,1.0,0,Wicketkeeper-Batsman,30.0,43.46,0.0,47.806,30.0,0.4545,21.7278,18.2396,20.8557,33.86
JM Bird,BBL,90.0,105.0,24.0,24.0,10.0,9.0,85.71,5.0,0.0,4.76,84.0,1725.0,2124.0,84.0,84.0,287.5,7.39,25.29,20.54,1.0,100.0,14.5,5.8,7.36,1.6,1,1,1.0,1,Bowler,0.29,15.2632,65.9541,65.9541,84.0,1.0,65.9541,79.0674,69.2324,80.27
JM Blatherwick,T20_Blast,43.0,24.0,5.0,5.0,2.0,21.5,179.17,1.0,3.0,16.67,13.0,196.0,319.0,13.0,13.0,32.67,9.76,24.54,15.08,1.0,179.17,21.5,8.6,9.76,1.0,1,1,1.0,1,Bowler,0.38,37.1864,49.842,49.842,13.0,0.197,9.8189,60.0598,22.3791,23.13
JM Clarke,BBL,987.0,737.0,37.0,37.0,35.0,28.2,133.92,82.0,41.0,16.69,0.0,0.0,0.0,0.0,0.0,0.0,58.23,203.5,118.8,0.0,120.18,27.58,24.95,38.82,0.0,1,0,1.0,0,Wicketkeeper-Batsman,37.0,36.6491,0.0,40.314,37.0,0.4405,17.7583,38.4038,22.9197,37.53
JM Clarke,PSL,295.0,215.0,12.0,12.0,11.0,26.82,137.21,25.0,13.0,17.67,0.0,0.0,0.0,0.0,0.0,0.0,58.23,203.5,118.8,0.0,119.18,24.86,21.75,38.82,0.0,1,0,1.0,0,Wicketkeeper-Batsman,12.0,34.8861,0.0,38.3747,12.0,0.2222,8.5269,35.1748,15.1889,23.78
JM Clarke,T20_Blast,3074.0,1986.0,115.0,115.0,108.0,28.46,154.78,330.0,139.0,23.62,0.0,0.0,0.0,0.0,0.0,0.0,58.23,203.5,118.8,0.0,152.93,25.44,24.83,38.82,0.0,1,0,1.0,0,Wicketkeeper-Batsman,115.0,49.1863,0.0,54.1049,115.0,1.0,54.1049,40.4956,50.7026,86.95
JM Coles,T20_Blast,476.0,343.0,24.0,24.0,18.0,26.44,138.78,54.0,6.0,17.49,21.0,396.0,541.0,23.0,23.0,66.0,8.2,25.76,18.86,0.91,138.78,26.44,19.83,8.2,0.91,1,1,1.0,1,All-Rounder,1.04,35.4358,52.8003,43.934,24.0,0.3636,15.9744,47.9355,23.9647,33.76
JM Cox,T20_Blast,1385.0,956.0,57.0,57.0,40.0,34.62,144.87,107.0,52.0,16.63,0.0,0.0,0.0,0.0,0.0,0.0,58.23,203.5,118.8,0.0,152.85,35.4,26.03,38.82,0.0,1,0,1.0,0,Wicketkeeper-Batsman,57.0,41.5473,0.0,45.702,57.0,0.8636,39.4682,45.4401,40.9612,69.62
JM De Caires,T20_Blast,169.0,141.0,15.0,15.0,13.0,13.0,119.86,16.0,5.0,14.89,12.0,224.0,359.0,14.0,14.0,37.33,9.62,29.92,18.67,0.86,115.67,12.92,11.07,9.62,0.86,1,1,1.0,1,Bowler,1.07,26.0698,49.1249,49.1249,15.0,0.2273,11.1661,56.4175,22.4789,23.25
JM Holland,BBL,11.0,16.0,4.0,4.0,2.0,5.5,68.75,0.0,0.0,0.0,9.0,264.0,375.0,15.0,15.0,44.0,8.52,41.67,29.33,0.6,0.0,0.0,0.0,38.82,0.0,1,1,1.0,1,Bowler,0.27,9.3642,48.1869,48.1869,15.0,0.1786,8.6062,0.0,6.4546,3.71
JM Mennie,BBL,18.0,36.0,6.0,6.0,6.0,3.0,50.0,0.0,0.0,0.0,12.0,252.0,411.0,15.0,15.0,42.0,9.79,34.25,21.0,0.8,0.0,0.0,0.0,38.82,0.0,1,1,1.0,1,Bowler,0.4,6.076,48.4243,48.4243,15.0,0.1786,8.6486,0.0,6.4864,3.75
JM Sharma,IPL,730.0,483.0,36.0,36.0,32.0,22.81,151.14,53.0,45.0,20.29,0.0,0.0,0.0,0.0,0.0,0.0,58.23,203.5,118.8,0.0,151.14,22.81,20.28,38.82,0.0,1,0,1.0,0,Wicketkeeper-Batsman,36.0,37.8531,0.0,41.6384,36.0,0.3529,14.6942,36.3926,20.1188,32.54
JM Vince,BBL,2162.0,1640.0,77.0,77.0,68.0,31.79,131.83,218.0,49.0,16.28,0.0,0.0,0.0,0.0,0.0,0.0,58.23,203.5,118.8,0.0,130.32,36.75,30.62,38.82,0.0,1,0,1.0,0,Batsman,77.0,41.1208,0.0,41.1208,77.0,0.9167,37.6954,46.7473,39.9584,65.6
JM Vince,PSL,1122.0,825.0,44.0,44.0,41.0,27.37,136.0,139.0,34.0,20.97,0.0,0.0,0.0,0.0,0.0,0.0,58.23,203.5,118.8,0.0,135.25,27.5,24.75,38.82,0.0,1,0,1.0,0,Batsman,44.0,39.0437,0.0,39.0437,44.0,0.8148,31.8128,39.6586,33.7742,55.11
JM Vince,T20_Blast,4509.0,3202.0,136.0,136.0,119.0,37.89,140.82,539.0,112.0,20.33,2.0,42.0,57.0,4.0,4.0,7.0,8.14,28.5,21.0,0.5,145.76,45.31,37.93,38.82,0.0,1,1,1.0,1,Batsman,34.0,53.6509,48.8159,53.6509,136.0,1.0,53.6509,56.3481,54.3252,89.99
JMR Taylor,T20_Blast,1891.0,1356.0,107.0,107.0,79.0,23.94,139.45,148.0,81.0,16.89,19.0,579.0,808.0,38.0,38.0,96.5,8.37,42.53,30.47,0.5,138.28,25.29,20.23,8.86,0.11,1,1,1.0,1,Batsman,2.82,38.7745,50.1813,38.7745,107.0,1.0,38.7745,36.2035,38.1318,62.5
JN Mohammed,CPL,811.0,774.0,42.0,42.0,31.0,26.16,104.78,54.0,28.0,10.59,0.0,42.0,64.0,3.0,3.0,7.0,9.14,203.5,118.8,0.0,0.0,0.0,0.0,38.82,0.0,1,1,1.0,0,Batsman,14.0,28.761,25.9351,28.761,42.0,0.5833,16.7763,0.0,12.5822,19.13
JNT Seales,CPL,19.0,13.0,4.0,4.0,0.0,19.0,146.15,1.0,1.0,15.38,18.0,378.0,603.0,23.0,23.0,63.0,9.57,33.5,21.0,0.78,150.0,18.0,6.0,10.71,0.55,1,1,0.0,1,Bowler,0.17,31.3523,49.9054,49.9054,23.0,0.3194,15.9398,46.7668,23.6466,24.68
JO Holder,CPL,1164.0,896.0,83.0,83.0,64.0,18.19,129.91,78.0,66.0,16.07,97.0,2063.0,2696.0,100.0,100.0,343.83,7.84,27.79,21.27,0.97,119.17,21.94,14.92,8.59,1.3,1,1,1.0,1,All-Rounder,0.83,32.8584,67.7373,51.9162,100.0,1.0,51.9162,49.6153,51.341,78.76
JO Holder,IPL,259.0,211.0,27.0,27.0,21.0,12.33,122.75,13.0,18.0,14.69,53.0,995.0,1461.0,46.0,46.0,165.83,8.81,27.57,18.77,1.15,127.27,8.75,6.36,9.64,0.9,1,1,1.0,1,All-Rounder,0.59,26.3948,58.2169,46.4459,46.0,0.451,20.9471,38.528,25.3423,36.02
JP Behrendorff,BBL,108.0,103.0,23.0,23.0,9.0,12.0,104.85,7.0,2.0,8.74,140.0,2293.0,2670.0,104.0,104.0,382.17,6.99,19.07,16.38,1.35,100.0,15.0,4.29,7.22,1.64,1,1,1.0,1,Bowler,0.22,20.7135,78.0418,78.0418,104.0,1.0,78.0418,80.312,78.6093,91.7
JP Behrendorff,IPL,6.0,9.0,2.0,2.0,0.0,6.0,66.67,0.0,0.0,0.0,19.0,366.0,552.0,17.0,17.0,61.0,9.05,29.05,19.26,1.12,66.67,6.0,3.0,9.21,1.17,1,1,0.0,1,Bowler,0.12,9.2559,51.1629,51.1629,17.0,0.1667,8.5289,65.2981,22.7212,23.55
JP Behrendorff,T20_Blast,39.0,31.0,5.0,5.0,2.0,19.5,125.81,0.0,4.0,12.9,11.0,283.0,392.0,13.0,13.0,47.17,8.31,35.64,25.73,0.85,131.03,38.0,9.5,8.32,1.0,1,1,1.0,1,Bowler,0.38,27.801,49.5263,49.5263,13.0,0.197,9.7567,61.6906,22.7402,23.57
JP Duminy,CPL,291.0,213.0,12.0,12.0,9.0,32.33,136.62,17.0,15.0,15.02,4.0,70.0,93.0,6.0,6.0,11.67,7.97,23.25,17.5,0.67,0.0,0.0,0.0,38.82,0.0,1,1,1.0,1,Batsman,2.0,35.5062,50.0197,35.5062,12.0,0.1667,5.9189,0.0,4.4392,5.31
JP Duminy,IPL,2029.0,1636.0,75.0,75.0,51.0,39.78,124.02,126.0,79.0,12.53,23.0,678.0,834.0,48.0,48.0,113.0,7.38,36.26,29.48,0.48,0.0,0.0,0.0,38.82,0.0,1,1,1.0,1,All-Rounder,1.56,40.7663,52.7139,45.4283,75.0,0.7353,33.4034,0.0,25.0525,35.55
JP Faulkner,BBL,559.0,497.0,44.0,44.0,25.0,22.36,112.47,24.0,16.0,8.05,80.0,1261.0,1624.0,66.0,66.0,210.17,7.73,20.3,15.76,1.21,0.0,0.0,0.0,38.82,0.0,1,1,1.0,1,All-Rounder,0.67,26.4432,65.4494,49.8469,66.0,0.7857,39.1647,0.0,29.3735,42.65
JP Faulkner,IPL,527.0,390.0,45.0,45.0,26.0,20.27,135.13,36.0,23.0,15.13,61.0,1238.0,1799.0,60.0,60.0,206.33,8.72,29.49,20.3,1.02,0.0,0.0,0.0,38.82,0.0,1,1,1.0,1,All-Rounder,0.75,31.8425,59.6313,47.721,60.0,0.5882,28.0695,0.0,21.0521,28.97
JP Faulkner,PSL,139.0,80.0,8.0,8.0,5.0,27.8,173.75,7.0,10.0,21.25,19.0,264.0,352.0,12.0,12.0,44.0,8.0,18.53,13.89,1.58,181.48,49.0,16.33,9.8,1.0,1,1,1.0,1,Bowler,0.67,41.146,53.4966,53.4966,12.0,0.2222,11.8869,60.0146,23.9188,25.01
JP Faulkner,T20_Blast,461.0,343.0,29.0,29.0,18.0,25.61,134.4,19.0,21.0,11.66,56.0,817.0,982.0,38.0,38.0,136.17,7.21,17.54,14.59,1.47,0.0,0.0,0.0,38.82,0.0,1,1,1.0,1,All-Rounder,0.76,31.8085,61.6213,48.7183,38.0,0.5758,28.052,0.0,21.039,28.95
JP Greaves,CPL,368.0,320.0,16.0,16.0,14.0,26.29,115.0,43.0,6.0,15.31,1.0,12.0,15.0,1.0,1.0,2.0,7.5,15.0,12.0,1.0,122.38,28.56,25.7,7.5,1.0,1,1,1.0,1,Batsman,16.0,30.9503,50.914,30.9503,16.0,0.2222,6.8772,39.4895,15.0303,23.29
JP Inglis,BBL,1800.0,1284.0,72.0,72.0,61.0,29.51,140.19,170.0,56.0,17.6,0.0,0.0,0.0,0.0,0.0,0.0,58.23,203.5,118.8,0.0,138.58,34.38,26.74,38.82,0.0,1,0,1.0,0,Wicketkeeper-Batsman,72.0,40.8845,0.0,44.973,72.0,0.8571,38.5464,44.1122,39.9378,67.8
JP Inglis,T20_Blast,531.0,302.0,14.0,14.0,11.0,48.27,175.83,63.0,24.0,28.81,0.0,0.0,0.0,0.0,0.0,0.0,58.23,203.5,118.8,0.0,0.0,0.0,0.0,38.82,0.0,1,0,1.0,0,Wicketkeeper-Batsman,14.0,53.3942,0.0,58.7336,14.0,0.2121,12.4574,0.0,9.343,13.38
JP McIlroy,T20_Blast,11.0,17.0,8.0,8.0,3.0,3.67,64.71,1.0,0.0,5.88,32.0,518.0,804.0,25.0,25.0,86.33,9.31,25.12,16.19,1.28,64.71,3.67,1.38,9.31,1.28,1,1,1.0,1,Bowler,0.32,10.9388,53.9244,53.9244,25.0,0.3788,20.4266,68.1713,32.3628,35.31
JP Webb,T20_Blast,126.0,117.0,10.0,10.0,10.0,12.6,107.69,16.0,2.0,15.38,0.0,0.0,0.0,0.0,0.0,0.0,58.23,203.5,118.8,0.0,0.0,0.0,0.0,38.82,0.0,1,0,1.0,0,Batsman,10.0,24.4476,0.0,24.4476,10.0,0.1515,3.7038,0.0,2.7778,2.49
JPR Scantlebury-Searles,CPL,178.0,167.0,25.0,25.0,18.0,9.89,106.59,16.0,8.0,14.37,14.0,252.0,419.0,19.0,19.0,42.0,9.98,29.93,18.0,0.74,0.0,0.0,0.0,38.82,0.0,1,1,1.0,1,Bowler,1.32,23.0393,49.1568,49.1568,25.0,0.3472,17.0672,0.0,12.8004,11.45
JR Coleman,BBL,0.0,0.0,0.0,0.0,0.0,0.0,0.0,0.0,0.0,0.0,11.0,152.0,182.0,10.0,10.0,25.33,7.19,16.55,13.82,1.1,0.0,0.0,0.0,38.82,0.0,0,1,0.0,1,Bowler,0.0,0.0,52.9823,52.9823,10.0,0.119,6.3049,0.0,4.7287,1.61
JR Dean,BBL,317.0,237.0,19.0,19.0,16.0,19.81,133.76,19.0,24.0,18.14,0.0,0.0,0.0,0.0,0.0,0.0,58.23,203.5,118.8,0.0,0.0,0.0,0.0,38.82,0.0,1,0,1.0,0,Batsman,19.0,32.2521,0.0,32.2521,19.0,0.2262,7.2954,0.0,5.4716,7.06
JR Hazlewood,BBL,17.0,15.0,4.0,4.0,1.0,17.0,113.33,3.0,0.0,20.0,25.0,402.0,492.0,18.0,18.0,67.0,7.34,19.68,16.08,1.39,0.0,0.0,0.0,38.82,0.0,1,1,1.0,1,Bowler,0.22,28.5472,55.1807,55.1807,18.0,0.2143,11.8252,0.0,8.8689,6.65
JR Hazlewood,IPL,19.0,28.0,6.0,6.0,0.0,19.0,67.86,1.0,0.0,3.57,35.0,603.0,810.0,27.0,27.0,100.5,8.06,23.14,17.23,1.3,67.86,19.0,3.17,8.16,1.53,1,1,0.0,1,Bowler,0.22,15.7067,55.9928,55.9928,27.0,0.2647,14.8213,76.261,30.1812,32.65
JR Hopes,BBL,207.0,190.0,23.0,23.0,17.0,12.18,108.95,24.0,0.0,12.63,20.0,553.0,667.0,28.0,28.0,92.17,7.24,33.35,27.65,0.71,0.0,0.0,0.0,38.82,0.0,1,1,1.0,1,All-Rounder,0.82,23.4319,52.6249,39.4589,28.0,0.3333,13.1517,0.0,9.8638,10.58
JR Hopes,IPL,417.0,306.0,19.0,19.0,16.0,26.06,136.27,49.0,11.0,19.61,14.0,360.0,548.0,20.0,20.0,60.0,9.13,39.14,25.71,0.7,0.0,0.0,0.0,38.82,0.0,1,1,1.0,1,Batsman,0.95,35.7819,48.8684,35.7819,20.0,0.1961,7.0168,0.0,5.2626,6.7
JR Philippe,BBL,2453.0,1789.0,98.0,98.0,88.0,27.88,137.12,237.0,70.0,17.16,0.0,0.0,0.0,0.0,0.0,0.0,58.23,203.5,118.8,0.0,125.31,20.51,19.94,38.82,0.0,1,0,1.0,0,Wicketkeeper-Batsman,98.0,41.7435,0.0,45.9179,98.0,1.0,45.9179,32.7885,42.6356,72.6
JS Floros,BBL,204.0,190.0,20.0,20.0,14.0,14.57,107.37,17.0,6.0,12.11,3.0,181.0,258.0,15.0,15.0,30.17,8.55,86.0,60.33,0.2,0.0,0.0,0.0,38.82,0.0,1,1,1.0,1,Batsman,1.33,23.8193,41.5405,23.8193,20.0,0.2381,5.6714,0.0,4.2536,4.99
JS Foster,T20_Blast,447.0,315.0,37.0,37.0,27.0,16.56,141.9,35.0,16.0,16.19,0.0,0.0,0.0,0.0,0.0,0.0,58.23,203.5,118.8,0.0,0.0,0.0,0.0,38.82,0.0,1,0,1.0,0,Wicketkeeper-Batsman,37.0,31.6539,0.0,34.8193,37.0,0.5606,19.5197,0.0,14.6398,22.8
JS Lehmann,BBL,341.0,312.0,28.0,28.0,24.0,14.21,109.29,34.0,3.0,11.86,1.0,24.0,42.0,4.0,4.0,4.0,10.5,42.0,24.0,0.25,0.0,0.0,0.0,38.82,0.0,1,1,1.0,1,Batsman,7.0,24.2515,44.6217,24.2515,28.0,0.3333,8.083,0.0,6.0623,8.06
JS Lenton,BBL,141.0,105.0,11.0,11.0,6.0,23.5,134.29,9.0,6.0,14.29,0.0,0.0,0.0,0.0,0.0,0.0,58.23,203.5,118.8,0.0,0.0,0.0,0.0,38.82,0.0,1,0,1.0,0,Wicketkeeper-Batsman,11.0,31.278,0.0,34.4058,11.0,0.131,4.5072,0.0,3.3804,2.77
JS Paris,BBL,82.0,86.0,18.0,18.0,12.0,6.83,95.35,4.0,3.0,8.14,38.0,858.0,1241.0,44.0,44.0,143.0,8.68,32.66,22.58,0.86,110.34,7.11,5.33,8.61,0.92,1,1,1.0,1,Bowler,0.41,17.2971,54.7937,54.7937,44.0,0.5238,28.7009,59.1903,36.3232,40.14
JS Patel,T20_Blast,194.0,160.0,39.0,39.0,25.0,7.76,121.25,8.0,9.0,10.62,96.0,2070.0,2435.0,91.0,91.0,345.0,7.06,25.36,21.56,1.05,0.0,0.0,0.0,38.82,0.0,1,1,1.0,1,Bowler,0.43,22.4849,68.6142,68.6142,91.0,1.0,68.6142,0.0,51.4606,58.6
JT Ball,T20_Blast,57.0,67.0,17.0,17.0,9.0,6.33,85.07,3.0,3.0,8.96,138.0,1948.0,2886.0,94.0,94.0,324.67,8.89,20.91,14.12,1.47,56.25,2.25,2.25,9.35,1.62,1,1,1.0,1,Bowler,0.18,16.0944,75.5411,75.5411,94.0,1.0,75.5411,77.3567,75.995,88.51
JTA Burnham,T20_Blast,194.0,218.0,20.0,20.0,19.0,10.21,88.99,12.0,5.0,7.8,0.0,1.0,0.0,1.0,1.0,0.17,0.0,203.5,118.8,0.0,0.0,0.0,0.0,38.82,0.0,1,1,1.0,0,Batsman,20.0,17.8581,35.0,17.8581,20.0,0.303,5.411,0.0,4.0582,4.66
JW Dernbach,T20_Blast,65.0,62.0,13.0,13.0,6.0,10.83,104.84,5.0,1.0,9.68,62.0,1203.0,1732.0,56.0,56.0,200.5,8.64,27.94,19.4,1.11,0.0,0.0,0.0,38.82,0.0,1,1,1.0,1,Bowler,0.23,20.6036,60.0961,60.0961,56.0,0.8485,50.9915,0.0,38.2436,42.48
JW Hastings,BBL,168.0,119.0,18.0,18.0,14.0,12.0,141.18,9.0,11.0,16.81,50.0,767.0,1006.0,36.0,36.0,127.83,7.87,20.12,15.34,1.39,0.0,0.0,0.0,38.82,0.0,1,1,1.0,1,Bowler,0.5,29.3694,59.479,59.479,36.0,0.4286,25.4927,0.0,19.1195,19.16
JW Hastings,T20_Blast,513.0,278.0,25.0,25.0,18.0,28.5,184.53,44.0,32.0,27.34,35.0,603.0,832.0,28.0,28.0,100.5,8.28,23.77,17.23,1.25,0.0,0.0,0.0,38.82,0.0,1,1,1.0,1,All-Rounder,0.89,46.7973,55.6972,51.4991,28.0,0.4242,21.8459,0.0,16.3844,21.3
JW Shutt,T20_Blast,0.0,2.0,2.0,2.0,1.0,0.0,0.0,0.0,0.0,0.0,16.0,252.0,327.0,13.0,13.0,42.0,7.79,20.44,15.75,1.23,0.0,0.0,0.0,9.33,2.0,0,1,1.0,1,Bowler,0.15,0.0,52.8849,52.8849,13.0,0.197,10.4183,87.6962,29.7378,32.1
JW Wells,BBL,2935.0,2412.0,123.0,123.0,87.0,33.74,121.68,237.0,51.0,11.94,0.0,12.0,16.0,2.0,2.0,2.0,8.0,203.5,118.8,0.0,118.35,27.81,19.35,11.0,0.0,1,1,1.0,0,Batsman,61.5,40.882,27.0657,40.882,123.0,1.0,40.882,34.8533,39.3748,64.61
JWA Taylor,T20_Blast,525.0,426.0,23.0,23.0,16.0,32.81,123.24,46.0,10.0,13.15,0.0,0.0,0.0,0.0,0.0,0.0,58.23,203.5,118.8,0.0,0.0,0.0,0.0,38.82,0.0,1,0,1.0,0,Batsman,23.0,33.8011,0.0,33.8011,23.0,0.3485,11.7797,0.0,8.8348,12.77
James Bracey,T20_Blast,1060.0,836.0,61.0,61.0,55.0,19.27,126.79,105.0,26.0,15.67,0.0,0.0,0.0,0.0,0.0,0.0,58.23,203.5,118.8,0.0,129.59,19.84,18.14,38.82,0.0,1,0,1.0,0,Wicketkeeper-Batsman,61.0,32.3247,0.0,35.5572,61.0,0.9242,32.862,31.7894,32.5939,54.74
James Middlebrook,T20_Blast,53.0,43.0,7.0,7.0,4.0,13.25,123.26,3.0,2.0,11.63,10.0,178.0,227.0,11.0,11.0,29.67,7.65,22.7,17.8,0.91,0.0,0.0,0.0,38.82,0.0,1,1,1.0,1,Bowler,0.64,24.7151,51.5754,51.5754,11.0,0.1667,8.5976,0.0,6.4482,3.7
Joginder Sharma,IPL,36.0,30.0,5.0,5.0,4.0,9.0,120.0,1.0,2.0,10.0,12.0,256.0,419.0,15.0,15.0,42.67,9.82,34.92,21.33,0.8,0.0,0.0,0.0,38.82,0.0,1,1,1.0,1,Bowler,0.33,21.9787,48.3122,48.3122,15.0,0.1471,7.1067,0.0,5.33,2.34
Junaid Khan,PSL,7.0,16.0,8.0,8.0,3.0,2.33,43.75,0.0,0.0,0.0,26.0,552.0,780.0,25.0,25.0,92.0,8.48,30.0,21.23,1.04,0.0,0.0,0.0,38.82,0.0,1,1,1.0,1,Bowler,0.32,4.9961,52.9773,52.9773,25.0,0.463,24.5285,0.0,18.3964,18.27
Junaid Khan,T20_Blast,10.0,12.0,3.0,3.0,2.0,5.0,83.33,1.0,0.0,8.33,30.0,438.0,535.0,19.0,19.0,73.0,7.33,17.83,14.6,1.58,0.0,0.0,0.0,38.82,0.0,1,1,1.0,1,Bowler,0.16,14.9589,56.3935,56.3935,19.0,0.2879,16.2357,0.0,12.1768,10.69
K Alleyne,CPL,151.0,94.0,11.0,11.0,11.0,13.73,160.64,10.0,11.0,22.34,3.0,32.0,70.0,3.0,3.0,5.33,13.13,23.33,10.67,1.0,162.37,15.1,15.1,12.12,0.0,1,1,1.0,1,Batsman,3.67,35.0268,44.6972,35.0268,11.0,0.1528,5.3521,30.9733,11.7574,17.73
K Goel,IPL,218.0,231.0,16.0,16.0,15.0,14.53,94.37,17.0,9.0,11.26,0.0,66.0,93.0,6.0,6.0,11.0,8.45,203.5,118.8,0.0,0.0,0.0,0.0,38.82,0.0,1,1,1.0,0,Batsman,2.67,21.7694,26.6194,21.7694,16.0,0.1569,3.4156,0.0,2.5617,2.12
K Gowtham,IPL,247.0,148.0,27.0,27.0,18.0,13.72,166.89,15.0,17.0,21.62,21.0,588.0,808.0,35.0,35.0,98.0,8.24,38.48,28.0,0.6,160.53,12.2,7.62,8.2,0.73,1,1,1.0,1,All-Rounder,0.77,35.7959,51.198,44.4904,35.0,0.3431,15.2647,39.7145,21.3772,29.51
K Kartikeya,IPL,9.0,12.0,2.0,2.0,2.0,4.5,75.0,1.0,0.0,8.33,10.0,234.0,329.0,12.0,12.0,39.0,8.44,32.9,23.4,0.83,75.0,4.5,4.5,8.44,0.83,1,1,1.0,1,Bowler,0.17,13.7009,49.5388,49.5388,12.0,0.1176,5.8258,56.9394,18.6042,18.53
K Lewis,CPL,589.0,458.0,31.0,31.0,31.0,19.0,128.6,44.0,41.0,18.56,0.0,0.0,0.0,0.0,0.0,0.0,58.23,203.5,118.8,0.0,104.17,12.5,12.5,38.82,0.0,1,0,1.0,0,Wicketkeeper-Batsman,31.0,32.3428,0.0,35.5771,31.0,0.4306,15.3195,22.805,17.1909,27.34
K Noema-Barnett,T20_Blast,378.0,260.0,29.0,29.0,20.0,18.9,145.38,23.0,26.0,18.85,12.0,374.0,579.0,30.0,30.0,62.33,9.29,48.25,31.17,0.4,0.0,0.0,0.0,38.82,0.0,1,1,1.0,1,All-Rounder,0.97,33.9566,47.2003,40.691,30.0,0.4545,18.4941,0.0,13.8706,17.17
K Pierre,CPL,49.0,53.0,12.0,12.0,4.0,12.25,92.45,4.0,1.0,9.43,56.0,1180.0,1369.0,57.0,57.0,196.67,6.96,24.45,21.07,0.98,100.0,29.0,7.25,7.14,0.94,1,1,1.0,1,Bowler,0.21,19.3345,61.0203,61.0203,57.0,0.7917,48.3098,61.398,51.5818,58.74
K Rabada,IPL,206.0,193.0,28.0,28.0,17.0,12.12,106.74,16.0,8.0,12.44,120.0,1829.0,2577.0,80.0,80.0,304.83,8.45,21.48,15.24,1.5,115.25,9.71,5.67,8.92,1.37,1,1,1.0,1,Bowler,0.35,23.0329,72.3952,72.3952,80.0,0.7843,56.7796,71.0564,60.3488,69.43
K Santokie,CPL,109.0,119.0,21.0,21.0,11.0,9.91,91.6,5.0,7.0,10.08,84.0,1265.0,1619.0,55.0,55.0,210.83,7.68,19.27,15.06,1.53,0.0,0.0,0.0,38.82,0.0,1,1,1.0,1,Bowler,0.38,18.8887,66.406,66.406,55.0,0.7639,50.7275,0.0,38.0456,42.24
K Sinclair,CPL,49.0,68.0,9.0,9.0,9.0,5.44,72.06,7.0,0.0,10.29,9.0,199.0,216.0,12.0,12.0,33.17,6.51,24.0,22.11,0.75,108.82,9.25,9.25,8.13,0.6,1,1,1.0,1,Bowler,0.75,14.6917,52.3512,52.3512,12.0,0.1667,8.7269,51.0461,19.3067,19.38
KA Pollard,BBL,369.0,249.0,19.0,19.0,16.0,23.06,148.19,25.0,20.0,18.07,16.0,228.0,356.0,19.0,19.0,38.0,9.37,22.25,14.25,0.84,0.0,0.0,0.0,38.82,0.0,1,1,1.0,1,Batsman,1.0,35.3973,51.0955,35.3973,19.0,0.2262,8.0069,0.0,6.0052,7.96
KA Pollard,CPL,2720.0,1826.0,110.0,110.0,84.0,32.38,148.96,158.0,189.0,19.0,55.0,1011.0,1345.0,66.0,66.0,168.5,7.98,24.45,18.38,0.83,133.79,23.28,19.4,9.12,0.71,1,1,1.0,1,All-Rounder,1.67,46.5568,59.8136,51.5281,110.0,1.0,51.5281,43.6648,49.5623,75.84
KA Pollard,IPL,3437.0,2329.0,168.0,168.0,121.0,28.4,147.57,221.0,224.0,19.11,69.0,1488.0,2180.0,107.0,107.0,248.0,8.79,31.59,21.57,0.64,107.46,14.4,13.09,8.93,0.67,1,1,1.0,1,All-Rounder,1.57,47.2598,60.8648,52.5535,168.0,1.0,52.5535,38.1614,48.9555,74.84
KA Pollard,PSL,1149.0,708.0,47.0,47.0,30.0,38.3,162.29,80.0,77.0,22.18,13.0,310.0,454.0,24.0,24.0,51.67,8.79,34.92,23.85,0.54,157.41,49.9,27.72,8.89,0.5,1,1,1.0,1,All-Rounder,1.96,46.9553,49.5289,47.8252,47.0,0.8704,41.6271,50.256,43.7843,66.34
KAJ Roach,CPL,43.0,38.0,8.0,8.0,6.0,7.17,113.16,2.0,3.0,13.16,12.0,330.0,480.0,15.0,15.0,55.0,8.73,40.0,27.5,0.8,0.0,0.0,0.0,38.82,0.0,1,1,1.0,1,Bowler,0.53,21.9435,48.7692,48.7692,15.0,0.2083,10.1586,0.0,7.619,5.13
KC Cariappa,IPL,24.0,21.0,5.0,5.0,3.0,8.0,114.29,0.0,2.0,9.52,8.0,216.0,348.0,11.0,11.0,36.0,9.67,43.5,27.0,0.73,0.0,0.0,0.0,38.82,0.0,1,1,1.0,1,Bowler,0.45,20.625,46.6265,46.6265,11.0,0.1078,5.0263,0.0,3.7697,0.44
KC Sangakkara,BBL,173.0,144.0,13.0,13.0,12.0,14.42,120.14,14.0,3.0,11.81,0.0,0.0,0.0,0.0,0.0,0.0,58.23,203.5,118.8,0.0,0.0,0.0,0.0,38.82,0.0,1,0,1.0,0,Wicketkeeper-Batsman,13.0,25.1827,0.0,27.701,13.0,0.1548,4.2881,0.0,3.2161,2.48
KC Sangakkara,CPL,730.0,558.0,25.0,25.0,21.0,34.76,130.82,73.0,20.0,16.67,0.0,0.0,0.0,0.0,0.0,0.0,58.23,203.5,118.8,0.0,0.0,0.0,0.0,38.82,0.0,1,0,1.0,0,Wicketkeeper-Batsman,25.0,37.7531,0.0,41.5284,25.0,0.3472,14.4187,0.0,10.814,15.99
KC Sangakkara,IPL,1687.0,1392.0,68.0,68.0,65.0,25.95,121.19,195.0,27.0,15.95,0.0,0.0,0.0,0.0,0.0,0.0,58.23,203.5,118.8,0.0,0.0,0.0,0.0,38.82,0.0,1,0,1.0,0,Wicketkeeper-Batsman,68.0,36.0454,0.0,39.6499,68.0,0.6667,26.4346,0.0,19.826,32.02
KC Sangakkara,PSL,613.0,485.0,23.0,23.0,22.0,27.86,126.39,64.0,17.0,16.7,0.0,0.0,0.0,0.0,0.0,0.0,58.23,203.5,118.8,0.0,0.0,0.0,0.0,38.82,0.0,1,0,1.0,0,Wicketkeeper-Batsman,23.0,34.3921,0.0,37.8313,23.0,0.4259,16.1124,0.0,12.0843,18.25
KC Sangakkara,T20_Blast,679.0,441.0,21.0,21.0,20.0,33.95,153.97,72.0,20.0,20.86,0.0,0.0,0.0,0.0,0.0,0.0,58.23,203.5,118.8,0.0,0.0,0.0,0.0,38.82,0.0,1,0,1.0,0,Wicketkeeper-Batsman,21.0,42.2599,0.0,46.4859,21.0,0.3182,14.7918,0.0,11.0938,16.49
KD Karthik,IPL,4843.0,3580.0,233.0,233.0,184.0,26.32,135.28,466.0,161.0,17.51,0.0,0.0,0.0,0.0,0.0,0.0,58.23,203.5,118.8,0.0,173.8,29.48,18.95,38.82,0.0,1,0,1.0,0,Wicketkeeper-Batsman,233.0,48.5744,0.0,53.4318,233.0,1.0,53.4318,40.5088,50.201,86.06
KH Pandya,IPL,1647.0,1240.0,107.0,107.0,73.0,22.56,132.82,144.0,61.0,16.53,76.0,2122.0,2606.0,117.0,117.0,353.67,7.37,34.29,27.92,0.65,121.45,21.91,13.26,7.37,0.69,1,1,1.0,1,All-Rounder,0.91,36.4997,63.3073,50.5013,117.0,1.0,50.5013,41.6108,48.2787,73.73
KHD Barker,T20_Blast,54.0,45.0,8.0,8.0,7.0,7.71,120.0,4.0,2.0,13.33,13.0,239.0,325.0,12.0,12.0,39.83,8.16,25.0,18.38,1.08,0.0,0.0,0.0,38.82,0.0,1,1,1.0,1,Bowler,0.67,23.1332,51.3724,51.3724,12.0,0.1818,9.3395,0.0,7.0046,4.38
KJ Abbott,T20_Blast,138.0,105.0,15.0,15.0,12.0,11.5,131.43,10.0,5.0,14.29,57.0,1123.0,1658.0,51.0,51.0,187.17,8.86,29.09,19.7,1.12,0.0,0.0,0.0,38.82,0.0,1,1,1.0,1,Bowler,0.29,26.6612,58.761,58.761,51.0,0.7727,45.4046,0.0,34.0534,37.37
KJ Coetzer,T20_Blast,228.0,210.0,12.0,12.0,13.0,17.54,108.57,21.0,2.0,10.95,0.0,36.0,67.0,4.0,4.0,6.0,11.17,203.5,118.8,0.0,0.0,0.0,0.0,38.82,0.0,1,1,1.0,0,Batsman,3.0,24.5569,23.9218,24.5569,12.0,0.1818,4.4644,0.0,3.3483,3.45
KJ O'Brien,CPL,357.0,278.0,16.0,16.0,14.0,25.5,128.42,22.0,22.0,15.83,9.0,72.0,95.0,6.0,6.0,12.0,7.92,10.56,8.0,1.5,0.0,0.0,0.0,38.82,0.0,1,1,1.0,1,Batsman,2.67,32.6169,52.6039,32.6169,16.0,0.2222,7.2475,0.0,5.4356,7.0
KJ O'Brien,T20_Blast,366.0,289.0,21.0,21.0,17.0,21.53,126.64,31.0,12.0,14.88,16.0,327.0,425.0,20.0,20.0,54.5,7.8,26.56,20.44,0.8,0.0,0.0,0.0,38.82,0.0,1,1,1.0,1,All-Rounder,1.05,30.5694,52.1231,41.0833,21.0,0.3182,13.0727,0.0,9.8045,10.48
KK Ahmed,IPL,1.0,7.0,5.0,5.0,5.0,0.2,14.29,0.0,0.0,0.0,74.0,1276.0,1881.0,57.0,57.0,212.67,8.84,25.42,17.24,1.3,0.0,0.0,0.0,8.96,1.27,1,1,1.0,1,Bowler,0.09,0.4117,62.5488,62.5488,57.0,0.5588,34.9523,68.2962,43.2883,48.63
KK Cooper,CPL,262.0,192.0,29.0,29.0,18.0,14.56,136.46,12.0,17.0,15.1,57.0,1036.0,1377.0,53.0,53.0,172.67,7.97,24.16,18.18,1.08,0.0,0.0,0.0,38.82,0.0,1,1,1.0,1,All-Rounder,0.55,29.1577,60.2494,49.2523,53.0,0.7361,36.2546,0.0,27.191,39.06
KK Cooper,IPL,116.0,68.0,12.0,12.0,9.0,12.89,170.59,9.0,8.0,25.0,33.0,576.0,757.0,25.0,25.0,96.0,7.89,22.94,17.45,1.32,0.0,0.0,0.0,38.82,0.0,1,1,1.0,1,Bowler,0.48,37.1503,55.7957,55.7957,25.0,0.2451,13.6755,0.0,10.2566,8.35
KK Jennings,T20_Blast,1855.0,1440.0,73.0,73.0,57.0,32.54,128.82,171.0,38.0,14.51,22.0,510.0,628.0,29.0,29.0,85.0,7.39,28.55,23.18,0.76,146.0,26.22,26.22,38.82,0.0,1,1,1.0,1,All-Rounder,2.52,39.2123,53.456,43.2618,73.0,1.0,43.2618,20.5191,37.5761,56.14
KK Nair,IPL,1496.0,1171.0,68.0,68.0,63.0,23.75,127.75,161.0,39.0,17.08,0.0,0.0,0.0,0.0,0.0,0.0,58.23,203.5,118.8,0.0,88.89,8.0,8.0,38.82,0.0,1,0,1.0,0,Batsman,68.0,36.0491,0.0,36.0491,68.0,0.6667,24.0339,16.6784,22.195,35.45
KL Nagarkoti,IPL,22.0,33.0,7.0,7.0,4.0,5.5,66.67,1.0,0.0,3.03,5.0,180.0,285.0,11.0,11.0,30.0,9.5,57.0,36.0,0.45,0.0,0.0,0.0,14.5,0.0,1,1,1.0,1,Bowler,0.64,10.5431,44.5512,44.5512,11.0,0.1078,4.8026,27.5425,10.4876,8.63
KL Rahul,IPL,4689.0,3485.0,122.0,122.0,105.0,44.66,134.55,400.0,187.0,16.84,0.0,0.0,0.0,0.0,0.0,0.0,58.23,203.5,118.8,0.0,130.68,41.47,38.11,38.82,0.0,1,0,1.0,0,Wicketkeeper-Batsman,122.0,54.1628,0.0,59.5791,122.0,1.0,59.5791,53.4241,58.0404,100.0
KM Jadhav,IPL,1208.0,981.0,81.0,81.0,54.0,22.37,123.14,102.0,40.0,14.48,0.0,0.0,0.0,0.0,0.0,0.0,58.23,203.5,118.8,0.0,120.0,12.0,12.0,38.82,0.0,1,0,1.0,0,Wicketkeeper-Batsman,81.0,32.8533,0.0,36.1386,81.0,0.7941,28.6977,23.7674,27.4651,45.61
KM Jarvis,T20_Blast,9.0,8.0,1.0,1.0,0.0,9.0,112.5,1.0,0.0,12.5,12.0,216.0,303.0,11.0,11.0,36.0,8.42,25.25,18.0,1.09,0.0,0.0,0.0,38.82,0.0,1,1,0.0,1,Bowler,0.09,22.0902,50.8887,50.8887,11.0,0.1667,8.4831,0.0,6.3623,3.6
KMA Paul,CPL,721.0,544.0,53.0,53.0,36.0,20.03,132.54,37.0,48.0,15.62,48.0,873.0,1339.0,58.0,58.0,145.5,9.2,27.9,18.19,0.83,143.23,24.11,16.07,10.08,0.67,1,1,1.0,1,All-Rounder,0.91,32.2564,56.8139,45.0877,58.0,0.8056,36.3227,42.1625,37.7826,56.47
KOA Powell,CPL,209.0,200.0,11.0,11.0,11.0,19.0,104.5,22.0,4.0,13.0,0.0,0.0,0.0,0.0,0.0,0.0,58.23,203.5,118.8,0.0,0.0,0.0,0.0,38.82,0.0,1,0,1.0,0,Batsman,11.0,25.4429,0.0,25.4429,11.0,0.1528,3.8877,0.0,2.9158,2.72
KOK Williams,CPL,25.0,67.0,16.0,16.0,7.0,3.57,37.31,0.0,0.0,0.0,83.0,1280.0,1844.0,63.0,63.0,213.33,8.64,22.22,15.42,1.32,16.67,1.0,0.5,8.67,1.0,1,1,1.0,1,Bowler,0.25,4.6564,64.8964,64.8964,63.0,0.875,56.7844,61.2943,57.9119,66.46
KP Appanna,IPL,2.0,4.0,3.0,3.0,1.0,2.0,50.0,0.0,0.0,0.0,9.0,216.0,286.0,13.0,13.0,36.0,7.94,31.78,24.0,0.69,0.0,0.0,0.0,38.82,0.0,1,1,1.0,1,Bowler,0.23,5.673,49.9772,49.9772,13.0,0.1275,6.3721,0.0,4.7791,1.67
KP Pietersen,BBL,1026.0,759.0,31.0,31.0,28.0,36.64,135.18,92.0,32.0,16.34,0.0,12.0,20.0,2.0,2.0,2.0,10.0,203.5,118.8,0.0,0.0,0.0,0.0,38.82,0.0,1,1,1.0,0,Batsman,15.5,39.7508,25.0822,39.7508,31.0,0.369,14.668,0.0,11.001,16.45
KP Pietersen,CPL,325.0,248.0,12.0,12.0,11.0,29.55,131.05,25.0,15.0,16.13,0.0,0.0,0.0,0.0,0.0,0.0,58.23,203.5,118.8,0.0,0.0,0.0,0.0,38.82,0.0,1,0,1.0,0,Batsman,12.0,34.4276,0.0,34.4276,12.0,0.1667,5.7391,0.0,4.3043,5.08
KP Pietersen,IPL,1001.0,743.0,36.0,36.0,27.0,37.07,134.72,91.0,40.0,17.63,7.0,174.0,215.0,13.0,13.0,29.0,7.41,30.71,24.86,0.54,0.0,0.0,0.0,38.82,0.0,1,1,1.0,1,Batsman,2.77,40.3671,50.244,40.3671,36.0,0.3529,14.2455,0.0,10.6841,15.91
KP Pietersen,PSL,611.0,439.0,24.0,24.0,23.0,26.57,139.18,43.0,30.0,16.63,0.0,0.0,0.0,0.0,0.0,0.0,58.23,203.5,118.8,0.0,0.0,0.0,0.0,38.82,0.0,1,0,1.0,0,Batsman,24.0,35.5534,0.0,35.5534,24.0,0.4444,15.7999,0.0,11.8499,17.89
KP Pietersen,T20_Blast,281.0,254.0,14.0,14.0,12.0,23.42,110.63,24.0,10.0,13.39,0.0,0.0,0.0,0.0,0.0,0.0,58.23,203.5,118.8,0.0,0.0,0.0,0.0,38.82,0.0,1,0,1.0,0,Batsman,14.0,28.2038,0.0,28.2038,14.0,0.2121,5.982,0.0,4.4865,5.39
KR Brown,T20_Blast,1502.0,1170.0,59.0,59.0,56.0,26.82,128.38,139.0,50.0,16.15,0.0,0.0,0.0,0.0,0.0,0.0,58.23,203.5,118.8,0.0,0.0,0.0,0.0,38.82,0.0,1,0,1.0,0,Batsman,59.0,36.7995,0.0,36.7995,59.0,0.8939,32.8951,0.0,24.6713,39.65
KR Mayers,CPL,1362.0,1079.0,73.0,73.0,66.0,20.64,126.23,111.0,81.0,17.79,33.0,746.0,991.0,50.0,50.0,124.33,7.97,30.03,22.61,0.66,140.85,26.43,26.43,7.48,0.63,1,1,1.0,1,All-Rounder,1.46,34.6675,54.8453,42.8698,73.0,1.0,42.8698,46.6856,43.8237,66.41
KR Mayers,IPL,379.0,263.0,13.0,13.0,13.0,29.15,144.11,38.0,22.0,22.81,0.0,42.0,59.0,6.0,6.0,7.0,8.43,203.5,118.8,0.0,144.11,29.15,29.15,8.43,0.0,1,1,1.0,0,Batsman,2.17,39.2626,26.6393,39.2626,13.0,0.1275,5.006,43.9174,14.7338,22.78
KR Patterson,BBL,1264.0,1050.0,61.0,61.0,58.0,21.79,120.38,110.0,31.0,13.43,0.0,0.0,0.0,0.0,0.0,0.0,58.23,203.5,118.8,0.0,116.67,19.6,18.67,38.82,0.0,1,0,1.0,0,Batsman,61.0,31.976,0.0,31.976,61.0,0.7262,23.221,30.8058,25.1172,40.41
KR Sen,IPL,0.0,3.0,1.0,1.0,0.0,0.0,0.0,0.0,0.0,0.0,14.0,241.0,387.0,12.0,12.0,40.17,9.63,27.64,17.21,1.17,0.0,0.0,0.0,9.63,1.17,0,1,0.0,1,Bowler,0.08,0.0,49.7853,49.7853,12.0,0.1176,5.8548,64.8225,20.5967,20.96
KS Carlson,T20_Blast,1383.0,970.0,66.0,66.0,63.0,21.95,142.58,128.0,60.0,19.38,2.0,32.0,60.0,4.0,4.0,5.33,11.26,30.0,16.0,0.5,151.49,26.23,24.81,11.26,0.5,1,1,1.0,1,Batsman,16.5,38.054,45.5373,38.054,66.0,1.0,38.054,40.6819,38.711,63.49
KS Velani,T20_Blast,172.0,154.0,14.0,14.0,14.0,12.29,111.69,22.0,4.0,16.88,0.0,0.0,0.0,0.0,0.0,0.0,58.23,203.5,118.8,0.0,0.0,0.0,0.0,38.82,0.0,1,0,1.0,0,Batsman,14.0,25.6994,0.0,25.6994,14.0,0.2121,5.4508,0.0,4.0881,4.71
KS Williamson,CPL,172.0,193.0,10.0,10.0,10.0,17.2,89.12,13.0,3.0,8.29,0.0,0.0,0.0,0.0,0.0,0.0,58.23,203.5,118.8,0.0,0.0,0.0,0.0,38.82,0.0,1,0,1.0,0,Batsman,10.0,20.5031,0.0,20.5031,10.0,0.1389,2.8479,0.0,2.1359,1.4
KS Williamson,IPL,2132.0,1697.0,76.0,76.0,60.0,35.53,125.63,187.0,64.0,14.79,0.0,18.0,31.0,2.0,2.0,3.0,10.33,203.5,118.8,0.0,94.19,18.69,17.36,38.82,0.0,1,1,1.0,0,Batsman,38.0,40.85,24.7549,40.85,76.0,0.7451,30.4373,27.5008,29.7032,48.19
KS Williamson,T20_Blast,582.0,443.0,21.0,21.0,18.0,32.33,131.38,57.0,15.0,16.25,3.0,36.0,37.0,3.0,3.0,6.0,6.17,12.33,12.0,1.0,0.0,0.0,0.0,38.82,0.0,1,1,1.0,1,Batsman,7.0,36.3098,52.9513,36.3098,21.0,0.3182,11.5538,0.0,8.6654,12.48
KSA McKenzie,CPL,154.0,174.0,13.0,13.0,13.0,11.85,88.51,15.0,5.0,11.49,0.0,0.0,0.0,0.0,0.0,0.0,58.23,203.5,118.8,0.0,83.65,10.88,10.88,38.82,0.0,1,0,1.0,0,Batsman,13.0,19.9721,0.0,19.9721,13.0,0.1806,3.607,19.1914,7.5031,10.51
KU Carty,CPL,373.0,303.0,14.0,14.0,12.0,31.08,123.1,25.0,15.0,13.2,0.0,0.0,0.0,0.0,0.0,0.0,58.23,203.5,118.8,0.0,123.1,31.08,26.64,38.82,0.0,1,0,1.0,0,Batsman,14.0,32.7212,0.0,32.7212,14.0,0.1944,6.361,41.205,15.072,23.36
KV Sharma,IPL,351.0,294.0,39.0,39.0,26.0,13.5,119.39,20.0,17.0,12.59,76.0,1495.0,2087.0,82.0,82.0,249.17,8.38,27.46,19.67,0.93,170.0,6.8,6.8,10.48,1.06,1,1,1.0,1,Bowler,0.48,25.6801,63.1447,63.1447,82.0,0.8039,50.762,60.8734,53.2898,60.83
KW Richardson,BBL,327.0,282.0,48.0,48.0,26.0,12.58,115.96,22.0,11.0,11.7,137.0,2445.0,3213.0,111.0,111.0,407.5,7.88,23.45,17.85,1.23,100.0,5.5,3.14,7.71,0.96,1,1,1.0,1,Bowler,0.43,24.421,76.0356,76.0356,111.0,1.0,76.0356,61.2955,72.3506,84.07
KW Richardson,IPL,36.0,39.0,4.0,4.0,3.0,12.0,92.31,2.0,1.0,7.69,19.0,335.0,472.0,15.0,15.0,55.83,8.45,24.84,17.63,1.27,0.0,0.0,0.0,38.82,0.0,1,1,1.0,1,Bowler,0.27,18.3756,52.2751,52.2751,15.0,0.1471,7.6897,0.0,5.7673,2.87
Kabir Ali,T20_Blast,28.0,23.0,4.0,4.0,3.0,9.33,121.74,2.0,1.0,13.04,20.0,234.0,299.0,11.0,11.0,39.0,7.67,14.95,11.7,1.82,0.0,0.0,0.0,38.82,0.0,1,1,1.0,1,Bowler,0.36,23.7141,54.4589,54.4589,11.0,0.1667,9.0783,0.0,6.8087,4.14
Kamran Akmal,CPL,217.0,197.0,14.0,14.0,14.0,15.5,110.15,22.0,6.0,14.21,0.0,0.0,0.0,0.0,0.0,0.0,58.23,203.5,118.8,0.0,0.0,0.0,0.0,38.82,0.0,1,0,1.0,0,Wicketkeeper-Batsman,14.0,25.5281,0.0,28.0809,14.0,0.1944,5.4589,0.0,4.0942,4.04
Kamran Akmal,PSL,1942.0,1420.0,73.0,73.0,71.0,27.35,136.76,211.0,87.0,20.99,0.0,0.0,0.0,0.0,0.0,0.0,58.23,203.5,118.8,0.0,138.18,25.33,25.33,38.82,0.0,1,0,1.0,0,Wicketkeeper-Batsman,73.0,41.7027,0.0,45.873,73.0,1.0,45.873,39.3767,44.2489,75.47
Kamran Ghulam,PSL,419.0,361.0,20.0,20.0,19.0,22.05,116.07,36.0,12.0,13.3,1.0,54.0,79.0,6.0,6.0,9.0,8.78,79.0,54.0,0.17,117.48,22.78,21.58,9.12,0.2,1,1,1.0,1,Batsman,3.33,28.8128,41.7821,28.8128,20.0,0.3704,10.6723,34.0313,16.5121,25.8
Kartik Tyagi,IPL,13.0,16.0,6.0,6.0,4.0,3.25,81.25,1.0,0.0,6.25,15.0,422.0,713.0,20.0,20.0,70.33,10.14,47.53,28.13,0.75,116.67,3.5,3.5,12.22,0.33,1,1,1.0,1,Bowler,0.3,13.1105,47.0311,47.0311,20.0,0.1961,9.2228,39.0838,16.688,16.19
Kashif Ali,T20_Blast,534.0,417.0,26.0,26.0,22.0,24.27,128.06,33.0,27.0,14.39,0.0,0.0,0.0,0.0,0.0,0.0,58.23,203.5,118.8,0.0,128.06,24.27,20.54,38.82,0.0,1,0,1.0,0,Batsman,26.0,32.0163,0.0,32.0163,26.0,0.3939,12.6112,35.0069,18.2101,28.68
Khawaja Nafay,PSL,182.0,150.0,10.0,10.0,8.0,22.75,121.33,11.0,8.0,12.67,0.0,0.0,0.0,0.0,0.0,0.0,58.23,203.5,118.8,0.0,121.33,22.75,18.2,38.82,0.0,1,0,1.0,0,Batsman,10.0,28.7075,0.0,28.7075,10.0,0.1852,5.3166,32.2815,12.0578,18.24
Khurram Shahzad,PSL,25.0,48.0,6.0,6.0,4.0,6.25,52.08,1.0,0.0,2.08,18.0,237.0,324.0,12.0,12.0,39.5,8.2,18.0,13.17,1.5,61.9,13.0,4.33,8.85,1.57,1,1,1.0,1,Bowler,0.5,8.4853,53.1683,53.1683,12.0,0.2222,11.814,76.5656,28.0019,29.99
Khushdil Shah,PSL,693.0,492.0,47.0,47.0,28.0,24.75,140.85,48.0,34.0,16.67,24.0,407.0,488.0,30.0,30.0,67.83,7.19,20.33,16.96,0.8,154.21,19.53,11.72,7.24,0.92,1,1,1.0,1,All-Rounder,1.57,35.4014,55.0545,43.0582,47.0,0.8704,37.4779,45.3616,39.4488,59.21
Kuldeep Yadav,IPL,183.0,216.0,32.0,32.0,12.0,15.25,84.72,16.0,3.0,8.8,87.0,1746.0,2388.0,82.0,82.0,291.0,8.21,27.45,20.07,1.06,89.36,21.0,5.73,8.13,1.21,1,1,1.0,1,Bowler,0.39,19.5173,65.4608,65.4608,82.0,0.8039,52.6239,67.6072,56.3697,64.58
L Balaji,IPL,36.0,49.0,13.0,13.0,8.0,4.5,73.47,2.0,1.0,6.12,76.0,1512.0,2028.0,73.0,73.0,252.0,8.05,26.68,19.89,1.04,0.0,0.0,0.0,38.82,0.0,1,1,1.0,1,Bowler,0.18,12.5559,63.5678,63.5678,73.0,0.7157,45.4955,0.0,34.1216,37.45
L Bowe,BBL,2.0,4.0,3.0,3.0,2.0,1.0,50.0,0.0,0.0,0.0,11.0,234.0,338.0,13.0,13.0,39.0,8.67,30.73,21.27,0.85,0.0,0.0,0.0,38.82,0.0,1,1,1.0,1,Bowler,0.23,5.3199,49.7724,49.7724,13.0,0.1548,7.7048,0.0,5.7786,2.89
L Gregory,BBL,173.0,131.0,12.0,12.0,9.0,19.22,132.06,13.0,8.0,16.03,7.0,162.0,275.0,11.0,11.0,27.0,10.19,39.29,23.14,0.64,0.0,0.0,0.0,38.82,0.0,1,1,1.0,1,Batsman,1.09,30.3899,46.4328,30.3899,12.0,0.1429,4.3427,0.0,3.257,3.3
L Gregory,PSL,189.0,143.0,12.0,12.0,8.0,23.62,132.17,17.0,6.0,16.08,7.0,175.0,273.0,12.0,12.0,29.17,9.36,39.0,25.0,0.58,102.86,14.4,10.29,8.89,0.17,1,1,1.0,1,Batsman,1.0,32.031,47.2916,32.031,12.0,0.2222,7.1173,22.1129,10.8662,16.22
L Gregory,T20_Blast,1553.0,1051.0,97.0,97.0,71.0,21.87,147.76,131.0,62.0,18.36,122.0,2016.0,2996.0,111.0,111.0,336.0,8.92,24.56,16.52,1.1,143.8,20.96,14.73,8.04,1.14,1,1,1.0,1,All-Rounder,0.87,38.7507,71.941,56.4644,111.0,1.0,56.4644,48.6434,54.5091,83.97
L Ngidi,IPL,0.0,0.0,0.0,0.0,0.0,0.0,0.0,0.0,0.0,0.0,25.0,324.0,448.0,14.0,14.0,54.0,8.3,17.92,12.96,1.79,0.0,0.0,0.0,38.82,0.0,0,1,0.0,1,Bowler,0.0,0.0,54.4448,54.4448,14.0,0.1373,7.4753,0.0,5.6065,2.68
L Pope,BBL,7.0,14.0,6.0,6.0,4.0,1.75,50.0,1.0,0.0,7.14,47.0,774.0,1088.0,40.0,40.0,129.0,8.43,23.15,16.47,1.18,33.33,0.5,0.5,8.96,1.75,1,1,1.0,1,Bowler,0.15,8.9321,57.966,57.966,40.0,0.4762,27.6034,81.3278,41.0345,45.88
L Ronchi,CPL,415.0,290.0,16.0,16.0,14.0,29.64,143.1,37.0,18.0,18.97,0.0,0.0,0.0,0.0,0.0,0.0,58.23,203.5,118.8,0.0,0.0,0.0,0.0,38.82,0.0,1,0,1.0,0,Wicketkeeper-Batsman,16.0,37.6253,0.0,41.3878,16.0,0.2222,9.1964,0.0,6.8973,9.03
L Ronchi,PSL,1020.0,614.0,31.0,31.0,28.0,36.43,166.12,116.0,50.0,27.04,0.0,0.0,0.0,0.0,0.0,0.0,58.23,203.5,118.8,0.0,0.0,0.0,0.0,38.82,0.0,1,0,1.0,0,Wicketkeeper-Batsman,31.0,48.6561,0.0,53.5217,31.0,0.5741,30.7268,0.0,23.0451,37.75
L Ronchi,T20_Blast,603.0,352.0,22.0,22.0,21.0,28.71,171.31,64.0,31.0,26.99,0.0,0.0,0.0,0.0,0.0,0.0,58.23,203.5,118.8,0.0,0.0,0.0,0.0,38.82,0.0,1,0,1.0,0,Wicketkeeper-Batsman,22.0,45.2776,0.0,49.8054,22.0,0.3333,16.6001,0.0,12.4501,18.9
L Trevaskis,T20_Blast,379.0,303.0,44.0,44.0,26.0,14.58,125.08,23.0,16.0,12.87,56.0,1252.0,1659.0,60.0,60.0,208.67,7.95,29.62,22.36,0.93,135.14,15.0,8.33,8.85,0.85,1,1,1.0,1,All-Rounder,0.73,27.016,59.4033,45.7002,60.0,0.9091,41.5461,40.597,41.3088,62.27
L Wood,BBL,22.0,36.0,7.0,7.0,6.0,3.67,61.11,1.0,1.0,5.56,20.0,319.0,471.0,14.0,14.0,53.17,8.86,23.55,15.95,1.43,61.11,3.67,3.14,8.86,1.43,1,1,1.0,1,Bowler,0.5,10.3578,52.2221,52.2221,14.0,0.1667,8.7054,72.7533,24.7174,25.98
L Wood,PSL,41.0,30.0,6.0,6.0,3.0,13.67,136.67,2.0,3.0,16.67,13.0,278.0,394.0,12.0,12.0,46.33,8.5,30.31,21.38,1.08,136.67,13.67,6.83,8.5,1.08,1,1,1.0,1,Bowler,0.5,28.9137,50.3829,50.3829,12.0,0.2222,11.1951,63.6587,24.311,25.49
L Wood,T20_Blast,231.0,183.0,40.0,40.0,21.0,11.0,126.23,12.0,8.0,10.93,86.0,1709.0,2292.0,90.0,90.0,284.83,8.05,26.65,19.87,0.96,151.61,14.1,6.41,7.92,1.08,1,1,1.0,1,Bowler,0.44,24.5337,65.5227,65.5227,90.0,1.0,65.5227,64.3156,65.2209,75.38
LA Dawson,PSL,471.0,376.0,27.0,27.0,23.0,20.48,125.27,32.0,19.0,13.56,21.0,507.0,658.0,29.0,29.0,84.5,7.79,31.33,24.14,0.72,124.14,15.43,13.5,7.13,1.11,1,1,1.0,1,All-Rounder,0.93,29.733,52.5227,41.5358,29.0,0.537,22.3047,46.2801,28.2986,40.88
LA Dawson,T20_Blast,1340.0,1092.0,81.0,81.0,65.0,20.62,122.71,95.0,36.0,12.0,107.0,2199.0,2644.0,101.0,101.0,366.5,7.21,24.71,20.55,1.06,140.41,16.38,12.29,7.5,1.02,1,1,1.0,1,All-Rounder,0.8,31.4343,70.6917,53.2182,101.0,1.0,53.2182,45.4366,51.2728,78.65
LA Doran,BBL,6.0,7.0,3.0,3.0,2.0,3.0,85.71,1.0,0.0,14.29,8.0,192.0,242.0,13.0,13.0,32.0,7.56,30.25,24.0,0.62,0.0,0.0,0.0,38.82,0.0,1,1,1.0,1,Bowler,0.23,17.3295,50.3469,50.3469,13.0,0.1548,7.7937,0.0,5.8453,2.97
LA Pomersbach,BBL,453.0,355.0,16.0,16.0,15.0,30.2,127.61,52.0,13.0,18.31,0.0,0.0,0.0,0.0,0.0,0.0,58.23,203.5,118.8,0.0,0.0,0.0,0.0,38.82,0.0,1,0,1.0,0,Batsman,16.0,35.6284,0.0,35.6284,16.0,0.1905,6.7872,0.0,5.0904,6.41
LA Pomersbach,IPL,302.0,246.0,16.0,16.0,11.0,27.45,122.76,25.0,13.0,15.45,0.0,0.0,0.0,0.0,0.0,0.0,58.23,203.5,118.8,0.0,0.0,0.0,0.0,38.82,0.0,1,0,1.0,0,Batsman,16.0,32.2239,0.0,32.2239,16.0,0.1569,5.0559,0.0,3.7919,4.21
LA Procter,T20_Blast,155.0,142.0,14.0,14.0,12.0,12.92,109.15,12.0,1.0,9.15,6.0,180.0,262.0,12.0,12.0,30.0,8.73,43.67,30.0,0.5,0.0,0.0,0.0,38.82,0.0,1,1,1.0,1,Batsman,1.17,21.933,47.1476,21.933,14.0,0.2121,4.652,0.0,3.489,3.69
LBK Hollman,T20_Blast,749.0,575.0,53.0,53.0,42.0,17.83,130.26,58.0,27.0,14.78,61.0,944.0,1324.0,53.0,53.0,157.33,8.42,21.7,15.48,1.15,129.73,16.0,13.33,8.75,1.16,1,1,1.0,1,All-Rounder,1.0,30.8798,60.8858,45.8828,53.0,0.803,36.8439,46.3712,39.2257,58.85
LC Hatcher,BBL,45.0,42.0,8.0,8.0,5.0,9.0,107.14,2.0,3.0,11.9,27.0,491.0,709.0,23.0,23.0,81.83,8.66,26.26,18.19,1.17,120.83,9.67,5.8,8.5,1.0,1,1,1.0,1,Bowler,0.35,21.2287,53.4534,53.4534,23.0,0.2738,14.6355,61.4868,26.3483,27.97
LC Norwell,T20_Blast,3.0,5.0,3.0,3.0,1.0,3.0,60.0,0.0,0.0,0.0,7.0,357.0,587.0,19.0,19.0,59.5,9.87,83.86,51.0,0.37,0.0,0.0,0.0,38.82,0.0,1,1,1.0,1,Bowler,0.16,7.3237,41.2747,41.2747,19.0,0.2879,11.883,0.0,8.9122,6.71
LD McManus,T20_Blast,1005.0,753.0,83.0,83.0,59.0,17.03,133.47,62.0,45.0,14.21,0.0,0.0,0.0,0.0,0.0,0.0,58.23,203.5,118.8,0.0,140.25,17.42,10.34,38.82,0.0,1,0,1.0,0,Wicketkeeper-Batsman,83.0,31.5456,0.0,34.7002,83.0,1.0,34.7002,26.9248,32.7564,55.02
LE Plunkett,T20_Blast,279.0,181.0,25.0,25.0,16.0,17.44,154.14,23.0,10.0,18.23,43.0,754.0,1012.0,39.0,39.0,125.67,8.05,23.53,17.53,1.1,0.0,0.0,0.0,38.82,0.0,1,1,1.0,1,All-Rounder,0.64,33.9769,57.5157,48.3214,39.0,0.5909,28.5531,0.0,21.4148,29.57
LH Ferguson,IPL,68.0,46.0,7.0,7.0,3.0,22.67,147.83,6.0,2.0,17.39,48.0,958.0,1428.0,45.0,45.0,159.67,8.94,29.75,19.96,1.07,120.0,2.0,2.0,9.81,0.96,1,1,1.0,1,Bowler,0.16,33.9565,56.8445,56.8445,45.0,0.4412,25.0798,58.9173,33.5392,36.74
LH Ferguson,T20_Blast,7.0,12.0,2.0,2.0,2.0,3.5,58.33,0.0,0.0,0.0,30.0,511.0,586.0,23.0,23.0,85.17,6.88,19.53,17.03,1.3,0.0,0.0,0.0,38.82,0.0,1,1,1.0,1,Bowler,0.09,7.2966,56.6309,56.6309,23.0,0.3485,19.7359,0.0,14.8019,13.89
LJ Evans,BBL,755.0,479.0,26.0,26.0,20.0,37.75,157.62,57.0,37.0,19.62,0.0,0.0,0.0,0.0,0.0,0.0,58.23,203.5,118.8,0.0,172.05,35.82,28.14,38.82,0.0,1,0,1.0,0,Batsman,26.0,43.7327,0.0,43.7327,26.0,0.3095,13.5353,48.7272,22.3333,35.68
LJ Evans,CPL,410.0,326.0,16.0,16.0,16.0,25.62,125.77,46.0,15.0,18.71,0.0,0.0,0.0,0.0,0.0,0.0,58.23,203.5,118.8,0.0,123.64,19.43,19.43,38.82,0.0,1,0,1.0,0,Batsman,16.0,33.8255,0.0,33.8255,16.0,0.2222,7.516,31.8592,13.6018,20.86
LJ Evans,T20_Blast,3675.0,2693.0,144.0,144.0,119.0,30.88,136.46,329.0,127.0,16.93,0.0,12.0,20.0,2.0,2.0,2.0,10.0,203.5,118.8,0.0,147.01,27.61,24.61,38.82,0.0,1,1,1.0,0,Batsman,72.0,46.4226,25.0822,46.4226,144.0,1.0,46.4226,40.7207,44.9971,74.16
LJ Fletcher,T20_Blast,163.0,143.0,31.0,31.0,22.0,7.41,113.99,6.0,11.0,11.89,81.0,1419.0,2091.0,71.0,71.0,236.5,8.84,25.81,17.52,1.14,111.11,7.5,6.0,9.36,1.23,1,1,1.0,1,Bowler,0.44,21.9174,63.8668,63.8668,71.0,1.0,63.8668,66.7572,64.5894,74.61
LJ Hill,T20_Blast,1071.0,855.0,68.0,68.0,56.0,19.12,125.26,87.0,36.0,14.39,0.0,0.0,0.0,0.0,0.0,0.0,58.23,203.5,118.8,0.0,128.4,20.06,16.89,38.82,0.0,1,0,1.0,0,Wicketkeeper-Batsman,68.0,31.5107,0.0,34.6618,68.0,1.0,34.6618,30.9948,33.745,56.78
LJ Wright,BBL,1392.0,1060.0,53.0,53.0,47.0,29.62,131.32,152.0,41.0,18.21,6.0,164.0,243.0,15.0,15.0,27.33,8.89,40.5,27.33,0.4,0.0,0.0,0.0,38.82,0.0,1,1,1.0,1,Batsman,3.53,38.7868,47.3784,38.7868,53.0,0.631,24.4745,0.0,18.3559,28.93
LJ Wright,T20_Blast,3359.0,2274.0,100.0,100.0,92.0,36.51,147.71,353.0,120.0,20.8,0.0,0.0,0.0,0.0,0.0,0.0,58.23,203.5,118.8,0.0,129.51,19.75,19.75,38.82,0.0,1,0,1.0,0,Batsman,100.0,50.6869,0.0,50.6869,100.0,1.0,50.6869,32.7433,46.201,76.2
LM Benkenstein,T20_Blast,136.0,86.0,6.0,6.0,5.0,27.2,158.14,15.0,5.0,23.26,4.0,118.0,196.0,10.0,10.0,19.67,9.96,49.0,29.5,0.4,158.14,27.2,22.67,9.96,0.4,1,1,1.0,1,Batsman,0.6,39.842,44.8827,39.842,10.0,0.1515,6.0361,40.3867,14.6238,22.6
LM Reece,T20_Blast,1768.0,1350.0,84.0,84.0,82.0,21.56,130.96,175.0,65.0,17.78,25.0,572.0,880.0,48.0,48.0,95.33,9.23,35.2,22.88,0.52,124.07,17.09,17.09,10.58,0.31,1,1,1.0,1,All-Rounder,1.75,36.8666,51.3996,42.1508,84.0,1.0,42.1508,34.9284,40.3452,60.69
LMP Simmons,CPL,2546.0,2110.0,88.0,88.0,80.0,31.82,120.66,208.0,131.0,16.07,0.0,51.0,82.0,6.0,6.0,8.5,9.65,203.5,118.8,0.0,0.0,0.0,0.0,38.82,0.0,1,1,1.0,0,Batsman,14.67,40.7855,25.4293,40.7855,88.0,1.0,40.7855,0.0,30.5891,49.7
LMP Simmons,IPL,1079.0,852.0,29.0,29.0,27.0,39.96,126.64,109.0,44.0,17.96,1.0,18.0,34.0,1.0,1.0,3.0,11.33,34.0,18.0,1.0,0.0,0.0,0.0,38.82,0.0,1,1,1.0,1,Batsman,29.0,40.7389,44.7813,40.7389,29.0,0.2843,11.5821,0.0,8.6866,12.52
LN O'Connor,BBL,7.0,24.0,7.0,7.0,4.0,1.75,29.17,0.0,0.0,0.0,15.0,456.0,586.0,23.0,23.0,76.0,7.71,39.07,30.4,0.65,0.0,0.0,0.0,38.82,0.0,1,1,1.0,1,Bowler,0.3,2.9039,50.4805,50.4805,23.0,0.2738,13.8216,0.0,10.3662,8.48
LP Goldsworthy,T20_Blast,426.0,339.0,25.0,25.0,19.0,22.42,125.66,41.0,9.0,14.75,34.0,546.0,723.0,34.0,34.0,91.0,7.95,21.26,16.06,1.0,140.26,24.0,16.62,8.39,1.0,1,1,1.0,1,All-Rounder,0.74,30.8834,56.1377,45.4375,34.0,0.5152,23.4094,47.6074,29.4589,42.79
LPJ Kimber,T20_Blast,525.0,341.0,30.0,30.0,26.0,20.19,153.96,36.0,30.0,19.35,1.0,60.0,97.0,7.0,7.0,10.0,9.7,97.0,60.0,0.14,158.43,21.15,17.62,9.7,0.14,1,1,1.0,1,Batsman,4.29,36.2148,38.6584,36.2148,30.0,0.4545,16.4596,34.7237,21.0256,33.46
LR Morris,BBL,3.0,11.0,4.0,4.0,3.0,1.0,27.27,0.0,0.0,0.0,40.0,665.0,918.0,35.0,35.0,110.83,8.28,22.95,16.62,1.14,33.33,0.5,0.5,7.74,1.68,1,1,1.0,1,Bowler,0.11,2.3806,56.7735,56.7735,35.0,0.4167,23.6575,80.8091,37.9454,42.11
LR Shukla,IPL,405.0,350.0,33.0,33.0,27.0,15.0,115.71,33.0,16.0,14.0,15.0,314.0,447.0,27.0,27.0,52.33,8.54,29.8,20.93,0.56,0.0,0.0,0.0,38.82,0.0,1,1,1.0,1,All-Rounder,1.22,26.5598,50.7961,37.4661,33.0,0.3235,12.1203,0.0,9.0902,9.31
LRPL Taylor,CPL,887.0,842.0,44.0,44.0,29.0,30.59,105.34,57.0,29.0,10.21,0.0,0.0,0.0,0.0,0.0,0.0,58.23,203.5,118.8,0.0,0.0,0.0,0.0,38.82,0.0,1,0,1.0,0,Batsman,44.0,30.4576,0.0,30.4576,44.0,0.6111,18.6126,0.0,13.9594,21.47
LRPL Taylor,IPL,1017.0,822.0,54.0,54.0,40.0,25.42,123.72,66.0,46.0,13.63,0.0,12.0,24.0,2.0,2.0,2.0,12.0,203.5,118.8,0.0,0.0,0.0,0.0,38.82,0.0,1,1,1.0,0,Batsman,27.0,33.0128,23.0986,33.0128,54.0,0.5294,17.477,0.0,13.1078,20.02
LRPL Taylor,T20_Blast,571.0,453.0,22.0,22.0,16.0,35.69,126.05,42.0,24.0,14.57,0.0,0.0,0.0,0.0,0.0,0.0,58.23,203.5,118.8,0.0,0.0,0.0,0.0,38.82,0.0,1,0,1.0,0,Batsman,22.0,35.988,0.0,35.988,22.0,0.3333,11.9948,0.0,8.9961,13.04
LS Livingstone,BBL,851.0,616.0,28.0,28.0,28.0,30.39,138.15,52.0,55.0,17.37,9.0,109.0,149.0,11.0,11.0,18.17,8.2,16.56,12.11,0.82,0.0,0.0,0.0,38.82,0.0,1,1,1.0,1,Batsman,2.55,37.863,51.5891,37.863,28.0,0.3333,12.6197,0.0,9.4648,13.84
LS Livingstone,IPL,939.0,578.0,39.0,39.0,33.0,28.45,162.46,66.0,66.0,22.84,11.0,258.0,393.0,22.0,22.0,43.0,9.14,35.73,23.45,0.5,169.12,33.08,27.57,9.05,0.52,1,1,1.0,1,All-Rounder,1.77,43.152,48.692,45.1503,39.0,0.3824,17.2655,47.3868,24.7958,35.13
LS Livingstone,PSL,468.0,353.0,22.0,22.0,19.0,24.63,132.58,35.0,22.0,16.15,2.0,84.0,122.0,5.0,5.0,14.0,8.71,61.0,42.0,0.4,111.43,9.75,9.75,8.62,0.5,1,1,1.0,1,Batsman,4.4,33.3439,44.258,33.3439,22.0,0.4074,13.5843,20.617,15.3425,23.82
LS Livingstone,T20_Blast,2315.0,1626.0,85.0,85.0,79.0,29.3,142.37,177.0,122.0,18.39,54.0,993.0,1299.0,55.0,55.0,165.5,7.85,24.06,18.39,0.98,136.21,29.89,27.05,8.16,0.82,1,1,1.0,1,All-Rounder,1.55,43.068,59.7953,49.6402,85.0,1.0,49.6402,49.5854,49.6265,75.95
LV van Beek,T20_Blast,48.0,49.0,9.0,9.0,5.0,9.6,97.96,2.0,2.0,8.16,25.0,407.0,625.0,24.0,24.0,67.83,9.21,25.0,16.28,1.04,0.0,0.0,0.0,38.82,0.0,1,1,1.0,1,Bowler,0.38,18.5163,52.6725,52.6725,24.0,0.3636,19.1517,0.0,14.3638,13.36
LW Feldman,BBL,12.0,10.0,1.0,1.0,1.0,12.0,120.0,0.0,1.0,10.0,14.0,254.0,316.0,12.0,12.0,42.33,7.47,22.57,18.14,1.17,0.0,0.0,0.0,38.82,0.0,1,1,1.0,1,Bowler,0.08,22.9631,52.5504,52.5504,12.0,0.1429,7.5095,0.0,5.6321,2.71
LW James,T20_Blast,303.0,277.0,24.0,24.0,19.0,15.95,109.39,23.0,8.0,11.19,11.0,219.0,370.0,18.0,18.0,36.5,10.14,33.64,19.91,0.61,109.67,17.35,13.41,10.14,0.61,1,1,1.0,1,Batsman,1.33,24.4476,47.957,24.4476,24.0,0.3636,8.8891,25.9341,13.1504,20.09
LWP Wells,T20_Blast,667.0,481.0,41.0,41.0,37.0,18.03,138.67,63.0,31.0,19.54,33.0,721.0,902.0,38.0,38.0,120.17,7.51,27.33,21.85,0.87,146.43,20.5,18.64,7.53,0.94,1,1,1.0,1,All-Rounder,1.08,34.0045,55.6332,44.4079,41.0,0.6212,27.5862,47.4568,32.5538,47.88
Lalit Yadav,IPL,305.0,290.0,21.0,21.0,16.0,19.06,105.17,27.0,7.0,11.72,10.0,288.0,425.0,19.0,19.0,48.0,8.85,42.5,28.8,0.53,109.22,16.93,14.81,9.53,0.43,1,1,1.0,1,Batsman,1.11,25.2531,47.9528,25.2531,21.0,0.2059,5.1996,26.5835,10.5456,15.67
M Ashwin,IPL,35.0,50.0,12.0,12.0,9.0,3.89,70.0,2.0,1.0,6.0,35.0,870.0,1162.0,44.0,44.0,145.0,8.01,33.2,24.86,0.8,85.71,4.0,3.0,8.52,0.9,1,1,1.0,1,Bowler,0.27,11.8322,54.8065,54.8065,44.0,0.4314,23.6435,58.7492,32.4199,35.38
M Bryant,BBL,1517.0,1087.0,71.0,71.0,65.0,23.34,139.56,158.0,59.0,19.96,0.0,0.0,0.0,0.0,0.0,0.0,58.23,203.5,118.8,0.0,155.86,26.58,21.96,38.82,0.0,1,0,1.0,0,Batsman,71.0,38.8426,0.0,38.8426,71.0,0.8452,32.8298,39.4703,34.4899,56.32
M Carter,T20_Blast,131.0,126.0,22.0,22.0,12.0,10.92,103.97,9.0,5.0,11.11,59.0,1248.0,1592.0,62.0,62.0,208.0,7.65,26.98,21.15,0.95,93.44,9.5,4.75,8.25,0.72,1,1,1.0,1,Bowler,0.35,21.3959,60.6106,60.6106,62.0,0.9394,56.9376,54.1681,56.2452,64.43
M Deyal,CPL,670.0,507.0,37.0,37.0,35.0,19.14,132.15,66.0,32.0,19.33,9.0,207.0,279.0,20.0,20.0,34.5,8.09,31.0,23.0,0.45,135.51,19.33,18.12,8.86,0.56,1,1,1.0,1,All-Rounder,1.85,33.4638,49.9242,39.2398,37.0,0.5139,20.1653,40.625,25.2802,35.92
M Gilkes,BBL,899.0,766.0,49.0,49.0,46.0,19.54,117.36,92.0,22.0,14.88,0.0,0.0,0.0,0.0,0.0,0.0,58.23,203.5,118.8,0.0,114.71,19.17,17.04,38.82,0.0,1,0,1.0,0,Batsman,49.0,30.3284,0.0,30.3284,49.0,0.5833,17.6906,29.4286,20.6251,32.78
M Jansen,IPL,66.0,66.0,12.0,12.0,7.0,9.43,100.0,5.0,2.0,10.61,20.0,451.0,714.0,21.0,21.0,75.17,9.5,35.7,22.55,0.95,104.76,13.2,6.6,9.67,0.95,1,1,1.0,1,Bowler,0.57,19.9198,50.0948,50.0948,21.0,0.2059,10.3145,58.8043,22.437,23.2
M Kaif,IPL,259.0,250.0,22.0,22.0,18.0,14.39,103.6,22.0,6.0,11.2,0.0,0.0,0.0,0.0,0.0,0.0,58.23,203.5,118.8,0.0,0.0,0.0,0.0,38.82,0.0,1,0,1.0,0,Batsman,22.0,23.0147,0.0,23.0147,22.0,0.2157,4.9643,0.0,3.7232,4.09
M Kartik,IPL,113.0,108.0,14.0,14.0,7.0,16.14,104.63,7.0,1.0,7.41,31.0,1149.0,1388.0,55.0,55.0,191.5,7.25,44.77,37.06,0.56,0.0,0.0,0.0,38.82,0.0,1,1,1.0,1,Bowler,0.25,21.5419,53.3583,53.3583,55.0,0.5392,28.7708,0.0,21.5781,22.15
M Kelly,BBL,95.0,78.0,14.0,14.0,8.0,11.88,121.79,5.0,4.0,11.54,55.0,835.0,1130.0,39.0,39.0,139.17,8.12,20.55,15.18,1.41,114.29,16.0,8.0,8.2,1.17,1,1,1.0,1,Bowler,0.36,24.13,60.1538,60.1538,39.0,0.4643,27.9294,66.4419,37.5575,41.64
M Klinger,BBL,1737.0,1486.0,67.0,67.0,62.0,28.02,116.89,168.0,33.0,13.53,0.0,0.0,0.0,0.0,0.0,0.0,58.23,203.5,118.8,0.0,0.0,0.0,0.0,38.82,0.0,1,0,1.0,0,Batsman,67.0,35.2464,0.0,35.2464,67.0,0.7976,28.1125,0.0,21.0844,33.56
M Klinger,T20_Blast,2547.0,1981.0,71.0,71.0,61.0,41.75,128.57,230.0,73.0,15.3,0.0,0.0,0.0,0.0,0.0,0.0,58.23,203.5,118.8,0.0,0.0,0.0,0.0,38.82,0.0,1,0,1.0,0,Batsman,71.0,44.9597,0.0,44.9597,71.0,1.0,44.9597,0.0,33.7198,55.01
M Labuschagne,BBL,620.0,507.0,27.0,27.0,26.0,23.85,122.29,54.0,9.0,12.43,12.0,169.0,274.0,15.0,15.0,28.17,9.73,22.83,14.08,0.8,131.8,31.27,31.27,20.51,0.0,1,1,1.0,1,Batsman,1.8,30.4747,49.8867,30.4747,27.0,0.3214,9.7946,44.9748,18.5896,29.33
M Labuschagne,T20_Blast,736.0,554.0,25.0,25.0,23.0,32.0,132.85,76.0,18.0,16.97,27.0,351.0,489.0,24.0,24.0,58.5,8.36,18.11,13.0,1.12,124.91,21.62,20.35,8.11,1.12,1,1,1.0,1,All-Rounder,1.04,37.2,54.7522,45.7971,25.0,0.3788,17.3479,49.3304,25.3435,36.03
M Manhas,IPL,514.0,470.0,38.0,38.0,23.0,22.35,109.36,43.0,10.0,11.28,0.0,42.0,42.0,3.0,3.0,7.0,6.0,203.5,118.8,0.0,0.0,0.0,0.0,38.82,0.0,1,1,1.0,0,Batsman,12.67,27.4039,29.0493,27.4039,38.0,0.3725,10.208,0.0,7.656,10.77
M Markande,IPL,48.0,42.0,10.0,10.0,3.0,16.0,114.29,5.0,1.0,14.29,37.0,720.0,1069.0,37.0,37.0,120.0,8.91,28.89,19.46,1.0,161.54,21.0,7.0,9.19,1.11,1,1,1.0,1,Bowler,0.27,25.7506,54.8336,54.8336,37.0,0.3627,19.8881,63.6918,30.839,33.45
M Montgomery,T20_Blast,443.0,380.0,26.0,26.0,23.0,19.26,116.58,47.0,6.0,13.95,5.0,146.0,217.0,14.0,14.0,24.33,8.92,43.4,29.2,0.36,116.58,19.26,17.04,8.92,0.36,1,1,1.0,1,Batsman,1.86,28.2719,46.7972,28.2719,26.0,0.3939,11.1363,29.6419,15.7627,24.53
M Morkel,IPL,126.0,90.0,20.0,20.0,11.0,11.45,140.0,11.0,5.0,17.78,77.0,1629.0,2089.0,70.0,70.0,271.5,7.69,27.13,21.16,1.1,0.0,0.0,0.0,38.82,0.0,1,1,1.0,1,Bowler,0.29,29.344,64.0647,64.0647,70.0,0.6863,43.9676,0.0,32.9757,36.05
M Muralitharan,BBL,1.0,5.0,2.0,2.0,2.0,0.5,20.0,0.0,0.0,0.0,19.0,366.0,348.0,16.0,16.0,61.0,5.7,18.32,19.26,1.19,0.0,0.0,0.0,38.82,0.0,1,1,1.0,1,Bowler,0.12,1.2567,55.8035,55.8035,16.0,0.1905,10.6306,0.0,7.9729,5.56
M Muralitharan,IPL,20.0,30.0,9.0,9.0,6.0,3.33,66.67,1.0,0.0,3.33,64.0,1528.0,1706.0,66.0,66.0,254.67,6.7,26.66,23.88,0.97,0.0,0.0,0.0,38.82,0.0,1,1,1.0,1,Bowler,0.14,9.9106,62.5677,62.5677,66.0,0.6471,40.4876,0.0,30.3657,32.87
M Pathirana,IPL,0.0,0.0,0.0,0.0,0.0,0.0,0.0,0.0,0.0,0.0,34.0,451.0,592.0,20.0,20.0,75.17,7.88,17.41,13.26,1.7,0.0,0.0,0.0,7.88,1.7,0,1,0.0,1,Bowler,0.0,0.0,56.6801,56.6801,20.0,0.1961,11.115,81.1935,28.6346,30.76
M Prasidh Krishna,IPL,9.0,24.0,7.0,7.0,3.0,3.0,37.5,0.0,0.0,0.0,50.0,1152.0,1712.0,51.0,51.0,192.0,8.92,34.24,23.04,0.98,50.0,6.0,3.0,8.29,1.12,1,1,1.0,1,Bowler,0.14,4.4298,56.703,56.703,51.0,0.5,28.3515,64.9826,37.5093,41.58
M Pretorius,CPL,58.0,47.0,12.0,12.0,7.0,8.29,123.4,4.0,4.0,17.02,22.0,426.0,666.0,20.0,20.0,71.0,9.38,30.27,19.36,1.1,125.0,10.0,2.5,9.21,0.6,1,1,1.0,1,Bowler,0.6,25.5125,51.2711,51.2711,20.0,0.2778,14.2431,49.823,23.1381,24.06
M Rawat,IPL,55.0,69.0,11.0,11.0,5.0,11.0,79.71,4.0,1.0,7.25,0.0,0.0,0.0,0.0,0.0,0.0,58.23,203.5,118.8,0.0,0.0,0.0,0.0,38.82,0.0,1,0,1.0,0,Batsman,11.0,16.2454,0.0,16.2454,11.0,0.1078,1.7513,0.0,1.3135,0.0
M Shahrukh Khan,IPL,553.0,391.0,37.0,37.0,28.0,19.75,141.43,35.0,37.0,18.41,0.0,12.0,15.0,2.0,2.0,2.0,7.5,203.5,118.8,0.0,144.4,19.05,14.81,7.5,0.0,1,1,1.0,0,Batsman,18.5,34.0861,27.5616,34.0861,37.0,0.3627,12.363,30.7771,16.9665,26.57
M Theekshana,CPL,25.0,28.0,7.0,7.0,4.0,6.25,89.29,1.0,1.0,7.14,17.0,282.0,298.0,12.0,12.0,47.0,6.34,17.53,16.59,1.42,89.29,6.25,3.57,6.34,1.42,1,1,1.0,1,Bowler,0.58,15.6633,54.8756,54.8756,12.0,0.1667,9.1478,75.3357,25.6948,27.17
M Theekshana,IPL,7.0,7.0,2.0,2.0,1.0,7.0,100.0,0.0,1.0,14.29,25.0,624.0,797.0,27.0,27.0,104.0,7.66,31.88,24.96,0.93,100.0,7.0,3.5,7.66,0.93,1,1,1.0,1,Bowler,0.07,20.5949,53.3645,53.3645,27.0,0.2647,14.1256,60.5377,25.7286,27.22
M Vijay,IPL,2619.0,2150.0,105.0,105.0,101.0,25.93,121.81,247.0,91.0,15.72,0.0,36.0,49.0,4.0,4.0,6.0,8.17,203.5,118.8,0.0,0.0,0.0,0.0,38.82,0.0,1,1,1.0,0,Batsman,26.25,38.919,26.8972,38.919,105.0,1.0,38.919,0.0,29.1892,47.32
M Vohra,IPL,1083.0,829.0,51.0,51.0,49.0,22.1,130.64,104.0,43.0,17.73,0.0,0.0,0.0,0.0,0.0,0.0,58.23,203.5,118.8,0.0,131.82,14.5,14.5,38.82,0.0,1,0,1.0,0,Batsman,51.0,34.8554,0.0,34.8554,51.0,0.5,17.4277,27.4834,19.9416,31.62
M Wright,BBL,442.0,365.0,18.0,18.0,17.0,26.0,121.1,30.0,18.0,13.15,0.0,0.0,0.0,0.0,0.0,0.0,58.23,203.5,118.8,0.0,130.3,28.67,28.67,38.82,0.0,1,0,1.0,0,Batsman,18.0,30.8605,0.0,30.8605,18.0,0.2143,6.6134,42.1221,15.4906,24.07
M de Lange,CPL,13.0,14.0,3.0,3.0,2.0,6.5,92.86,0.0,1.0,7.14,12.0,234.0,304.0,12.0,12.0,39.0,7.79,25.33,19.5,1.0,0.0,0.0,0.0,38.82,0.0,1,1,1.0,1,Bowler,0.25,16.1763,51.5037,51.5037,12.0,0.1667,8.5857,0.0,6.4393,3.69
M de Lange,T20_Blast,234.0,168.0,30.0,30.0,21.0,11.14,139.29,21.0,12.0,19.64,75.0,1264.0,1796.0,62.0,62.0,210.67,8.53,23.95,16.85,1.21,154.84,9.6,6.0,8.73,1.24,1,1,1.0,1,Bowler,0.48,30.3475,63.232,63.232,62.0,0.9394,59.4001,67.7422,61.4856,70.82
MA Agarwal,IPL,2669.0,2002.0,121.0,121.0,117.0,22.81,133.32,265.0,98.0,18.13,0.0,0.0,0.0,0.0,0.0,0.0,58.23,203.5,118.8,0.0,124.12,20.38,20.38,38.82,0.0,1,0,1.0,0,Batsman,121.0,40.5879,0.0,40.5879,121.0,1.0,40.5879,32.8951,38.6647,63.41
MA Beer,BBL,25.0,32.0,10.0,10.0,3.0,8.33,78.12,1.0,0.0,3.12,40.0,1113.0,1245.0,52.0,52.0,185.5,6.71,31.12,27.82,0.77,0.0,0.0,0.0,38.82,0.0,1,1,1.0,1,Bowler,0.19,13.076,57.3269,57.3269,52.0,0.619,35.4854,0.0,26.614,28.29
MA Carberry,BBL,346.0,268.0,12.0,12.0,9.0,38.44,129.1,37.0,10.0,17.54,0.0,0.0,0.0,0.0,0.0,0.0,58.23,203.5,118.8,0.0,0.0,0.0,0.0,38.82,0.0,1,0,1.0,0,Batsman,12.0,38.0378,0.0,38.0378,12.0,0.1429,5.4356,0.0,4.0767,4.69
MA Carberry,T20_Blast,1258.0,929.0,44.0,44.0,41.0,30.68,135.41,136.0,44.0,19.38,0.0,0.0,0.0,0.0,0.0,0.0,58.23,203.5,118.8,0.0,0.0,0.0,0.0,38.82,0.0,1,0,1.0,0,Batsman,44.0,39.8185,0.0,39.8185,44.0,0.6667,26.547,0.0,19.9102,31.57
MA Jones,T20_Blast,787.0,577.0,34.0,34.0,30.0,26.23,136.4,73.0,32.0,18.2,0.0,0.0,0.0,0.0,0.0,0.0,58.23,203.5,118.8,0.0,136.4,26.23,23.15,38.82,0.0,1,0,1.0,0,Batsman,34.0,36.3552,0.0,36.3552,34.0,0.5152,18.7302,38.2368,23.6068,37.85
MA Starc,BBL,13.0,14.0,5.0,5.0,1.0,13.0,92.86,1.0,0.0,7.14,20.0,225.0,297.0,10.0,10.0,37.5,7.92,14.85,11.25,2.0,0.0,0.0,0.0,38.82,0.0,1,1,1.0,1,Bowler,0.5,18.4715,54.2232,54.2232,10.0,0.119,6.4526,0.0,4.8394,1.74
MA Starc,IPL,105.0,109.0,16.0,16.0,9.0,11.67,96.33,11.0,0.0,10.09,51.0,831.0,1137.0,39.0,39.0,138.5,8.21,22.29,16.29,1.31,81.82,4.5,1.8,10.61,1.31,1,1,1.0,1,Bowler,0.41,20.1147,59.0704,59.0704,39.0,0.3824,22.5885,67.5135,33.8198,37.08
MA Wallace,T20_Blast,473.0,414.0,28.0,28.0,27.0,17.52,114.25,47.0,7.0,13.04,0.0,0.0,0.0,0.0,0.0,0.0,58.23,203.5,118.8,0.0,0.0,0.0,0.0,38.82,0.0,1,0,1.0,0,Wicketkeeper-Batsman,28.0,27.0248,0.0,29.7273,28.0,0.4242,12.6103,0.0,9.4577,13.58
MA Wood,T20_Blast,65.0,66.0,7.0,7.0,3.0,21.67,98.48,5.0,0.0,7.58,17.0,264.0,284.0,12.0,12.0,44.0,6.45,16.71,15.53,1.42,0.0,0.0,0.0,38.82,0.0,1,1,1.0,1,Bowler,0.58,22.628,54.8673,54.8673,12.0,0.1818,9.9749,0.0,7.4812,4.96
MAG Boyce,T20_Blast,240.0,224.0,11.0,11.0,8.0,30.0,107.14,25.0,1.0,11.61,0.0,0.0,0.0,0.0,0.0,0.0,58.23,203.5,118.8,0.0,0.0,0.0,0.0,38.82,0.0,1,0,1.0,0,Batsman,11.0,29.117,0.0,29.117,11.0,0.1667,4.8538,0.0,3.6404,3.95
MC Henriques,BBL,3171.0,2431.0,131.0,131.0,108.0,29.36,130.44,231.0,98.0,13.53,21.0,560.0,749.0,44.0,44.0,93.33,8.03,35.67,26.67,0.48,123.3,29.59,22.83,8.57,0.5,1,1,1.0,1,All-Rounder,2.98,41.9476,51.7515,44.4123,131.0,1.0,44.4123,43.0311,44.067,66.81
MC Henriques,IPL,1000.0,788.0,54.0,54.0,36.0,27.78,126.9,87.0,28.0,14.59,42.0,950.0,1289.0,60.0,60.0,158.33,8.14,30.69,22.62,0.7,0.0,0.0,0.0,38.82,0.0,1,1,1.0,1,All-Rounder,0.9,34.6527,56.3517,46.0729,60.0,0.5882,27.1001,0.0,20.3251,27.78
MD Fisher,T20_Blast,61.0,46.0,10.0,10.0,6.0,10.17,132.61,3.0,5.0,17.39,45.0,794.0,1197.0,41.0,41.0,132.33,9.05,26.6,17.64,1.1,0.0,0.0,0.0,8.77,0.67,1,1,1.0,1,Bowler,0.24,27.5506,56.537,56.537,41.0,0.6212,35.1208,52.2218,39.396,43.88
MD Mishra,IPL,237.0,208.0,17.0,17.0,16.0,14.81,113.94,24.0,8.0,15.38,0.0,0.0,0.0,0.0,0.0,0.0,58.23,203.5,118.8,0.0,0.0,0.0,0.0,38.82,0.0,1,0,1.0,0,Batsman,17.0,26.3834,0.0,26.3834,17.0,0.1667,4.3981,0.0,3.2986,3.37
MD Stoneman,T20_Blast,1072.0,895.0,57.0,57.0,53.0,20.23,119.78,129.0,13.0,15.87,0.0,0.0,0.0,0.0,0.0,0.0,58.23,203.5,118.8,0.0,85.71,6.0,6.0,38.82,0.0,1,0,1.0,0,Batsman,57.0,31.887,0.0,31.887,57.0,0.8636,27.5376,14.294,24.2267,38.9
MD Taylor,T20_Blast,152.0,144.0,28.0,28.0,18.0,8.44,105.56,10.0,6.0,11.11,73.0,1341.0,1847.0,67.0,67.0,223.5,8.26,25.3,18.37,1.09,118.0,9.08,6.56,7.5,1.37,1,1,1.0,1,Bowler,0.42,20.7916,62.9437,62.9437,67.0,1.0,62.9437,72.6646,65.3739,75.56
MDE Holden,T20_Blast,1461.0,1001.0,61.0,61.0,53.0,27.57,145.95,165.0,43.0,20.78,0.0,6.0,12.0,1.0,1.0,1.0,12.0,203.5,118.8,0.0,158.42,27.94,24.26,38.82,0.0,1,1,1.0,0,Batsman,61.0,41.3713,23.0986,41.3713,61.0,0.9242,38.2354,41.7125,39.1047,64.15
ME Claydon,T20_Blast,64.0,87.0,24.0,24.0,8.0,8.0,73.56,4.0,0.0,4.6,68.0,1435.0,2098.0,66.0,66.0,239.17,8.77,30.85,21.1,1.03,0.0,0.0,0.0,38.82,0.0,1,1,1.0,1,Bowler,0.36,13.1815,60.7804,60.7804,66.0,1.0,60.7804,0.0,45.5853,51.43
ME Milnes,T20_Blast,59.0,43.0,12.0,12.0,5.0,11.8,137.21,5.0,1.0,13.95,37.0,732.0,1104.0,37.0,37.0,122.0,9.05,29.84,19.78,1.0,128.57,18.0,7.2,9.88,0.67,1,1,1.0,1,Bowler,0.32,27.1102,54.578,54.578,37.0,0.5606,30.5964,50.9647,35.6885,39.36
ME Trescothick,T20_Blast,117.0,119.0,12.0,12.0,12.0,9.75,98.32,18.0,0.0,15.13,0.0,0.0,0.0,0.0,0.0,0.0,58.23,203.5,118.8,0.0,0.0,0.0,0.0,38.82,0.0,1,0,1.0,0,Batsman,12.0,22.0836,0.0,22.0836,12.0,0.1818,4.0148,0.0,3.0111,2.88
MEK Hussey,BBL,671.0,511.0,23.0,23.0,20.0,33.55,131.31,52.0,20.0,14.09,0.0,0.0,0.0,0.0,0.0,0.0,58.23,203.5,118.8,0.0,0.0,0.0,0.0,38.82,0.0,1,0,1.0,0,Batsman,23.0,36.0012,0.0,36.0012,23.0,0.2738,9.8571,0.0,7.3928,10.32
MEK Hussey,IPL,1977.0,1612.0,58.0,58.0,51.0,38.76,122.64,198.0,52.0,15.51,0.0,0.0,0.0,0.0,0.0,0.0,58.23,203.5,118.8,0.0,0.0,0.0,0.0,38.82,0.0,1,0,1.0,0,Batsman,58.0,41.4559,0.0,41.4559,58.0,0.5686,23.5718,0.0,17.6788,27.78
MET Salisbury,T20_Blast,4.0,13.0,5.0,5.0,1.0,4.0,30.77,0.0,0.0,0.0,13.0,244.0,382.0,12.0,12.0,40.67,9.39,29.38,18.77,1.08,18.18,2.0,0.67,10.5,0.75,1,1,1.0,1,Bowler,0.42,3.8962,49.6144,49.6144,12.0,0.1818,9.0199,52.4345,19.8736,20.07
MF Hurst,T20_Blast,228.0,177.0,10.0,10.0,9.0,25.33,128.81,18.0,7.0,14.12,0.0,0.0,0.0,0.0,0.0,0.0,58.23,203.5,118.8,0.0,128.81,25.33,22.8,38.82,0.0,1,0,1.0,0,Batsman,10.0,31.407,0.0,31.407,10.0,0.1515,4.7582,36.9279,12.8006,19.5
MF Maharoof,IPL,177.0,123.0,14.0,14.0,10.0,17.7,143.9,12.0,9.0,17.07,27.0,420.0,520.0,20.0,20.0,70.0,7.43,19.26,15.56,1.35,0.0,0.0,0.0,38.82,0.0,1,1,1.0,1,Bowler,0.7,31.8836,55.5333,55.5333,20.0,0.1961,10.8901,0.0,8.1676,5.8
MG Hogan,T20_Blast,65.0,59.0,16.0,16.0,6.0,10.83,110.17,3.0,3.0,10.17,125.0,2002.0,2766.0,94.0,94.0,333.67,8.29,22.13,16.02,1.33,80.0,4.0,1.33,8.7,1.68,1,1,1.0,1,Bowler,0.17,21.5222,73.4497,73.4497,94.0,1.0,73.4497,79.7219,75.0178,87.32
MG Johnson,BBL,4.0,6.0,1.0,1.0,0.0,4.0,66.67,0.0,0.0,0.0,20.0,444.0,455.0,19.0,19.0,74.0,6.15,22.75,22.2,1.05,0.0,0.0,0.0,38.82,0.0,1,1,0.0,1,Bowler,0.05,8.5434,55.0081,55.0081,19.0,0.2262,12.4428,0.0,9.3321,7.22
MG Johnson,IPL,167.0,164.0,28.0,28.0,13.0,12.85,101.83,10.0,7.0,10.37,62.0,1235.0,1708.0,54.0,54.0,205.83,8.3,27.55,19.92,1.15,0.0,0.0,0.0,38.82,0.0,1,1,1.0,1,All-Rounder,0.52,21.5674,60.4812,47.1921,54.0,0.5294,24.9835,0.0,18.7376,25.17
MG Neser,BBL,665.0,517.0,67.0,67.0,45.0,14.78,128.63,53.0,22.0,14.51,110.0,1929.0,2717.0,97.0,97.0,321.5,8.45,24.7,17.54,1.13,142.31,15.24,10.79,8.59,1.35,1,1,1.0,1,All-Rounder,0.69,29.2038,70.0484,53.3634,97.0,1.0,53.3634,48.6818,52.193,80.16
MG Neser,T20_Blast,56.0,41.0,6.0,6.0,3.0,18.67,136.59,6.0,1.0,17.07,24.0,329.0,452.0,16.0,16.0,54.83,8.24,18.83,13.71,1.5,136.59,18.67,9.33,8.24,1.5,1,1,1.0,1,Bowler,0.38,30.9023,54.1974,54.1974,16.0,0.2424,13.1374,75.3559,28.692,30.83
MGK Burgess,T20_Blast,754.0,627.0,52.0,52.0,41.0,18.39,120.26,59.0,24.0,13.24,0.0,0.0,0.0,0.0,0.0,0.0,58.23,203.5,118.8,0.0,133.33,27.27,23.08,38.82,0.0,1,0,1.0,0,Wicketkeeper-Batsman,52.0,29.08,0.0,31.988,52.0,0.7879,25.2033,38.3449,28.4887,47.43
MH McKiernan,T20_Blast,253.0,176.0,29.0,29.0,19.0,13.32,143.75,23.0,11.0,19.32,31.0,703.0,1002.0,38.0,38.0,117.17,8.55,32.32,22.68,0.82,158.18,17.4,9.67,9.01,0.93,1,1,1.0,1,All-Rounder,0.76,31.6046,53.5985,44.0795,38.0,0.5758,25.381,43.5951,29.9345,43.57
MH Wessels,T20_Blast,3035.0,2124.0,99.0,99.0,91.0,33.35,142.89,303.0,122.0,20.01,0.0,0.0,0.0,0.0,0.0,0.0,58.23,203.5,118.8,0.0,0.0,0.0,0.0,38.82,0.0,1,0,1.0,0,Batsman,99.0,47.5677,0.0,47.5677,99.0,1.0,47.5677,0.0,35.6758,58.33
MH Yardy,T20_Blast,45.0,40.0,7.0,7.0,4.0,11.25,112.5,6.0,1.0,17.5,9.0,290.0,435.0,14.0,14.0,48.33,9.0,48.33,32.22,0.64,0.0,0.0,0.0,38.82,0.0,1,1,1.0,1,Bowler,0.5,25.3302,46.8927,46.8927,14.0,0.2121,9.9459,0.0,7.4594,4.94
MJ Cosgrove,T20_Blast,1538.0,1165.0,62.0,62.0,56.0,27.46,132.02,172.0,34.0,17.68,1.0,12.0,19.0,1.0,1.0,2.0,9.5,19.0,12.0,1.0,0.0,0.0,0.0,38.82,0.0,1,1,1.0,1,Batsman,62.0,38.3229,48.439,38.3229,62.0,0.9394,36.0005,0.0,27.0004,43.61
MJ Guptill,BBL,185.0,181.0,12.0,12.0,12.0,15.42,102.21,16.0,4.0,11.05,0.0,0.0,0.0,0.0,0.0,0.0,58.23,203.5,118.8,0.0,107.14,15.0,15.0,38.82,0.0,1,0,1.0,0,Batsman,12.0,22.8976,0.0,22.8976,12.0,0.1429,3.2721,25.6912,8.8769,12.84
MJ Guptill,CPL,1434.0,1239.0,54.0,54.0,48.0,29.88,115.74,105.0,59.0,13.24,0.0,0.0,0.0,0.0,0.0,0.0,58.23,203.5,118.8,0.0,115.42,32.75,26.2,38.82,0.0,1,0,1.0,0,Batsman,54.0,34.6737,0.0,34.6737,54.0,0.75,26.0053,40.9173,29.7333,48.25
MJ Guptill,IPL,271.0,197.0,13.0,13.0,12.0,22.58,137.56,24.0,15.0,19.8,0.0,0.0,0.0,0.0,0.0,0.0,58.23,203.5,118.8,0.0,0.0,0.0,0.0,38.82,0.0,1,0,1.0,0,Batsman,13.0,34.3532,0.0,34.3532,13.0,0.1275,4.38,0.0,3.285,3.35
MJ Guptill,PSL,519.0,372.0,18.0,18.0,17.0,30.53,139.52,51.0,22.0,19.62,0.0,0.0,0.0,0.0,0.0,0.0,58.23,203.5,118.8,0.0,147.06,40.91,37.5,38.82,0.0,1,0,1.0,0,Batsman,18.0,38.1039,0.0,38.1039,18.0,0.3333,12.7,54.3445,23.1111,37.0
MJ Guptill,T20_Blast,637.0,445.0,21.0,21.0,20.0,31.85,143.15,60.0,32.0,20.67,0.0,12.0,16.0,2.0,2.0,2.0,8.0,203.5,118.8,0.0,0.0,0.0,0.0,38.82,0.0,1,1,1.0,0,Batsman,10.5,39.898,27.0657,39.898,21.0,0.3182,12.6955,0.0,9.5216,13.93
MJ Henry,T20_Blast,181.0,120.0,19.0,19.0,14.0,12.93,150.83,9.0,12.0,17.5,50.0,794.0,1223.0,37.0,37.0,132.33,9.24,24.46,15.88,1.35,133.33,14.67,8.8,7.85,2.21,1,1,1.0,1,Bowler,0.51,31.3095,57.5871,57.5871,37.0,0.5606,32.2833,95.0736,47.9809,54.35
MJ Lumb,BBL,935.0,751.0,40.0,40.0,39.0,23.97,124.5,88.0,33.0,16.11,0.0,0.0,0.0,0.0,0.0,0.0,58.23,203.5,118.8,0.0,0.0,0.0,0.0,38.82,0.0,1,0,1.0,0,Batsman,40.0,33.5032,0.0,33.5032,40.0,0.4762,15.9542,0.0,11.9656,18.08
MJ Lumb,IPL,278.0,194.0,12.0,12.0,12.0,23.17,143.3,45.0,6.0,26.29,0.0,0.0,0.0,0.0,0.0,0.0,58.23,203.5,118.8,0.0,0.0,0.0,0.0,38.82,0.0,1,0,1.0,0,Batsman,12.0,38.3549,0.0,38.3549,12.0,0.1176,4.5105,0.0,3.3829,3.51
MJ Lumb,T20_Blast,534.0,406.0,28.0,28.0,27.0,19.78,131.53,68.0,18.0,21.18,0.0,0.0,0.0,0.0,0.0,0.0,58.23,203.5,118.8,0.0,0.0,0.0,0.0,38.82,0.0,1,0,1.0,0,Batsman,28.0,34.0485,0.0,34.0485,28.0,0.4242,14.4434,0.0,10.8326,16.16
MJ McClenaghan,BBL,10.0,13.0,4.0,4.0,3.0,3.33,76.92,0.0,0.0,0.0,11.0,236.0,361.0,10.0,10.0,39.33,9.18,32.82,21.45,1.1,0.0,0.0,0.0,38.82,0.0,1,1,1.0,1,Bowler,0.4,9.6524,49.0098,49.0098,10.0,0.119,5.8322,0.0,4.3742,1.17
MJ McClenaghan,CPL,24.0,25.0,7.0,7.0,5.0,4.8,96.0,1.0,1.0,8.0,12.0,288.0,446.0,15.0,15.0,48.0,9.29,37.17,24.0,0.8,0.0,0.0,0.0,38.82,0.0,1,1,1.0,1,Bowler,0.47,16.4181,48.5615,48.5615,15.0,0.2083,10.1154,0.0,7.5865,5.09
MJ McClenaghan,IPL,85.0,70.0,19.0,19.0,13.0,6.54,121.43,5.0,7.0,17.14,71.0,1274.0,1803.0,56.0,56.0,212.33,8.49,25.39,17.94,1.27,0.0,0.0,0.0,38.82,0.0,1,1,1.0,1,Bowler,0.34,24.7798,62.3143,62.3143,56.0,0.549,34.2106,0.0,25.658,27.13
MJ North,BBL,439.0,393.0,18.0,18.0,15.0,29.27,111.7,36.0,10.0,11.7,2.0,66.0,87.0,6.0,6.0,11.0,7.91,43.5,33.0,0.33,0.0,0.0,0.0,38.82,0.0,1,1,1.0,1,Batsman,3.0,30.1124,47.2013,30.1124,18.0,0.2143,6.4531,0.0,4.8398,5.99
MJ North,T20_Blast,361.0,298.0,13.0,13.0,13.0,27.77,121.14,31.0,10.0,13.76,8.0,126.0,169.0,9.0,9.0,21.0,8.05,21.12,15.75,0.89,0.0,0.0,0.0,38.82,0.0,1,1,1.0,1,Batsman,1.44,31.5226,50.9825,31.5226,13.0,0.197,6.21,0.0,4.6575,5.68
MJ Owen,BBL,531.0,288.0,20.0,20.0,16.0,33.19,184.38,44.0,37.0,28.12,6.0,181.0,281.0,15.0,15.0,30.17,9.31,46.83,30.17,0.4,187.83,32.93,30.88,9.53,0.44,1,1,1.0,1,Batsman,1.33,48.8541,46.1842,48.8541,20.0,0.2381,11.6322,50.6867,21.3958,34.09
MJ Potts,T20_Blast,143.0,117.0,17.0,17.0,10.0,14.3,122.22,10.0,5.0,12.82,52.0,859.0,1191.0,41.0,41.0,143.17,8.32,22.9,16.52,1.27,97.3,9.0,9.0,8.0,0.86,1,1,1.0,1,Bowler,0.41,25.7873,59.0814,59.0814,41.0,0.6212,36.7014,58.2521,42.0891,47.17
MJ Richardson,T20_Blast,499.0,430.0,29.0,29.0,23.0,21.7,116.05,38.0,9.0,10.93,0.0,0.0,0.0,0.0,0.0,0.0,58.23,203.5,118.8,0.0,0.0,0.0,0.0,38.82,0.0,1,0,1.0,0,Batsman,29.0,27.8303,0.0,27.8303,29.0,0.4394,12.2286,0.0,9.1714,13.34
MJ Santner,IPL,70.0,71.0,11.0,11.0,6.0,11.67,98.59,4.0,3.0,9.86,15.0,366.0,422.0,18.0,18.0,61.0,6.92,28.13,24.4,0.83,79.17,7.6,4.22,6.88,0.75,1,1,1.0,1,Bowler,0.61,20.1907,52.6079,52.6079,18.0,0.1765,9.2853,56.5342,21.0975,21.57
MJ Santner,T20_Blast,644.0,469.0,25.0,25.0,25.0,25.76,137.31,57.0,30.0,18.55,27.0,615.0,714.0,26.0,26.0,102.5,6.97,26.44,22.78,1.04,151.31,33.67,33.67,7.28,1.0,1,1,1.0,1,All-Rounder,0.96,36.0242,55.1074,45.7528,26.0,0.3939,18.022,56.0879,27.5385,39.63
MJ Swepson,BBL,84.0,85.0,28.0,28.0,19.0,4.42,98.82,9.0,1.0,11.76,72.0,1755.0,2241.0,83.0,83.0,292.5,7.66,31.12,24.38,0.87,129.17,5.17,3.1,7.88,0.61,1,1,1.0,1,Bowler,0.34,18.5907,62.6286,62.6286,83.0,0.9881,61.8833,51.6007,59.3126,68.17
MJ Waite,T20_Blast,252.0,189.0,25.0,25.0,18.0,14.0,133.33,23.0,10.0,17.46,30.0,457.0,728.0,30.0,30.0,76.17,9.56,24.27,15.23,1.0,136.99,14.29,12.5,10.01,1.27,1,1,1.0,1,All-Rounder,0.83,29.6248,53.3907,42.5891,30.0,0.4545,19.3567,46.8724,26.2356,37.49
MJJ Critchley,T20_Blast,1569.0,1282.0,94.0,94.0,74.0,21.2,122.39,116.0,51.0,13.03,105.0,1890.0,2469.0,99.0,99.0,315.0,7.84,23.51,18.0,1.06,126.26,23.18,17.08,8.27,1.33,1,1,1.0,1,All-Rounder,0.95,32.7927,69.824,51.7898,99.0,1.0,51.7898,51.4684,51.7094,79.37
MK Andersson,T20_Blast,547.0,448.0,41.0,41.0,32.0,17.09,122.1,47.0,17.0,14.29,28.0,472.0,855.0,29.0,29.0,78.67,10.87,30.54,16.86,0.97,127.68,20.55,15.07,10.71,1.12,1,1,1.0,1,All-Rounder,1.41,28.7033,50.9309,37.9122,41.0,0.6212,23.5511,46.1232,29.1941,42.36
MK Lomror,IPL,527.0,373.0,35.0,35.0,29.0,18.17,141.29,33.0,30.0,16.89,1.0,90.0,127.0,11.0,11.0,15.0,8.47,127.0,90.0,0.09,155.86,16.48,13.84,10.6,0.0,1,1,1.0,1,Batsman,3.18,32.7197,36.1928,32.7197,35.0,0.3431,11.2261,30.1638,15.9605,24.86
MK O'Riordan,T20_Blast,168.0,125.0,15.0,15.0,14.0,12.0,134.4,18.0,5.0,18.4,10.0,202.0,272.0,14.0,14.0,33.67,8.08,27.2,20.2,0.71,140.37,11.77,11.77,9.17,0.64,1,1,1.0,1,Bowler,1.07,29.2337,50.5961,50.5961,15.0,0.2273,11.5005,50.9543,21.364,21.89
MK Pandey,IPL,3859.0,3183.0,157.0,157.0,133.0,29.02,121.24,335.0,111.0,14.01,0.0,0.0,0.0,0.0,0.0,0.0,58.23,203.5,118.8,0.0,112.84,18.12,18.12,38.82,0.0,1,0,1.0,0,Batsman,157.0,43.0071,0.0,43.0071,157.0,1.0,43.0071,29.4802,39.6254,65.04
MK Tiwary,IPL,1695.0,1449.0,83.0,83.0,59.0,28.73,116.98,156.0,40.0,13.53,1.0,42.0,83.0,6.0,6.0,7.0,11.86,83.0,42.0,0.17,0.0,0.0,0.0,38.82,0.0,1,1,1.0,1,Batsman,13.83,35.3777,38.236,35.3777,83.0,0.8137,28.7868,0.0,21.5901,34.42
ML Hayden,IPL,1107.0,806.0,32.0,32.0,31.0,35.71,137.34,121.0,44.0,20.47,0.0,0.0,0.0,0.0,0.0,0.0,58.23,203.5,118.8,0.0,0.0,0.0,0.0,38.82,0.0,1,0,1.0,0,Batsman,32.0,41.882,0.0,41.882,32.0,0.3137,13.1384,0.0,9.8538,14.5
ML Pettini,T20_Blast,1052.0,808.0,38.0,38.0,34.0,30.94,130.2,128.0,19.0,18.19,0.0,0.0,0.0,0.0,0.0,0.0,58.23,203.5,118.8,0.0,0.0,0.0,0.0,38.82,0.0,1,0,1.0,0,Batsman,38.0,38.0378,0.0,38.0378,38.0,0.5758,21.9022,0.0,16.4267,25.66
ML Revis,T20_Blast,255.0,223.0,22.0,22.0,17.0,15.0,114.35,18.0,9.0,12.11,29.0,564.0,923.0,35.0,35.0,94.0,9.82,31.83,19.45,0.83,115.38,15.0,12.14,9.82,0.83,1,1,1.0,1,All-Rounder,0.63,25.0338,52.0089,41.5965,35.0,0.5303,22.0586,40.0324,26.552,38.01
MM Ali,CPL,169.0,153.0,10.0,10.0,8.0,21.12,110.46,12.0,8.0,13.07,15.0,216.0,200.0,10.0,10.0,36.0,5.56,13.33,14.4,1.5,110.46,21.12,16.9,5.56,1.5,1,1,1.0,1,Bowler,1.0,26.8709,55.7749,55.7749,10.0,0.1389,7.7471,78.391,25.4081,26.82
MM Ali,IPL,1162.0,821.0,57.0,57.0,51.0,22.78,141.53,95.0,67.0,19.73,35.0,758.0,893.0,52.0,52.0,126.33,7.07,25.51,21.66,0.67,135.52,22.55,19.84,7.33,0.76,1,1,1.0,1,All-Rounder,1.1,37.685,56.6835,46.7492,57.0,0.5588,26.1235,45.4206,30.9478,45.24
MM Ali,T20_Blast,1563.0,982.0,48.0,48.0,46.0,33.98,159.16,154.0,90.0,24.85,54.0,938.0,1175.0,47.0,47.0,156.33,7.52,21.76,17.37,1.15,140.62,22.5,22.5,7.77,1.14,1,1,1.0,1,All-Rounder,1.02,47.5622,60.4051,53.9156,48.0,0.7273,39.2128,51.3839,42.2556,63.83
MM Patel,IPL,39.0,41.0,12.0,12.0,6.0,6.5,95.12,5.0,0.0,12.2,74.0,1355.0,1698.0,63.0,63.0,225.83,7.52,22.95,18.31,1.17,0.0,0.0,0.0,38.82,0.0,1,1,1.0,1,Bowler,0.19,18.9112,64.1614,64.1614,63.0,0.6176,39.6261,0.0,29.7196,32.08
MM Sharma,IPL,124.0,133.0,28.0,28.0,17.0,7.29,93.23,9.0,4.0,9.77,132.0,2253.0,3256.0,111.0,111.0,375.5,8.67,24.67,17.07,1.19,12.5,1.0,0.67,9.45,1.6,1,1,1.0,1,Bowler,0.25,18.0767,74.1266,74.1266,111.0,1.0,74.1266,76.7005,74.7701,87.02
MN Samuels,CPL,857.0,694.0,33.0,33.0,27.0,31.74,123.49,67.0,39.0,15.27,13.0,378.0,418.0,22.0,22.0,63.0,6.63,32.15,29.08,0.59,0.0,0.0,0.0,38.82,0.0,1,1,1.0,1,All-Rounder,1.5,35.4808,52.0114,42.093,33.0,0.4583,19.2912,0.0,14.4684,18.15
MN Samuels,IPL,161.0,172.0,14.0,14.0,13.0,12.38,93.6,9.0,7.0,9.3,9.0,214.0,284.0,11.0,11.0,35.67,7.96,31.56,23.78,0.82,0.0,0.0,0.0,38.82,0.0,1,1,1.0,1,Bowler,1.27,19.8181,49.9843,49.9843,14.0,0.1373,6.8628,0.0,5.1471,2.12
MNW Spriegel,T20_Blast,97.0,76.0,11.0,11.0,9.0,10.78,127.63,9.0,2.0,14.47,4.0,90.0,129.0,8.0,8.0,15.0,8.6,32.25,22.5,0.5,0.0,0.0,0.0,38.82,0.0,1,1,1.0,1,Batsman,1.38,25.8711,48.2892,25.8711,11.0,0.1667,4.3127,0.0,3.2345,3.26
MP Breetzke,T20_Blast,460.0,299.0,13.0,13.0,12.0,38.33,153.85,46.0,18.0,21.4,0.0,0.0,0.0,0.0,0.0,0.0,58.23,203.5,118.8,0.0,153.85,38.33,35.38,38.82,0.0,1,0,1.0,0,Batsman,13.0,43.3597,0.0,43.3597,13.0,0.197,8.5419,52.5753,19.5502,30.96
MP Dunn,T20_Blast,10.0,12.0,4.0,4.0,3.0,3.33,83.33,1.0,0.0,8.33,31.0,428.0,658.0,24.0,24.0,71.33,9.22,21.23,13.81,1.29,150.0,6.0,6.0,10.17,2.0,1,1,1.0,1,Bowler,0.17,14.3692,54.2964,54.2964,24.0,0.3636,19.7422,86.7448,36.4929,40.34
MP Kuhnemann,BBL,46.0,63.0,16.0,16.0,7.0,6.57,73.02,5.0,0.0,7.94,44.0,1013.0,1288.0,52.0,52.0,168.83,7.63,29.27,23.02,0.85,58.54,6.0,2.4,7.6,0.92,1,1,1.0,1,Bowler,0.31,14.109,57.4222,57.4222,52.0,0.619,35.5443,60.3341,41.7418,46.74
MP Stoinis,BBL,2945.0,2201.0,106.0,106.0,88.0,33.47,133.8,261.0,108.0,16.77,43.0,804.0,1169.0,57.0,57.0,134.0,8.72,27.19,18.7,0.75,134.54,25.77,23.1,8.98,0.4,1,1,1.0,1,All-Rounder,1.86,44.6406,56.4016,48.7534,106.0,1.0,48.7534,41.2454,46.8764,71.42
MP Stoinis,IPL,1866.0,1314.0,88.0,88.0,66.0,28.27,142.01,150.0,91.0,18.34,43.0,803.0,1274.0,62.0,62.0,133.83,9.52,29.63,18.67,0.69,148.52,28.85,24.41,9.58,0.76,1,1,1.0,1,All-Rounder,1.42,41.2335,55.3084,47.0507,88.0,0.8627,40.5906,47.5049,42.3192,63.93
MR Marsh,BBL,1827.0,1342.0,68.0,68.0,49.0,37.29,136.14,122.0,79.0,14.98,25.0,627.0,930.0,45.0,45.0,104.5,8.9,37.2,25.08,0.56,0.0,0.0,0.0,38.82,0.0,1,1,1.0,1,All-Rounder,1.51,41.9691,51.4812,45.7568,68.0,0.8095,37.0401,0.0,27.7801,40.03
MR Marsh,IPL,665.0,521.0,36.0,36.0,34.0,19.56,127.64,48.0,38.0,16.51,37.0,560.0,795.0,34.0,34.0,93.33,8.52,21.49,15.14,1.09,135.8,20.95,20.95,9.34,1.13,1,1,1.0,1,All-Rounder,1.06,31.6967,56.1295,43.5637,36.0,0.3529,15.3736,49.3248,23.8614,33.59
MR Quinn,T20_Blast,16.0,15.0,5.0,5.0,2.0,8.0,106.67,1.0,1.0,13.33,41.0,787.0,1209.0,38.0,38.0,131.17,9.22,29.49,19.2,1.08,100.0,1.0,1.0,9.14,0.43,1,1,1.0,1,Bowler,0.13,21.3915,55.2329,55.2329,38.0,0.5758,31.8031,45.2869,35.174,38.73
MRJ Watt,T20_Blast,61.0,59.0,10.0,10.0,7.0,8.71,103.39,5.0,2.0,11.86,23.0,727.0,1049.0,33.0,33.0,121.17,8.66,45.61,31.61,0.7,119.44,10.75,6.14,8.56,0.62,1,1,1.0,1,Bowler,0.3,20.6721,50.2958,50.2958,33.0,0.5,25.1479,51.1021,31.6365,34.42
MS Bisla,IPL,798.0,702.0,39.0,39.0,38.0,21.0,113.68,93.0,23.0,16.52,0.0,0.0,0.0,0.0,0.0,0.0,58.23,203.5,118.8,0.0,0.0,0.0,0.0,38.82,0.0,1,0,1.0,0,Wicketkeeper-Batsman,39.0,30.8177,0.0,33.8995,39.0,0.3824,12.9632,0.0,9.7224,14.05
MS Crane,T20_Blast,131.0,141.0,24.0,24.0,6.0,21.83,92.91,6.0,2.0,5.67,94.0,1623.0,2152.0,78.0,78.0,270.5,7.96,22.89,17.27,1.21,102.78,18.5,7.4,9.07,1.16,1,1,1.0,1,Bowler,0.31,21.2781,67.6348,67.6348,78.0,1.0,67.6348,65.1852,67.0224,77.57
MS Dhoni,IPL,5243.0,3812.0,228.0,228.0,134.0,39.13,137.54,363.0,252.0,16.13,0.0,0.0,0.0,0.0,0.0,0.0,58.23,203.5,118.8,0.0,156.29,35.5,14.2,38.82,0.0,1,0,1.0,0,Wicketkeeper-Batsman,228.0,53.9943,0.0,59.3937,228.0,1.0,59.3937,38.4616,54.1607,93.1
MS Gony,IPL,99.0,71.0,15.0,15.0,10.0,9.9,139.44,6.0,8.0,19.72,37.0,888.0,1287.0,44.0,44.0,148.0,8.7,34.78,24.0,0.84,0.0,0.0,0.0,38.82,0.0,1,1,1.0,1,Bowler,0.34,29.5452,54.3183,54.3183,44.0,0.4314,23.4329,0.0,17.5747,17.27
MS Harris,BBL,1012.0,853.0,53.0,53.0,52.0,19.46,118.64,107.0,28.0,15.83,0.0,0.0,0.0,0.0,0.0,0.0,58.23,203.5,118.8,0.0,68.85,7.0,7.0,38.82,0.0,1,0,1.0,0,Batsman,53.0,31.2617,0.0,31.2617,53.0,0.631,19.7261,13.7565,18.2337,28.72
MS Pepper,T20_Blast,1745.0,1092.0,62.0,62.0,53.0,32.92,159.8,178.0,79.0,23.53,0.0,0.0,0.0,0.0,0.0,0.0,58.23,203.5,118.8,0.0,175.06,36.39,33.73,38.82,0.0,1,0,1.0,0,Batsman,62.0,47.2227,0.0,47.2227,62.0,0.9394,44.361,52.7201,46.4508,76.63
MS Wade,BBL,2785.0,1986.0,102.0,102.0,92.0,30.27,140.23,238.0,94.0,16.72,0.0,0.0,0.0,0.0,0.0,0.0,58.23,203.5,118.8,0.0,135.45,26.44,24.48,38.82,0.0,1,0,1.0,0,Wicketkeeper-Batsman,102.0,43.8205,0.0,48.2026,102.0,1.0,48.2026,39.062,45.9174,78.44
MS Wade,IPL,183.0,177.0,14.0,14.0,14.0,13.07,103.39,23.0,2.0,14.12,0.0,0.0,0.0,0.0,0.0,0.0,58.23,203.5,118.8,0.0,111.81,14.64,14.64,38.82,0.0,1,0,1.0,0,Wicketkeeper-Batsman,14.0,23.6468,0.0,26.0115,14.0,0.1373,3.5714,25.7535,9.1169,12.97
MT Coles,T20_Blast,346.0,253.0,41.0,41.0,35.0,9.89,136.76,27.0,18.0,17.79,56.0,1211.0,1823.0,59.0,59.0,201.83,9.03,32.55,21.62,0.95,0.0,0.0,0.0,38.82,0.0,1,1,1.0,1,All-Rounder,0.69,29.0648,57.9723,46.1202,59.0,0.8939,41.2268,0.0,30.9201,45.19
MT Renshaw,BBL,1800.0,1355.0,79.0,79.0,69.0,26.09,132.84,140.0,55.0,14.39,9.0,252.0,328.0,23.0,23.0,42.0,7.81,36.44,28.0,0.39,143.02,27.33,23.81,6.44,0.33,1,1,1.0,1,Batsman,3.43,37.2275,49.5336,37.2275,79.0,0.9405,35.0125,39.7318,36.1923,59.21
MT Stanley,T20_Blast,10.0,12.0,4.0,4.0,2.0,5.0,83.33,1.0,0.0,8.33,11.0,151.0,250.0,10.0,10.0,25.17,9.93,22.73,13.73,1.1,83.33,5.0,2.5,9.93,1.1,1,1,1.0,1,Bowler,0.4,14.9589,49.5056,49.5056,10.0,0.1515,7.5001,62.5823,21.2706,21.78
MT Steketee,BBL,199.0,196.0,36.0,36.0,27.0,7.37,101.53,11.0,9.0,10.2,104.0,1609.0,2396.0,77.0,77.0,268.17,8.93,23.04,15.47,1.35,103.45,6.0,4.29,9.05,1.62,1,1,1.0,1,Bowler,0.47,19.6141,68.6056,68.6056,77.0,0.9167,62.8908,77.6965,66.5922,77.05
MTC Waller,T20_Blast,90.0,111.0,23.0,23.0,10.0,9.0,81.08,6.0,0.0,5.41,86.0,1916.0,2383.0,94.0,94.0,319.33,7.46,27.71,22.28,0.91,0.0,0.0,0.0,38.82,0.0,1,1,1.0,1,Bowler,0.24,14.9671,65.9776,65.9776,94.0,1.0,65.9776,0.0,49.4832,56.18
MV Boucher,IPL,394.0,309.0,23.0,23.0,14.0,28.14,127.51,32.0,13.0,14.56,0.0,0.0,0.0,0.0,0.0,0.0,58.23,203.5,118.8,0.0,0.0,0.0,0.0,38.82,0.0,1,0,1.0,0,Wicketkeeper-Batsman,23.0,32.9541,0.0,36.2495,23.0,0.2255,8.1743,0.0,6.1307,7.66
MW Forde,CPL,93.0,75.0,12.0,12.0,8.0,11.62,124.0,8.0,5.0,17.33,18.0,344.0,440.0,20.0,20.0,57.33,7.67,24.44,19.11,0.9,124.0,11.62,7.75,7.67,0.9,1,1,1.0,1,Bowler,0.6,27.0199,52.9028,52.9028,20.0,0.2778,14.6964,59.7119,25.9503,27.49
MW Harvey,BBL,704.0,598.0,41.0,41.0,35.0,20.11,117.73,62.0,18.0,13.38,0.0,0.0,0.0,0.0,0.0,0.0,58.23,203.5,118.8,0.0,111.88,16.14,12.56,38.82,0.0,1,0,1.0,0,Batsman,41.0,29.2692,0.0,29.2692,41.0,0.4881,14.2863,25.1025,16.9904,26.61
MW Hill,BBL,268.0,217.0,10.0,10.0,10.0,26.8,123.5,21.0,9.0,13.82,0.0,0.0,0.0,0.0,0.0,0.0,58.23,203.5,118.8,0.0,0.0,0.0,0.0,38.82,0.0,1,0,1.0,0,Batsman,10.0,31.2234,0.0,31.2234,10.0,0.119,3.7156,0.0,2.7867,2.5
MW Machan,T20_Blast,650.0,526.0,33.0,33.0,26.0,25.0,123.57,45.0,20.0,12.36,2.0,36.0,52.0,4.0,4.0,6.0,8.67,26.0,18.0,0.5,0.0,0.0,0.0,38.82,0.0,1,1,1.0,1,Batsman,8.25,31.1074,48.5974,31.1074,33.0,0.5,15.5537,0.0,11.6653,17.57
MW Parkinson,T20_Blast,29.0,38.0,14.0,14.0,8.0,3.62,76.32,3.0,0.0,7.89,119.0,1788.0,2244.0,85.0,85.0,298.0,7.53,18.86,15.03,1.4,100.0,4.75,2.38,7.86,1.03,1,1,1.0,1,Bowler,0.16,13.4182,73.4344,73.4344,85.0,1.0,73.4344,63.0261,70.8323,82.22
MW Pillans,T20_Blast,120.0,117.0,16.0,16.0,8.0,15.0,102.56,11.0,2.0,11.11,31.0,633.0,982.0,33.0,33.0,105.5,9.31,31.68,20.42,0.94,0.0,0.0,0.0,38.82,0.0,1,1,1.0,1,Bowler,0.48,22.6198,52.9234,52.9234,33.0,0.5,26.4617,0.0,19.8463,20.04
MW Short,BBL,2186.0,1527.0,81.0,81.0,75.0,29.15,143.16,174.0,97.0,17.75,33.0,866.0,1093.0,60.0,60.0,144.33,7.57,33.12,26.24,0.55,152.85,42.59,38.59,7.72,0.73,1,1,1.0,1,All-Rounder,1.35,42.4161,54.8624,47.712,81.0,0.9643,46.0087,55.6567,48.4207,73.96
Mahmudullah,CPL,98.0,84.0,10.0,10.0,7.0,14.0,116.67,5.0,5.0,11.9,7.0,156.0,188.0,8.0,8.0,26.0,7.23,26.86,22.29,0.88,0.0,0.0,0.0,38.82,0.0,1,1,1.0,1,Bowler,1.25,24.3932,50.8955,50.8955,10.0,0.1389,7.0694,0.0,5.302,2.3
Mandeep Singh,IPL,1706.0,1388.0,97.0,97.0,82.0,20.8,122.91,176.0,38.0,15.42,0.0,12.0,26.0,2.0,2.0,2.0,13.0,203.5,118.8,0.0,82.05,5.33,5.33,38.82,0.0,1,1,1.0,0,Batsman,48.5,34.2615,22.1068,34.2615,97.0,0.951,32.5827,13.252,27.75,44.88
Miles Hammond,T20_Blast,1940.0,1454.0,89.0,89.0,87.0,22.3,133.43,218.0,83.0,20.7,0.0,0.0,0.0,0.0,0.0,0.0,58.23,203.5,118.8,0.0,130.7,21.8,20.79,38.82,0.0,1,0,1.0,0,Batsman,89.0,39.3469,0.0,39.3469,89.0,1.0,39.3469,34.3663,38.1017,62.45
Mir Hamza,PSL,8.0,12.0,6.0,6.0,2.0,4.0,66.67,1.0,0.0,8.33,23.0,378.0,544.0,19.0,19.0,63.0,8.63,23.65,16.43,1.21,72.73,8.0,1.6,8.11,1.58,1,1,1.0,1,Bowler,0.32,12.443,53.0233,53.0233,19.0,0.3519,18.6589,77.6751,33.4129,36.59
Mirza Baig,PSL,260.0,211.0,12.0,12.0,12.0,21.67,123.22,30.0,10.0,18.96,0.0,0.0,0.0,0.0,0.0,0.0,58.23,203.5,118.8,0.0,123.22,21.67,21.67,38.82,0.0,1,0,1.0,0,Batsman,12.0,31.7493,0.0,31.7493,12.0,0.2222,7.0547,34.1564,13.8301,21.25
Misbah-ul-Haq,CPL,127.0,135.0,10.0,10.0,9.0,14.11,94.07,2.0,6.0,5.93,0.0,0.0,0.0,0.0,0.0,0.0,58.23,203.5,118.8,0.0,0.0,0.0,0.0,38.82,0.0,1,0,1.0,0,Batsman,10.0,18.8111,0.0,18.8111,10.0,0.1389,2.6129,0.0,1.9597,1.1
Misbah-ul-Haq,PSL,507.0,453.0,22.0,22.0,16.0,31.69,111.92,42.0,18.0,13.25,0.0,0.0,0.0,0.0,0.0,0.0,58.23,203.5,118.8,0.0,0.0,0.0,0.0,38.82,0.0,1,0,1.0,0,Batsman,22.0,31.9308,0.0,31.9308,22.0,0.4074,13.0086,0.0,9.7564,14.33
Mohammad Ali,PSL,1.0,7.0,2.0,2.0,0.0,1.0,14.29,0.0,0.0,0.0,19.0,258.0,354.0,12.0,12.0,43.0,8.23,18.63,13.58,1.58,14.29,1.0,0.5,8.23,1.58,1,1,0.0,1,Bowler,0.17,0.6941,53.2562,53.2562,12.0,0.2222,11.8335,77.5392,28.2599,30.3
Mohammad Amir,CPL,10.0,15.0,9.0,9.0,6.0,1.67,66.67,1.0,0.0,6.67,51.0,799.0,923.0,38.0,38.0,133.17,6.93,18.1,15.67,1.34,66.67,1.6,1.14,7.11,1.29,1,1,1.0,1,Bowler,0.24,10.8518,60.8546,60.8546,38.0,0.5278,32.1191,70.9343,41.8229,46.84
Mohammad Amir,PSL,125.0,104.0,24.0,24.0,14.0,8.93,120.19,17.0,3.0,19.23,72.0,1646.0,2089.0,73.0,73.0,274.33,7.61,29.01,22.86,0.99,139.13,12.8,10.67,8.27,1.19,1,1,1.0,1,Bowler,0.33,26.5633,62.9374,62.9374,73.0,1.0,62.9374,66.9057,63.9295,73.8
Mohammad Amir,T20_Blast,31.0,35.0,9.0,9.0,7.0,4.43,88.57,2.0,1.0,8.57,34.0,643.0,753.0,28.0,28.0,107.17,7.03,22.15,18.91,1.21,109.52,11.5,5.75,7.04,1.11,1,1,1.0,1,Bowler,0.32,15.6135,56.9408,56.9408,28.0,0.4242,24.1543,66.1267,34.6474,38.09
Mohammad Asghar,PSL,1.0,5.0,3.0,3.0,1.0,1.0,20.0,0.0,0.0,0.0,20.0,364.0,465.0,20.0,20.0,60.67,7.66,23.25,18.2,1.0,0.0,0.0,0.0,38.82,0.0,1,1,1.0,1,Bowler,0.15,1.4333,53.4491,53.4491,20.0,0.3704,19.7975,0.0,14.8481,13.95
Mohammad Hafeez,CPL,751.0,736.0,39.0,39.0,35.0,21.46,102.04,60.0,22.0,11.14,26.0,723.0,731.0,39.0,39.0,120.5,6.07,28.12,27.81,0.67,0.0,0.0,0.0,38.82,0.0,1,1,1.0,1,All-Rounder,1.0,26.8162,55.5985,41.2073,39.0,0.5417,22.322,0.0,16.7415,21.88
Mohammad Hafeez,PSL,1672.0,1356.0,73.0,73.0,62.0,26.97,123.3,152.0,63.0,15.86,18.0,445.0,510.0,35.0,35.0,74.17,6.88,28.33,24.72,0.51,134.31,28.62,24.11,6.96,0.43,1,1,1.0,1,All-Rounder,2.09,36.5899,53.2084,41.976,73.0,1.0,41.976,43.701,42.4072,64.08
Mohammad Haris,PSL,658.0,384.0,26.0,26.0,25.0,26.32,171.35,67.0,31.0,25.52,0.0,0.0,0.0,0.0,0.0,0.0,58.23,203.5,118.8,0.0,171.35,26.32,25.31,38.82,0.0,1,0,1.0,0,Batsman,26.0,43.9245,0.0,43.9245,26.0,0.4815,21.1496,42.8921,26.5852,42.9
Mohammad Hasnain,PSL,39.0,52.0,11.0,11.0,6.0,6.5,75.0,4.0,1.0,9.62,51.0,857.0,1280.0,39.0,39.0,142.83,8.96,25.1,16.8,1.31,86.11,10.33,6.2,9.8,1.07,1,1,1.0,1,Bowler,0.28,15.1027,57.9813,57.9813,39.0,0.7222,41.8741,61.915,46.8843,53.01
Mohammad Ilyas,PSL,39.0,45.0,11.0,11.0,6.0,6.5,86.67,2.0,0.0,4.44,28.0,458.0,711.0,26.0,26.0,76.33,9.31,25.39,16.36,1.08,70.0,7.0,7.0,11.8,0.5,1,1,1.0,1,Bowler,0.42,14.1962,53.1107,53.1107,26.0,0.4815,25.5728,44.1749,30.2233,32.7
Mohammad Imran,PSL,9.0,7.0,3.0,3.0,2.0,4.5,128.57,0.0,1.0,14.29,11.0,321.0,462.0,15.0,15.0,53.5,8.64,42.0,29.18,0.73,0.0,0.0,0.0,10.31,0.25,1,1,1.0,1,Bowler,0.2,23.4167,48.4176,48.4176,15.0,0.2778,13.4504,39.075,19.8566,20.05
Mohammad Irfan,CPL,0.0,0.0,0.0,0.0,0.0,0.0,0.0,0.0,0.0,0.0,12.0,238.0,283.0,10.0,10.0,39.67,7.13,23.58,19.83,1.2,0.0,0.0,0.0,38.82,0.0,0,1,0.0,1,Bowler,0.0,0.0,52.3733,52.3733,10.0,0.1389,7.2747,0.0,5.456,2.49
Mohammad Irfan,PSL,12.0,27.0,11.0,11.0,6.0,2.0,44.44,2.0,0.0,7.41,45.0,1155.0,1340.0,51.0,51.0,192.5,6.96,29.78,25.67,0.88,0.0,0.0,0.0,7.33,1.0,1,1,1.0,1,Bowler,0.22,8.4422,58.2192,58.2192,51.0,0.9444,54.9822,62.8118,56.9396,65.28
Mohammad Irfan (4),PSL,21.0,21.0,8.0,8.0,5.0,4.2,100.0,1.0,1.0,9.52,22.0,378.0,589.0,20.0,20.0,63.0,9.35,26.77,17.18,1.1,0.0,0.0,0.0,38.82,0.0,1,1,1.0,1,Bowler,0.4,17.424,51.7308,51.7308,20.0,0.3704,19.1611,0.0,14.3708,13.36
Mohammad Nabi,BBL,661.0,529.0,36.0,36.0,29.0,22.79,124.95,45.0,26.0,13.42,28.0,641.0,791.0,40.0,40.0,106.83,7.4,28.25,22.89,0.7,0.0,0.0,0.0,38.82,0.0,1,1,1.0,1,All-Rounder,0.9,31.0347,54.6537,43.4654,40.0,0.4762,20.6982,0.0,15.5236,19.88
Mohammad Nabi,CPL,290.0,195.0,19.0,19.0,13.0,22.31,148.72,18.0,20.0,19.49,27.0,510.0,499.0,27.0,27.0,85.0,5.87,18.48,18.89,1.0,180.0,36.0,18.0,6.55,1.5,1,1,1.0,1,All-Rounder,0.7,35.6172,57.1763,48.2724,27.0,0.375,18.1021,60.2621,28.6421,41.45
Mohammad Nabi,IPL,221.0,152.0,19.0,19.0,17.0,13.0,145.39,18.0,12.0,19.74,15.0,417.0,517.0,23.0,23.0,69.5,7.44,34.47,27.8,0.65,112.9,8.75,7.0,8.84,0.33,1,1,1.0,1,All-Rounder,0.83,31.8001,51.3133,42.4855,23.0,0.2255,9.5805,30.7686,14.8775,18.82
Mohammad Nabi,PSL,350.0,245.0,18.0,18.0,14.0,25.0,142.86,31.0,16.0,19.18,10.0,416.0,505.0,21.0,21.0,69.33,7.28,50.5,41.6,0.48,116.22,16.12,14.33,6.8,0.56,1,1,1.0,1,All-Rounder,0.86,35.851,48.5271,42.6771,21.0,0.3889,16.5971,39.033,22.2061,30.87
Mohammad Nabi,T20_Blast,524.0,378.0,29.0,29.0,25.0,20.96,138.62,32.0,30.0,16.4,26.0,668.0,763.0,30.0,30.0,111.33,6.85,29.35,25.69,0.87,0.0,0.0,0.0,38.82,0.0,1,1,1.0,1,All-Rounder,0.97,33.1212,54.6738,44.0807,30.0,0.4545,20.0347,0.0,15.026,19.06
Mohammad Nawaz,PSL,295.0,234.0,23.0,23.0,20.0,14.75,126.07,32.0,8.0,17.09,22.0,492.0,715.0,26.0,26.0,82.0,8.72,32.5,22.36,0.85,127.91,17.19,14.47,8.93,0.77,1,1,1.0,1,All-Rounder,0.88,28.9113,51.6517,40.9774,26.0,0.4815,19.7306,41.495,25.1717,35.74
Mohammad Nawaz (3),PSL,521.0,479.0,40.0,40.0,27.0,19.3,108.77,40.0,19.0,12.32,50.0,1132.0,1348.0,57.0,57.0,188.67,7.14,26.96,22.64,0.88,0.0,0.0,0.0,38.82,0.0,1,1,1.0,1,All-Rounder,0.7,26.7577,59.3627,45.9164,57.0,1.0,45.9164,0.0,34.4373,50.98
Mohammad Rizwan,PSL,2403.0,1885.0,72.0,72.0,58.0,41.43,127.48,216.0,60.0,14.64,0.0,0.0,0.0,0.0,0.0,0.0,58.23,203.5,118.8,0.0,130.81,50.1,41.75,38.82,0.0,1,0,1.0,0,Wicketkeeper-Batsman,72.0,43.9483,0.0,48.3431,72.0,1.0,48.3431,59.3411,51.0926,87.64
Mohammad Sami,CPL,6.0,9.0,1.0,1.0,1.0,6.0,66.67,0.0,0.0,0.0,12.0,258.0,355.0,12.0,12.0,43.0,8.26,29.58,21.5,1.0,0.0,0.0,0.0,38.82,0.0,1,1,1.0,1,Bowler,0.08,9.2559,50.5154,50.5154,12.0,0.1667,8.4209,0.0,6.3157,3.54
Mohammad Sami,PSL,39.0,39.0,12.0,12.0,6.0,6.5,100.0,2.0,1.0,7.69,43.0,768.0,890.0,36.0,36.0,128.0,6.95,20.7,17.86,1.19,0.0,0.0,0.0,38.82,0.0,1,1,1.0,1,Bowler,0.33,17.4384,58.9543,58.9543,36.0,0.6667,39.3048,0.0,29.4786,31.79
Mohammad Umar,PSL,4.0,13.0,4.0,4.0,3.0,1.33,30.77,0.0,0.0,0.0,10.0,209.0,330.0,10.0,10.0,34.83,9.47,33.0,20.9,1.0,33.33,2.0,1.33,9.02,1.0,1,1,1.0,1,Bowler,0.4,2.9534,48.505,48.505,10.0,0.1852,8.9831,60.8979,21.9618,22.62
Mohammad Wasim,PSL,145.0,119.0,19.0,19.0,13.0,11.15,121.85,10.0,9.0,15.97,37.0,729.0,1184.0,33.0,33.0,121.5,9.74,32.0,19.7,1.12,112.36,9.09,7.14,10.4,1.14,1,1,1.0,1,Bowler,0.58,26.1032,53.6283,53.6283,33.0,0.6111,32.7723,63.1359,40.3632,45.06
Mohammed Shami,IPL,74.0,79.0,23.0,23.0,13.0,5.69,93.67,6.0,2.0,10.13,127.0,2435.0,3419.0,110.0,110.0,405.83,8.42,26.92,19.17,1.15,83.33,2.5,2.5,8.0,1.45,1,1,1.0,1,Bowler,0.21,17.5807,73.1225,73.1225,110.0,1.0,73.1225,74.2702,73.4094,85.36
Mohammed Siraj,IPL,109.0,119.0,20.0,20.0,10.0,10.9,91.6,10.0,4.0,11.76,93.0,1958.0,2822.0,93.0,93.0,326.33,8.65,30.34,21.05,1.0,100.0,8.6,6.14,8.94,1.0,1,1,1.0,1,Bowler,0.22,20.0223,65.8401,65.8401,93.0,0.9118,60.033,60.9885,60.2719,69.34
Mohsin Khan,IPL,25.0,24.0,5.0,5.0,3.0,8.33,104.17,2.0,1.0,12.5,27.0,486.0,689.0,23.0,23.0,81.0,8.51,25.52,18.0,1.17,104.17,8.33,5.0,8.51,1.17,1,1,1.0,1,Bowler,0.22,20.8252,53.6931,53.6931,23.0,0.2255,12.1078,66.0909,25.6036,27.06
Mubasir Khan,PSL,49.0,51.0,6.0,6.0,6.0,8.17,96.08,4.0,1.0,9.8,2.0,96.0,139.0,11.0,11.0,16.0,8.69,69.5,48.0,0.18,96.08,8.17,8.17,8.69,0.18,1,1,1.0,1,Batsman,0.55,18.5364,43.2336,18.5364,11.0,0.2037,3.7759,17.5298,7.2144,10.02
Muhammad Musa,PSL,59.0,51.0,7.0,7.0,2.0,29.5,115.69,6.0,3.0,17.65,22.0,400.0,641.0,20.0,20.0,66.67,9.61,29.14,18.18,1.1,123.08,32.0,16.0,12.5,1.0,1,1,1.0,1,Bowler,0.35,32.301,51.1818,51.1818,20.0,0.3704,18.9577,56.9568,28.4575,30.54
Mujeeb Ur Rahman,BBL,55.0,57.0,12.0,12.0,11.0,5.0,96.49,5.0,1.0,10.53,52.0,1208.0,1292.0,52.0,52.0,201.33,6.42,24.85,23.23,1.0,30.0,1.5,1.5,6.95,1.0,1,1,1.0,1,Bowler,0.23,17.8295,60.7263,60.7263,52.0,0.619,37.5896,63.2422,44.0028,49.5
Mujeeb Ur Rahman,CPL,58.0,44.0,6.0,6.0,3.0,19.33,131.82,5.0,4.0,20.45,26.0,402.0,376.0,18.0,18.0,67.0,5.61,14.46,15.46,1.44,145.83,35.0,11.67,6.12,1.43,1,1,1.0,1,Bowler,0.33,32.1014,57.7328,57.7328,18.0,0.25,14.4332,75.8564,29.789,32.17
Mujeeb Ur Rahman,IPL,12.0,15.0,6.0,6.0,3.0,4.0,80.0,2.0,0.0,13.33,19.0,434.0,592.0,19.0,19.0,72.33,8.18,31.16,22.84,1.0,0.0,0.0,0.0,38.82,0.0,1,1,1.0,1,Bowler,0.32,16.5142,51.7665,51.7665,19.0,0.1863,9.6441,0.0,7.2331,4.66
Mujeeb Ur Rahman,PSL,3.0,3.0,2.0,2.0,1.0,3.0,100.0,0.0,0.0,0.0,6.0,264.0,381.0,11.0,11.0,44.0,8.66,63.5,44.0,0.55,100.0,3.0,1.5,8.71,0.57,1,1,1.0,1,Bowler,0.18,12.5017,44.7809,44.7809,11.0,0.2037,9.1219,49.5748,19.2351,19.3
Mujeeb Ur Rahman,T20_Blast,23.0,26.0,9.0,9.0,5.0,4.6,88.46,1.0,1.0,7.69,26.0,647.0,766.0,28.0,28.0,107.83,7.1,29.46,24.88,0.93,0.0,0.0,0.0,38.82,0.0,1,1,1.0,1,Bowler,0.32,15.2237,54.4123,54.4123,28.0,0.4242,23.0817,0.0,17.3113,16.95
Mukesh Choudhary,IPL,6.0,6.0,2.0,2.0,1.0,6.0,100.0,1.0,0.0,16.67,16.0,279.0,451.0,14.0,14.0,46.5,9.7,28.19,17.44,1.14,100.0,6.0,3.0,9.7,1.14,1,1,1.0,1,Bowler,0.14,21.3492,50.0385,50.0385,14.0,0.1373,6.8703,63.9287,21.1349,21.61
Mukesh Kumar,IPL,10.0,18.0,5.0,5.0,1.0,10.0,55.56,0.0,0.0,0.0,24.0,399.0,694.0,20.0,20.0,66.5,10.44,28.92,16.62,1.2,55.56,10.0,2.0,10.44,1.2,1,1,1.0,1,Bowler,0.25,9.2426,50.7759,50.7759,20.0,0.1961,9.9572,64.7196,23.6478,24.68
Mustafizur Rahman,IPL,13.0,23.0,6.0,6.0,1.0,13.0,56.52,0.0,1.0,4.35,61.0,1299.0,1761.0,57.0,57.0,216.5,8.13,28.87,21.3,1.07,66.67,4.0,2.0,8.71,1.21,1,1,1.0,1,Bowler,0.11,12.4654,60.2926,60.2926,57.0,0.5588,33.6915,66.9504,42.0062,47.07
N Jagadeesan,IPL,162.0,147.0,10.0,10.0,9.0,18.0,110.2,21.0,2.0,15.65,0.0,0.0,0.0,0.0,0.0,0.0,58.23,203.5,118.8,0.0,109.32,18.43,16.12,38.82,0.0,1,0,1.0,0,Batsman,10.0,26.9177,0.0,26.9177,10.0,0.098,2.6379,28.0396,8.9883,13.03
N McAndrew,BBL,308.0,206.0,40.0,40.0,22.0,14.0,149.51,29.0,11.0,19.42,60.0,1241.0,1822.0,67.0,67.0,206.83,8.81,30.37,20.68,0.9,141.23,11.5,7.67,8.09,1.0,1,1,1.0,1,All-Rounder,0.6,32.8086,59.2388,49.3592,67.0,0.7976,39.3689,42.405,40.1279,60.33
N McAndrew,T20_Blast,205.0,109.0,17.0,17.0,9.0,22.78,188.07,11.0,17.0,25.69,21.0,401.0,671.0,20.0,20.0,66.83,10.04,31.95,19.1,1.05,188.07,22.78,12.06,10.04,1.05,1,1,1.0,1,Bowler,0.85,43.5049,50.215,50.215,20.0,0.303,15.2151,61.1002,26.6864,28.38
N Pooran,CPL,2409.0,1589.0,101.0,101.0,86.0,28.01,151.6,157.0,174.0,20.83,0.0,0.0,0.0,0.0,0.0,0.0,58.23,203.5,118.8,0.0,156.77,33.44,30.1,38.82,0.0,1,0,1.0,0,Wicketkeeper-Batsman,101.0,45.2391,0.0,49.763,101.0,1.0,49.763,47.5061,49.1988,84.27
N Pooran,IPL,1769.0,1092.0,72.0,72.0,57.0,31.04,162.0,113.0,127.0,21.98,0.0,0.0,0.0,0.0,0.0,0.0,58.23,203.5,118.8,0.0,166.38,41.54,27.69,38.82,0.0,1,0,1.0,0,Wicketkeeper-Batsman,72.0,46.1952,0.0,50.8147,72.0,0.7059,35.8701,50.3325,39.4857,66.99
N Rana,IPL,2636.0,1952.0,101.0,101.0,92.0,28.65,135.04,234.0,132.0,18.75,10.0,180.0,252.0,24.0,24.0,30.0,8.4,25.2,18.0,0.42,141.18,29.14,27.2,9.05,0.38,1,1,1.0,1,Batsman,4.21,43.0591,50.5244,43.0591,101.0,0.9902,42.6371,42.4281,42.5848,70.06
N Saini,IPL,140.0,141.0,10.0,10.0,10.0,14.0,99.29,16.0,0.0,11.35,0.0,0.0,0.0,0.0,0.0,0.0,58.23,203.5,118.8,0.0,0.0,0.0,0.0,38.82,0.0,1,0,1.0,0,Batsman,10.0,22.0178,0.0,22.0178,10.0,0.098,2.1577,0.0,1.6183,0.52
N Wadhera,IPL,350.0,250.0,16.0,16.0,15.0,23.33,140.0,32.0,18.0,20.0,0.0,12.0,13.0,1.0,1.0,2.0,6.5,203.5,118.8,0.0,140.0,23.33,21.88,6.5,0.0,1,1,1.0,0,Batsman,16.0,35.2737,28.5534,35.2737,16.0,0.1569,5.5344,36.561,13.291,20.33
NA Gordon,CPL,5.0,9.0,2.0,2.0,2.0,2.5,55.56,1.0,0.0,11.11,13.0,246.0,376.0,14.0,14.0,41.0,9.17,28.92,18.92,0.93,55.56,2.5,2.5,9.17,0.93,1,1,1.0,1,Bowler,0.14,11.763,49.8891,49.8891,14.0,0.1944,9.6984,58.8276,21.9807,22.64
NA McSweeney,BBL,637.0,545.0,26.0,26.0,23.0,27.7,116.88,54.0,14.0,12.48,5.0,53.0,60.0,6.0,6.0,8.83,6.8,12.0,10.6,0.83,119.24,31.32,27.05,7.03,1.25,1,1,1.0,1,Batsman,4.33,31.2102,52.7573,31.2102,26.0,0.3095,9.6596,41.199,17.5444,27.55
NA Sowter,T20_Blast,222.0,198.0,38.0,38.0,22.0,10.09,112.12,21.0,3.0,12.12,122.0,2174.0,2750.0,106.0,106.0,362.33,7.59,22.54,17.82,1.15,105.0,8.4,4.67,6.83,1.46,1,1,1.0,1,Bowler,0.36,22.9131,73.5082,73.5082,106.0,1.0,73.5082,75.8668,74.0979,86.2
NB Cornwell,T20_Blast,25.0,22.0,4.0,4.0,0.0,25.0,113.64,2.0,1.0,13.64,8.0,170.0,251.0,10.0,10.0,28.33,8.86,31.38,21.25,0.8,113.64,25.0,6.25,8.86,0.8,1,1,0.0,1,Bowler,0.4,28.4693,48.9187,48.9187,10.0,0.1515,7.4112,55.6493,19.4707,19.58
NCR Larkin,BBL,1069.0,888.0,50.0,50.0,35.0,30.54,120.38,107.0,17.0,13.96,0.0,0.0,0.0,0.0,0.0,0.0,58.23,203.5,118.8,0.0,114.71,29.25,18.0,38.82,0.0,1,0,1.0,0,Batsman,50.0,34.7046,0.0,34.7046,50.0,0.5952,20.6562,34.2823,24.0627,38.62
ND Stewart,CPL,24.0,17.0,8.0,8.0,4.0,6.0,141.18,1.0,2.0,17.65,5.0,120.0,183.0,10.0,10.0,20.0,9.15,36.6,24.0,0.5,0.0,0.0,0.0,38.82,0.0,1,1,1.0,1,Bowler,0.8,27.1934,47.4045,47.4045,10.0,0.1389,6.5845,0.0,4.9384,1.86
NE Bonner,CPL,358.0,404.0,19.0,19.0,17.0,21.06,88.61,27.0,9.0,8.91,0.0,0.0,0.0,0.0,0.0,0.0,58.23,203.5,118.8,0.0,0.0,0.0,0.0,38.82,0.0,1,0,1.0,0,Batsman,19.0,22.6697,0.0,22.6697,19.0,0.2639,5.9825,0.0,4.4869,5.39
NJ Dexter,T20_Blast,510.0,430.0,35.0,35.0,30.0,17.0,118.6,52.0,15.0,15.58,23.0,558.0,676.0,36.0,36.0,93.0,7.27,29.39,24.26,0.64,0.0,0.0,0.0,38.82,0.0,1,1,1.0,1,All-Rounder,0.97,28.705,53.667,41.3607,36.0,0.5455,22.5623,0.0,16.9217,22.18
NJ Maddinson,BBL,2033.0,1651.0,104.0,104.0,99.0,20.54,123.14,182.0,85.0,16.17,13.0,210.0,262.0,21.0,21.0,35.0,7.49,20.15,16.15,0.62,113.46,16.09,16.09,10.5,0.0,1,1,1.0,1,Batsman,4.95,35.5697,52.6327,35.5697,104.0,1.0,35.5697,27.4207,33.5324,54.7
NJ Maddinson,T20_Blast,245.0,177.0,10.0,10.0,7.0,35.0,138.42,17.0,12.0,16.38,0.0,0.0,0.0,0.0,0.0,0.0,58.23,203.5,118.8,0.0,0.0,0.0,0.0,38.82,0.0,1,0,1.0,0,Batsman,10.0,37.1731,0.0,37.1731,10.0,0.1515,5.6317,0.0,4.2238,4.94
NJ O'Brien,T20_Blast,389.0,318.0,22.0,22.0,19.0,20.47,122.33,36.0,8.0,13.84,0.0,0.0,0.0,0.0,0.0,0.0,58.23,203.5,118.8,0.0,0.0,0.0,0.0,38.82,0.0,1,0,1.0,0,Wicketkeeper-Batsman,22.0,29.2237,0.0,32.1461,22.0,0.3333,10.7143,0.0,8.0357,11.05
NJ Reardon,BBL,717.0,576.0,35.0,35.0,30.0,23.9,124.48,45.0,32.0,13.37,0.0,12.0,29.0,2.0,2.0,2.0,14.5,203.5,118.8,0.0,0.0,0.0,0.0,38.82,0.0,1,1,1.0,0,Batsman,17.5,31.5172,20.6192,31.5172,35.0,0.4167,13.1332,0.0,9.8499,14.49
NJ Rimmington,BBL,124.0,125.0,17.0,17.0,10.0,12.4,99.2,5.0,4.0,7.2,37.0,774.0,1056.0,41.0,41.0,129.0,8.19,28.54,20.92,0.9,0.0,0.0,0.0,38.82,0.0,1,1,1.0,1,Bowler,0.41,19.4547,55.5907,55.5907,41.0,0.4881,27.1338,0.0,20.3504,20.66
NJ Rimmington,T20_Blast,54.0,50.0,14.0,14.0,7.0,7.71,108.0,2.0,1.0,6.0,57.0,991.0,1394.0,47.0,47.0,165.17,8.44,24.46,17.39,1.21,0.0,0.0,0.0,38.82,0.0,1,1,1.0,1,Bowler,0.3,18.1594,59.7464,59.7464,47.0,0.7121,42.5454,0.0,31.909,34.75
NJ Selman,T20_Blast,514.0,398.0,20.0,20.0,20.0,25.7,129.15,53.0,13.0,16.58,0.0,0.0,0.0,0.0,0.0,0.0,58.23,203.5,118.8,0.0,0.0,0.0,0.0,38.82,0.0,1,0,1.0,0,Batsman,20.0,33.6218,0.0,33.6218,20.0,0.303,10.1874,0.0,7.6406,10.74
NL Buck,T20_Blast,99.0,89.0,17.0,17.0,8.0,12.38,111.24,6.0,6.0,13.48,51.0,935.0,1406.0,48.0,48.0,155.83,9.02,27.57,18.33,1.06,172.73,19.0,19.0,8.67,0.0,1,1,1.0,1,Bowler,0.35,23.8587,57.6184,57.6184,48.0,0.7273,41.9059,34.145,39.9657,44.58
NLJ Browne,T20_Blast,152.0,127.0,11.0,11.0,9.0,16.89,119.69,14.0,2.0,12.6,0.0,0.0,0.0,0.0,0.0,0.0,58.23,203.5,118.8,0.0,0.0,0.0,0.0,38.82,0.0,1,0,1.0,0,Batsman,11.0,26.2997,0.0,26.2997,11.0,0.1667,4.3842,0.0,3.2882,3.35
NLTC Perera,CPL,78.0,78.0,10.0,10.0,8.0,9.75,100.0,5.0,3.0,10.26,6.0,167.0,250.0,11.0,11.0,27.83,8.98,41.67,27.83,0.55,0.0,0.0,0.0,38.82,0.0,1,1,1.0,1,Bowler,0.91,19.9069,47.1454,47.1454,11.0,0.1528,7.2038,0.0,5.4028,2.43
NLTC Perera,IPL,424.0,309.0,30.0,30.0,22.0,19.27,137.22,23.0,26.0,15.86,31.0,698.0,1016.0,36.0,36.0,116.33,8.73,32.77,22.52,0.86,0.0,0.0,0.0,38.82,0.0,1,1,1.0,1,All-Rounder,0.83,31.7792,53.3647,43.5541,36.0,0.3529,15.3702,0.0,11.5277,13.31
NLTC Perera,PSL,89.0,66.0,7.0,7.0,7.0,12.71,134.85,7.0,5.0,18.18,11.0,157.0,235.0,10.0,10.0,26.17,8.98,21.36,14.27,1.1,0.0,0.0,0.0,38.82,0.0,1,1,1.0,1,Bowler,0.7,29.1935,50.6161,50.6161,10.0,0.1852,9.3741,0.0,7.0306,4.41
NM Coulter-Nile,BBL,345.0,252.0,46.0,46.0,31.0,11.13,136.9,21.0,23.0,17.46,90.0,1599.0,1989.0,74.0,74.0,266.5,7.46,22.1,17.77,1.22,85.71,3.43,2.67,6.73,1.5,1,1,1.0,1,All-Rounder,0.62,29.3637,67.4473,52.8499,74.0,0.881,46.5608,44.1037,45.9465,69.9
NM Coulter-Nile,IPL,82.0,72.0,16.0,16.0,11.0,7.45,113.89,7.0,4.0,15.28,48.0,857.0,1100.0,38.0,38.0,142.83,7.7,22.92,17.85,1.26,50.0,1.0,1.0,16.0,0.0,1,1,1.0,1,Bowler,0.42,23.2478,58.9134,58.9134,38.0,0.3725,21.9452,25.8437,22.9198,23.79
NM Hauritz,BBL,31.0,19.0,3.0,3.0,2.0,15.5,163.16,3.0,0.0,15.79,11.0,345.0,484.0,21.0,21.0,57.5,8.42,44.0,31.36,0.52,0.0,0.0,0.0,38.82,0.0,1,1,1.0,1,Bowler,0.14,32.5472,48.3901,48.3901,21.0,0.25,12.0975,0.0,9.0731,6.9
NM Lyon,BBL,40.0,48.0,14.0,14.0,9.0,4.44,83.33,2.0,0.0,4.17,43.0,766.0,918.0,36.0,36.0,127.67,7.19,21.35,17.81,1.19,0.0,0.0,0.0,9.33,0.0,1,1,1.0,1,Bowler,0.39,12.9136,58.6365,58.6365,36.0,0.4286,25.1316,33.3975,27.1981,29.01
NO Miller,CPL,14.0,20.0,8.0,8.0,1.0,14.0,70.0,1.0,0.0,5.0,17.0,606.0,716.0,34.0,34.0,101.0,7.09,42.12,35.65,0.5,0.0,0.0,0.0,38.82,0.0,1,1,1.0,1,Bowler,0.24,14.8699,51.1109,51.1109,34.0,0.4722,24.1346,0.0,18.1009,17.91
NR Hobson,BBL,481.0,359.0,29.0,29.0,19.0,25.32,133.98,36.0,21.0,15.88,0.0,0.0,0.0,0.0,0.0,0.0,58.23,203.5,118.8,0.0,143.75,24.64,15.0,38.82,0.0,1,0,1.0,0,Batsman,29.0,33.6833,0.0,33.6833,29.0,0.3452,11.6275,33.1953,17.0194,26.66
NR Welch,T20_Blast,508.0,392.0,24.0,24.0,23.0,22.09,129.59,48.0,24.0,18.37,0.0,0.0,0.0,0.0,0.0,0.0,58.23,203.5,118.8,0.0,138.91,22.61,21.42,38.82,0.0,1,0,1.0,0,Batsman,24.0,33.2206,0.0,33.2206,24.0,0.3636,12.079,35.8692,18.0266,28.37
NRD Compton,T20_Blast,263.0,193.0,12.0,12.0,12.0,21.92,136.27,34.0,4.0,19.69,0.0,0.0,0.0,0.0,0.0,0.0,58.23,203.5,118.8,0.0,0.0,0.0,0.0,38.82,0.0,1,0,1.0,0,Batsman,12.0,33.8769,0.0,33.8769,12.0,0.1818,6.1588,0.0,4.6191,5.61
NRJ Young,CPL,136.0,136.0,15.0,15.0,10.0,13.6,100.0,4.0,9.0,9.56,14.0,291.0,434.0,20.0,20.0,48.5,8.95,31.0,20.79,0.7,96.88,15.5,11.62,9.46,0.6,1,1,1.0,1,Bowler,0.75,21.1207,50.0469,50.0469,20.0,0.2778,13.903,49.5399,22.8122,23.66
NRT Gubbins,T20_Blast,530.0,457.0,39.0,39.0,39.0,13.59,115.97,54.0,15.0,15.1,1.0,30.0,30.0,2.0,2.0,5.0,6.0,30.0,30.0,0.5,83.33,3.75,3.75,38.82,0.0,1,1,1.0,1,Batsman,19.5,26.9989,50.5589,26.9989,39.0,0.5909,15.9537,11.7238,14.8962,23.06
NT Broom,T20_Blast,232.0,196.0,12.0,12.0,11.0,21.09,118.37,16.0,5.0,10.71,0.0,0.0,0.0,0.0,0.0,0.0,58.23,203.5,118.8,0.0,0.0,0.0,0.0,38.82,0.0,1,0,1.0,0,Batsman,12.0,26.9796,0.0,26.9796,12.0,0.1818,4.9049,0.0,3.6787,4.02
NT Ellis,BBL,348.0,267.0,39.0,39.0,26.0,13.38,130.34,31.0,12.0,16.1,86.0,1568.0,2142.0,71.0,71.0,261.33,8.2,24.91,18.23,1.21,136.67,18.64,11.39,8.27,1.26,1,1,1.0,1,All-Rounder,0.55,28.6837,65.5877,52.5052,71.0,0.8452,44.3774,48.2812,45.3534,68.92
NT Ellis,IPL,19.0,25.0,5.0,5.0,4.0,4.75,76.0,0.0,1.0,4.0,18.0,354.0,508.0,16.0,16.0,59.0,8.61,28.22,19.67,1.12,11.11,0.33,0.33,8.71,1.31,1,1,1.0,1,Bowler,0.31,11.9293,51.5061,51.5061,16.0,0.1569,8.0813,69.6653,23.4773,24.47
NT Ellis,T20_Blast,58.0,53.0,13.0,13.0,5.0,11.6,109.43,4.0,2.0,11.32,38.0,588.0,698.0,29.0,29.0,98.0,7.12,18.37,15.47,1.31,109.43,11.6,4.46,7.12,1.31,1,1,1.0,1,Bowler,0.45,22.2131,58.0964,58.0964,29.0,0.4394,25.5276,71.4659,37.0122,40.98
NV Ojha,IPL,1554.0,1313.0,94.0,94.0,75.0,20.72,118.35,121.0,79.0,15.23,0.0,0.0,0.0,0.0,0.0,0.0,58.23,203.5,118.8,0.0,0.0,0.0,0.0,38.82,0.0,1,0,1.0,0,Wicketkeeper-Batsman,94.0,33.0801,0.0,36.3881,94.0,0.9216,33.5353,0.0,25.1515,41.5
Najibullah Zadran,CPL,281.0,258.0,16.0,16.0,16.0,17.56,108.91,21.0,12.0,12.79,0.0,0.0,0.0,0.0,0.0,0.0,58.23,203.5,118.8,0.0,44.44,2.67,2.67,38.82,0.0,1,0,1.0,0,Batsman,16.0,25.632,0.0,25.632,16.0,0.2222,5.6954,6.9514,6.0094,7.97
Naseem Shah,PSL,79.0,65.0,14.0,14.0,9.0,8.78,121.54,5.0,6.0,16.92,41.0,877.0,1150.0,40.0,40.0,146.17,7.87,28.05,21.39,1.02,131.48,8.88,5.92,7.74,1.2,1,1,1.0,1,Bowler,0.35,25.4636,56.7487,56.7487,40.0,0.7407,42.0338,67.7774,48.4697,54.95
Navdeep Saini,IPL,33.0,37.0,7.0,7.0,4.0,8.25,89.19,3.0,0.0,8.11,24.0,652.0,946.0,31.0,31.0,108.67,8.71,39.42,27.17,0.77,100.0,2.0,2.0,11.2,2.0,1,1,1.0,1,Bowler,0.23,16.8342,51.2018,51.2018,31.0,0.3039,15.5602,85.5784,33.0648,36.16
Naveen-ul-Haq,CPL,65.0,76.0,11.0,11.0,5.0,13.0,85.53,3.0,2.0,6.58,30.0,600.0,802.0,29.0,29.0,100.0,8.02,26.73,20.0,1.03,25.0,2.0,0.67,8.88,1.1,1,1,1.0,1,Bowler,0.38,17.4236,54.6158,54.6158,29.0,0.4028,21.9992,63.7714,32.4422,35.4
Naveen-ul-Haq,IPL,18.0,25.0,4.0,4.0,1.0,18.0,72.0,2.0,0.0,8.0,25.0,388.0,590.0,17.0,17.0,64.67,9.12,23.6,15.52,1.47,72.0,18.0,4.5,9.12,1.47,1,1,1.0,1,Bowler,0.24,17.9536,52.9337,52.9337,17.0,0.1667,8.824,73.5448,25.0042,26.33
Naveen-ul-Haq,PSL,33.0,20.0,3.0,3.0,1.0,33.0,165.0,4.0,1.0,25.0,13.0,228.0,371.0,10.0,10.0,38.0,9.76,28.54,17.54,1.3,165.0,33.0,11.0,9.76,1.3,1,1,1.0,1,Bowler,0.3,43.2687,49.3506,49.3506,10.0,0.1852,9.1397,68.2046,23.9059,24.99
Naveen-ul-Haq,T20_Blast,79.0,58.0,15.0,15.0,12.0,6.58,136.21,8.0,4.0,20.69,54.0,726.0,1002.0,33.0,33.0,121.0,8.28,18.56,13.44,1.64,130.23,7.0,6.22,7.98,1.47,1,1,1.0,1,Bowler,0.45,28.345,60.0445,60.0445,33.0,0.5,30.0222,74.8359,41.2256,46.11
Nikhil Chaudhary,BBL,386.0,288.0,15.0,15.0,16.0,24.12,134.03,37.0,10.0,16.32,9.0,240.0,306.0,17.0,17.0,40.0,7.65,34.0,26.67,0.53,134.03,24.12,25.73,7.65,0.53,1,1,1.0,1,Batsman,0.88,33.175,49.9921,33.175,17.0,0.2024,6.7146,38.7249,14.7172,22.75
Nithish Kumar Reddy,IPL,303.0,212.0,11.0,11.0,9.0,33.67,142.92,15.0,21.0,16.98,3.0,109.0,207.0,9.0,9.0,18.17,11.39,69.0,36.33,0.33,142.92,33.67,27.55,11.39,0.33,1,1,1.0,1,Batsman,1.22,37.747,40.8123,37.747,11.0,0.1078,4.0691,44.7219,14.2323,21.93
Noor Ahmad,CPL,1.0,4.0,1.0,1.0,1.0,1.0,25.0,0.0,0.0,0.0,22.0,282.0,291.0,12.0,12.0,47.0,6.19,13.23,12.82,1.83,25.0,1.0,1.0,6.19,1.83,1,1,1.0,1,Bowler,0.08,2.0805,56.5282,56.5282,12.0,0.1667,9.4233,86.6368,28.7267,30.87
Noor Ahmad,IPL,13.0,18.0,5.0,5.0,4.0,3.25,72.22,2.0,0.0,11.11,24.0,492.0,659.0,23.0,23.0,82.0,8.04,27.46,20.5,1.04,72.22,3.25,2.6,8.04,1.04,1,1,1.0,1,Bowler,0.22,14.2094,53.3355,53.3355,23.0,0.2255,12.0272,63.0937,24.7938,26.08
O Davies,BBL,834.0,641.0,43.0,43.0,41.0,20.34,130.11,53.0,38.0,14.2,0.0,25.0,32.0,4.0,4.0,4.17,7.67,203.5,118.8,0.0,126.59,22.53,21.81,7.67,0.0,1,1,1.0,0,Batsman,10.75,31.7412,27.393,31.7412,43.0,0.5119,16.2483,34.9225,20.9168,33.28
O Thomas,CPL,10.0,27.0,8.0,8.0,4.0,2.5,37.04,0.0,0.0,0.0,51.0,814.0,1243.0,40.0,40.0,135.67,9.16,24.37,15.96,1.27,40.0,2.0,1.0,9.28,1.2,1,1,1.0,1,Bowler,0.2,4.1969,57.8726,57.8726,40.0,0.5556,32.154,66.0333,40.6238,45.38
OA Shah,BBL,329.0,266.0,16.0,16.0,10.0,32.9,123.68,27.0,9.0,13.53,0.0,0.0,0.0,0.0,0.0,0.0,58.23,203.5,118.8,0.0,0.0,0.0,0.0,38.82,0.0,1,0,1.0,0,Batsman,16.0,33.4557,0.0,33.4557,16.0,0.1905,6.3733,0.0,4.78,5.88
OA Shah,IPL,506.0,389.0,22.0,22.0,15.0,33.73,130.08,34.0,23.0,14.65,0.0,0.0,0.0,0.0,0.0,0.0,58.23,203.5,118.8,0.0,0.0,0.0,0.0,38.82,0.0,1,0,1.0,0,Batsman,22.0,35.6521,0.0,35.6521,22.0,0.2157,7.6902,0.0,5.7676,7.56
OA Shah,T20_Blast,558.0,438.0,22.0,22.0,18.0,31.0,127.4,43.0,19.0,14.16,0.0,0.0,0.0,0.0,0.0,0.0,58.23,203.5,118.8,0.0,0.0,0.0,0.0,38.82,0.0,1,0,1.0,0,Batsman,22.0,34.2748,0.0,34.2748,22.0,0.3333,11.4238,0.0,8.5678,12.32
OB Cox,T20_Blast,2295.0,1786.0,121.0,121.0,84.0,27.32,128.5,209.0,53.0,14.67,0.0,0.0,0.0,0.0,0.0,0.0,58.23,203.5,118.8,0.0,131.97,21.12,17.71,38.82,0.0,1,0,1.0,0,Wicketkeeper-Batsman,121.0,38.7751,0.0,42.6526,121.0,1.0,42.6526,32.2863,40.061,68.02
OC McCoy,CPL,61.0,54.0,11.0,11.0,8.0,7.62,112.96,4.0,5.0,16.67,56.0,1015.0,1471.0,52.0,52.0,169.17,8.7,26.27,18.12,1.08,106.45,6.6,4.71,8.83,1.0,1,1,1.0,1,Bowler,0.21,23.7705,59.071,59.071,52.0,0.7222,42.6611,61.1131,47.2741,53.49
OE Robinson,T20_Blast,163.0,149.0,26.0,26.0,17.0,9.59,109.4,12.0,1.0,8.72,63.0,1202.0,1665.0,60.0,60.0,200.33,8.31,26.43,19.08,1.05,131.48,17.75,11.83,6.96,1.2,1,1,1.0,1,Bowler,0.43,20.6138,60.8041,60.8041,60.0,0.9091,55.277,68.6607,58.6229,67.33
OF Smith,CPL,401.0,299.0,31.0,31.0,21.0,19.1,134.11,26.0,32.0,19.4,48.0,799.0,1313.0,46.0,46.0,133.17,9.86,27.35,16.65,1.04,141.76,18.43,13.58,11.89,0.9,1,1,1.0,1,All-Rounder,0.67,32.8968,56.2269,46.8342,46.0,0.6389,29.9224,42.2184,32.9964,48.61
OG Robinson,T20_Blast,995.0,794.0,52.0,52.0,43.0,23.14,125.31,83.0,26.0,13.73,0.0,0.0,0.0,0.0,0.0,0.0,58.23,203.5,118.8,0.0,128.77,25.07,20.32,38.82,0.0,1,0,1.0,0,Wicketkeeper-Batsman,52.0,32.3916,0.0,35.6308,52.0,0.7879,28.0735,35.2749,29.8738,49.9
OJ Carter,T20_Blast,172.0,144.0,14.0,14.0,13.0,13.23,119.44,16.0,7.0,15.97,0.0,0.0,0.0,0.0,0.0,0.0,58.23,203.5,118.8,0.0,121.13,13.23,13.23,38.82,0.0,1,0,1.0,0,Batsman,14.0,26.61,0.0,26.61,14.0,0.2121,5.644,25.1564,10.5221,15.63
OJ Hannon-Dalby,T20_Blast,55.0,62.0,13.0,13.0,6.0,9.17,88.71,3.0,2.0,8.06,70.0,1173.0,1753.0,56.0,56.0,195.5,8.97,25.04,16.76,1.25,28.57,2.0,2.0,10.19,0.0,1,1,1.0,1,Bowler,0.23,17.1422,61.6861,61.6861,56.0,0.8485,52.3407,32.4236,47.3614,53.6
OJ Pope,T20_Blast,1216.0,896.0,48.0,48.0,37.0,32.86,135.71,117.0,18.0,15.07,0.0,0.0,0.0,0.0,0.0,0.0,58.23,203.5,118.8,0.0,133.07,37.11,30.36,38.82,0.0,1,0,1.0,0,Wicketkeeper-Batsman,48.0,38.4848,0.0,42.3333,48.0,0.7273,30.789,46.9958,34.8407,58.73
OJ Price,T20_Blast,283.0,231.0,21.0,21.0,16.0,17.69,122.51,25.0,9.0,14.72,20.0,233.0,355.0,20.0,20.0,38.83,9.14,17.75,11.65,1.0,122.51,17.69,13.48,9.14,1.0,1,1,1.0,1,All-Rounder,1.05,28.3453,52.6569,40.2045,21.0,0.3182,12.7931,44.0434,20.6057,28.24
OP Rayner,T20_Blast,98.0,109.0,16.0,16.0,11.0,8.91,89.91,8.0,1.0,8.26,12.0,496.0,647.0,24.0,24.0,82.67,7.83,53.92,41.33,0.5,0.0,0.0,0.0,38.82,0.0,1,1,1.0,1,Bowler,0.67,17.4333,47.9517,47.9517,24.0,0.3636,17.4352,0.0,13.0764,11.79
OP Stone,T20_Blast,143.0,137.0,25.0,25.0,13.0,11.0,104.38,6.0,5.0,8.03,72.0,1377.0,2036.0,69.0,69.0,229.5,8.87,28.28,19.12,1.04,98.72,11.0,7.0,8.7,1.17,1,1,1.0,1,Bowler,0.36,20.0775,61.7775,61.7775,69.0,1.0,61.7775,65.8757,62.802,72.43
ORT Sale,T20_Blast,20.0,19.0,5.0,5.0,2.0,10.0,105.26,0.0,1.0,5.26,13.0,196.0,341.0,10.0,10.0,32.67,10.44,26.23,15.08,1.3,0.0,0.0,0.0,38.82,0.0,1,1,1.0,1,Bowler,0.5,18.1619,48.96,48.96,10.0,0.1515,7.4174,0.0,5.563,2.62
P Awana,IPL,5.0,14.0,5.0,5.0,2.0,2.5,35.71,0.0,0.0,0.0,39.0,747.0,1029.0,33.0,33.0,124.5,8.27,26.38,19.15,1.18,0.0,0.0,0.0,38.82,0.0,1,1,1.0,1,Bowler,0.15,4.0091,56.1669,56.1669,33.0,0.3235,18.17,0.0,13.6275,12.46
P Coughlin,T20_Blast,755.0,572.0,46.0,46.0,37.0,20.41,131.99,51.0,22.0,12.76,68.0,1057.0,1717.0,59.0,59.0,176.17,9.75,25.25,15.54,1.15,121.95,14.29,14.29,9.93,0.95,1,1,1.0,1,All-Rounder,0.78,31.0909,60.4964,47.6139,59.0,0.8939,42.5621,42.4244,42.5277,64.28
P Dogra,IPL,127.0,138.0,12.0,12.0,11.0,11.55,92.03,4.0,5.0,6.52,0.0,0.0,0.0,0.0,0.0,0.0,58.23,203.5,118.8,0.0,0.0,0.0,0.0,38.82,0.0,1,0,1.0,0,Batsman,12.0,17.9184,0.0,17.9184,12.0,0.1176,2.1072,0.0,1.5804,0.45
P Hatzoglou,BBL,29.0,39.0,8.0,8.0,4.0,7.25,74.36,2.0,0.0,5.13,41.0,948.0,1232.0,45.0,45.0,158.0,7.8,30.05,23.12,0.91,100.0,11.0,3.67,7.89,0.5,1,1,1.0,1,Bowler,0.18,13.1583,56.5724,56.5724,45.0,0.5357,30.3058,48.603,34.8801,38.38
P Hatzoglou,T20_Blast,45.0,31.0,6.0,6.0,1.0,45.0,145.16,3.0,1.0,12.9,17.0,278.0,404.0,13.0,13.0,46.33,8.72,23.76,16.35,1.31,145.16,45.0,7.5,8.72,1.31,1,1,1.0,1,Bowler,0.46,39.3288,51.7498,51.7498,13.0,0.197,10.1947,69.6539,25.0595,26.4
P Kumar,IPL,340.0,314.0,57.0,57.0,38.0,8.95,108.28,22.0,17.0,12.42,90.0,2524.0,3251.0,119.0,119.0,420.67,7.73,36.12,28.04,0.76,0.0,0.0,0.0,38.82,0.0,1,1,1.0,1,Bowler,0.48,22.5216,65.4572,65.4572,119.0,1.0,65.4572,0.0,49.0929,55.71
P Mustard,T20_Blast,1119.0,982.0,48.0,48.0,47.0,23.81,113.95,127.0,26.0,15.58,0.0,0.0,0.0,0.0,0.0,0.0,58.23,203.5,118.8,0.0,0.0,0.0,0.0,38.82,0.0,1,0,1.0,0,Wicketkeeper-Batsman,48.0,32.4077,0.0,35.6485,48.0,0.7273,25.9272,0.0,19.4454,31.35
P Negi,IPL,365.0,289.0,35.0,35.0,26.0,14.04,126.3,27.0,16.0,14.88,34.0,716.0,939.0,42.0,42.0,119.33,7.87,27.62,21.06,0.81,0.0,0.0,0.0,38.82,0.0,1,1,1.0,1,All-Rounder,0.83,27.8775,55.4357,42.9105,42.0,0.4118,17.6705,0.0,13.2529,16.15
P Simran Singh,IPL,756.0,517.0,34.0,34.0,34.0,22.24,146.23,78.0,41.0,23.02,0.0,0.0,0.0,0.0,0.0,0.0,58.23,203.5,118.8,0.0,152.81,24.34,24.34,38.82,0.0,1,0,1.0,0,Batsman,34.0,38.3712,0.0,38.3712,34.0,0.3333,12.7891,39.7156,19.5207,30.91
P Sisodiya,T20_Blast,64.0,43.0,12.0,12.0,6.0,10.67,148.84,10.0,1.0,25.58,40.0,894.0,1223.0,40.0,40.0,149.0,8.21,30.58,22.35,1.0,131.58,10.0,6.25,8.99,1.05,1,1,1.0,1,Bowler,0.3,33.6593,55.9056,55.9056,40.0,0.6061,33.8844,62.2893,40.9856,45.82
PA Patel,IPL,2848.0,2358.0,136.0,136.0,126.0,22.6,120.78,365.0,49.0,17.56,0.0,0.0,0.0,0.0,0.0,0.0,58.23,203.5,118.8,0.0,0.0,0.0,0.0,38.82,0.0,1,0,1.0,0,Wicketkeeper-Batsman,136.0,39.1829,0.0,43.1012,136.0,1.0,43.1012,0.0,32.3259,54.26
PA Reddy,IPL,164.0,160.0,10.0,10.0,10.0,16.4,102.5,15.0,2.0,10.62,0.0,0.0,0.0,0.0,0.0,0.0,58.23,203.5,118.8,0.0,0.0,0.0,0.0,38.82,0.0,1,0,1.0,0,Batsman,10.0,23.015,0.0,23.015,10.0,0.098,2.2555,0.0,1.6916,0.64
PA van Meekeren,T20_Blast,33.0,27.0,8.0,8.0,5.0,6.6,122.22,2.0,2.0,14.81,12.0,254.0,433.0,15.0,15.0,42.33,10.23,36.08,21.17,0.8,125.0,20.0,6.67,11.14,1.0,1,1,1.0,1,Bowler,0.53,23.6538,47.7631,47.7631,15.0,0.2273,10.8566,58.497,22.7667,23.6
PBB Rajapaksa,CPL,264.0,189.0,10.0,10.0,9.0,29.33,139.68,21.0,16.0,19.58,0.0,0.0,0.0,0.0,0.0,0.0,58.23,203.5,118.8,0.0,139.68,29.33,26.4,38.82,0.0,1,0,1.0,0,Batsman,10.0,36.8866,0.0,36.8866,10.0,0.1389,5.1235,41.8711,14.3104,22.06
PBB Rajapaksa,IPL,277.0,191.0,13.0,13.0,12.0,23.08,145.03,22.0,15.0,19.37,0.0,0.0,0.0,0.0,0.0,0.0,58.23,203.5,118.8,0.0,145.03,23.08,21.31,38.82,0.0,1,0,1.0,0,Batsman,13.0,35.3148,0.0,35.3148,13.0,0.1275,4.5026,36.5732,12.5203,19.02
PC Valthaty,IPL,505.0,418.0,23.0,23.0,22.0,22.95,120.81,61.0,20.0,19.38,7.0,151.0,205.0,10.0,10.0,25.17,8.14,29.29,21.57,0.7,0.0,0.0,0.0,38.82,0.0,1,1,1.0,1,Batsman,2.3,32.8497,49.6945,32.8497,23.0,0.2255,7.4076,0.0,5.5557,7.2
PD Collingwood,T20_Blast,1118.0,917.0,51.0,51.0,42.0,26.62,121.92,82.0,32.0,12.43,39.0,993.0,1192.0,50.0,50.0,165.5,7.2,30.56,25.46,0.78,0.0,0.0,0.0,38.82,0.0,1,1,1.0,1,All-Rounder,1.02,32.9587,56.7146,44.7179,51.0,0.7727,34.5535,0.0,25.9151,36.97
PD Salt,BBL,671.0,458.0,30.0,30.0,29.0,23.14,146.51,74.0,21.0,20.74,0.0,0.0,0.0,0.0,0.0,0.0,58.23,203.5,118.8,0.0,0.0,0.0,0.0,38.82,0.0,1,0,1.0,0,Wicketkeeper-Batsman,30.0,37.3962,0.0,41.1358,30.0,0.3571,14.6896,0.0,11.0172,16.35
PD Salt,IPL,653.0,372.0,21.0,21.0,19.0,34.37,175.54,74.0,34.0,29.03,0.0,0.0,0.0,0.0,0.0,0.0,58.23,203.5,118.8,0.0,175.54,34.37,31.1,38.82,0.0,1,0,1.0,0,Wicketkeeper-Batsman,21.0,48.9317,0.0,53.8249,21.0,0.2059,11.0825,50.2793,20.8817,33.9
PD Salt,PSL,204.0,172.0,18.0,18.0,17.0,12.0,118.6,26.0,3.0,16.86,0.0,0.0,0.0,0.0,0.0,0.0,58.23,203.5,118.8,0.0,114.55,9.0,7.88,38.82,0.0,1,0,1.0,0,Wicketkeeper-Batsman,18.0,26.5821,0.0,29.2403,18.0,0.3333,9.7458,19.4319,12.1673,18.4
PD Salt,T20_Blast,2159.0,1425.0,85.0,85.0,78.0,27.68,151.51,233.0,78.0,21.82,0.0,0.0,0.0,0.0,0.0,0.0,58.23,203.5,118.8,0.0,143.2,25.21,24.34,38.82,0.0,1,0,1.0,0,Wicketkeeper-Batsman,85.0,44.7929,0.0,49.2722,85.0,1.0,49.2722,39.1821,46.7497,79.92
PD Trego,T20_Blast,1588.0,1188.0,73.0,73.0,65.0,24.43,133.67,182.0,44.0,19.02,8.0,174.0,289.0,19.0,19.0,29.0,9.97,36.12,21.75,0.42,0.0,0.0,0.0,38.82,0.0,1,1,1.0,1,Batsman,3.84,38.2479,47.2356,38.2479,73.0,1.0,38.2479,0.0,28.6859,46.47
PG Dooley,BBL,54.0,66.0,12.0,12.0,4.0,13.5,81.82,6.0,1.0,10.61,25.0,431.0,540.0,20.0,20.0,71.83,7.52,21.6,17.24,1.25,79.37,12.5,4.55,7.59,1.32,1,1,1.0,1,Bowler,0.6,18.9661,54.7663,54.7663,20.0,0.2381,13.0399,71.2052,27.5812,29.47
PI Walter,BBL,166.0,134.0,14.0,14.0,12.0,13.83,123.88,15.0,7.0,16.42,21.0,318.0,467.0,17.0,17.0,53.0,8.81,22.24,15.14,1.24,123.88,13.83,11.86,8.81,1.24,1,1,1.0,1,Bowler,0.82,27.5879,52.6278,52.6278,17.0,0.2024,10.6519,67.6516,24.9018,26.21
PI Walter,T20_Blast,1555.0,1081.0,84.0,84.0,68.0,22.87,143.85,123.0,76.0,18.41,58.0,1068.0,1610.0,73.0,73.0,178.0,9.04,27.76,18.41,0.79,151.95,26.32,23.19,8.94,0.97,1,1,1.0,1,All-Rounder,1.15,38.6272,58.941,48.0731,84.0,1.0,48.0731,49.9658,48.5463,74.17
PJ Cummins,BBL,161.0,120.0,10.0,10.0,6.0,26.83,134.17,10.0,8.0,15.0,16.0,328.0,485.0,15.0,15.0,54.67,8.87,30.31,20.5,1.07,0.0,0.0,0.0,38.82,0.0,1,1,1.0,1,Bowler,0.67,32.8321,50.6013,50.6013,15.0,0.1786,9.0374,0.0,6.778,4.1
PJ Cummins,IPL,515.0,344.0,39.0,39.0,26.0,19.81,149.71,33.0,34.0,19.48,63.0,1319.0,1923.0,58.0,58.0,219.83,8.75,30.52,20.94,1.09,167.23,19.9,13.27,9.63,1.19,1,1,1.0,1,All-Rounder,0.67,35.5599,59.8652,50.092,58.0,0.5686,28.4823,48.843,33.5725,49.55
PJ Forrest,BBL,478.0,458.0,24.0,24.0,20.0,23.9,104.37,36.0,10.0,10.04,0.0,0.0,0.0,0.0,0.0,0.0,58.23,203.5,118.8,0.0,0.0,0.0,0.0,38.82,0.0,1,0,1.0,0,Batsman,24.0,26.6144,0.0,26.6144,24.0,0.2857,7.6037,0.0,5.7028,7.45
PJ Horton,T20_Blast,440.0,374.0,20.0,20.0,17.0,25.88,117.65,41.0,6.0,12.57,0.0,0.0,0.0,0.0,0.0,0.0,58.23,203.5,118.8,0.0,0.0,0.0,0.0,38.82,0.0,1,0,1.0,0,Batsman,20.0,30.0946,0.0,30.0946,20.0,0.303,9.1187,0.0,6.839,9.38
PJ Malan,T20_Blast,290.0,217.0,11.0,11.0,11.0,26.36,133.64,28.0,10.0,17.51,0.0,0.0,0.0,0.0,0.0,0.0,58.23,203.5,118.8,0.0,137.33,25.75,25.75,38.82,0.0,1,0,1.0,0,Batsman,11.0,34.1712,0.0,34.1712,11.0,0.1667,5.6963,39.7352,14.206,21.89
PJ Sangwan,IPL,26.0,44.0,14.0,14.0,8.0,3.25,59.09,1.0,0.0,2.27,38.0,856.0,1240.0,42.0,42.0,142.67,8.69,32.63,22.53,0.9,40.0,2.0,2.0,7.22,1.0,1,1,1.0,1,Bowler,0.33,8.4252,54.7875,54.7875,42.0,0.4118,22.5615,62.9364,32.6552,35.66
PK Garg,IPL,273.0,241.0,19.0,19.0,18.0,15.17,113.28,16.0,9.0,10.37,0.0,0.0,0.0,0.0,0.0,0.0,58.23,203.5,118.8,0.0,121.43,17.0,17.0,38.82,0.0,1,0,1.0,0,Batsman,19.0,24.1995,0.0,24.1995,19.0,0.1863,4.5084,29.1172,10.6606,15.87
PM Nevill,BBL,325.0,316.0,31.0,31.0,22.0,14.77,102.85,28.0,2.0,9.49,0.0,0.0,0.0,0.0,0.0,0.0,58.23,203.5,118.8,0.0,0.0,0.0,0.0,38.82,0.0,1,0,1.0,0,Wicketkeeper-Batsman,31.0,22.4597,0.0,24.7057,31.0,0.369,9.1164,0.0,6.8373,8.92
PM Siddle,BBL,68.0,83.0,24.0,24.0,11.0,6.18,81.93,5.0,2.0,8.43,111.0,1896.0,2402.0,92.0,92.0,316.0,7.6,21.64,17.08,1.21,111.11,15.0,3.33,8.18,0.88,1,1,1.0,1,Bowler,0.26,15.422,71.4625,71.4625,92.0,1.0,71.4625,58.5913,68.2447,79.06
PM Siddle,T20_Blast,22.0,23.0,8.0,8.0,5.0,4.4,95.65,1.0,0.0,4.35,27.0,451.0,656.0,23.0,23.0,75.17,8.73,24.3,16.7,1.17,104.76,7.33,3.67,8.58,1.33,1,1,1.0,1,Bowler,0.35,14.5221,53.6248,53.6248,23.0,0.3485,18.6882,70.3555,31.605,34.38
PP Chawla,IPL,624.0,563.0,86.0,86.0,56.0,11.14,110.83,56.0,20.0,13.5,192.0,3850.0,5108.0,191.0,191.0,641.67,7.96,26.6,20.05,1.01,108.11,6.67,4.0,8.41,1.3,1,1,1.0,1,Batsman,0.45,25.015,86.301,25.015,191.0,1.0,25.015,15.4355,22.6201,36.17
PP Ojha,IPL,16.0,45.0,19.0,19.0,12.0,1.33,35.56,0.0,0.0,0.0,89.0,1899.0,2337.0,90.0,90.0,316.5,7.38,26.26,21.34,0.99,0.0,0.0,0.0,38.82,0.0,1,1,1.0,1,Bowler,0.21,3.6109,66.8205,66.8205,90.0,0.8824,58.9624,0.0,44.2218,49.77
PP Shaw,IPL,1892.0,1283.0,79.0,79.0,79.0,23.95,147.47,238.0,61.0,23.3,0.0,0.0,0.0,0.0,0.0,0.0,58.23,203.5,118.8,0.0,150.13,22.58,22.58,38.82,0.0,1,0,1.0,0,Batsman,79.0,42.8105,0.0,42.8105,79.0,0.7745,33.1567,37.6284,34.2746,55.96
PR Brown,T20_Blast,60.0,82.0,20.0,20.0,8.0,7.5,73.17,1.0,0.0,1.22,117.0,1702.0,2614.0,83.0,83.0,283.67,9.21,22.34,14.55,1.41,79.25,8.4,3.5,9.77,1.5,1,1,1.0,1,Bowler,0.24,11.3647,70.9505,70.9505,83.0,1.0,70.9505,73.6232,71.6187,83.18
PR Stirling,PSL,266.0,160.0,10.0,10.0,10.0,26.6,166.25,33.0,12.0,28.12,0.0,0.0,0.0,0.0,0.0,0.0,58.23,203.5,118.8,0.0,167.2,26.12,26.12,38.82,0.0,1,0,1.0,0,Batsman,10.0,43.3535,0.0,43.3535,10.0,0.1852,8.0291,42.9214,16.7522,26.21
PR Stirling,T20_Blast,2334.0,1526.0,91.0,91.0,90.0,25.93,152.95,255.0,113.0,24.12,22.0,553.0,785.0,46.0,46.0,92.17,8.52,35.68,25.14,0.48,163.37,20.62,20.62,10.67,0.0,1,1,1.0,1,All-Rounder,1.98,45.9807,51.4594,47.8204,91.0,1.0,47.8204,34.3526,44.4534,67.44
PSP Handscomb,BBL,1259.0,1058.0,71.0,71.0,54.0,23.31,119.0,100.0,29.0,12.19,0.0,0.0,0.0,0.0,0.0,0.0,58.23,203.5,118.8,0.0,79.49,7.75,6.2,38.82,0.0,1,0,1.0,0,Wicketkeeper-Batsman,71.0,31.7398,0.0,34.9138,71.0,0.8452,29.5091,14.5742,25.7754,42.61
PSP Handscomb,T20_Blast,802.0,691.0,42.0,42.0,37.0,21.68,116.06,58.0,14.0,10.42,0.0,0.0,0.0,0.0,0.0,0.0,58.23,203.5,118.8,0.0,115.53,23.8,21.0,38.82,0.0,1,0,1.0,0,Wicketkeeper-Batsman,42.0,28.5319,0.0,31.3851,42.0,0.6364,19.9735,33.9193,23.46,38.49
PV Tambe,IPL,18.0,39.0,6.0,6.0,2.0,9.0,46.15,1.0,0.0,2.56,28.0,660.0,853.0,33.0,33.0,110.0,7.75,30.46,23.57,0.85,0.0,0.0,0.0,38.82,0.0,1,1,1.0,1,Bowler,0.18,8.8909,54.0351,54.0351,33.0,0.3235,17.4804,0.0,13.1103,11.83
PVD Chameera,IPL,43.0,28.0,7.0,7.0,4.0,10.75,153.57,3.0,3.0,21.43,9.0,282.0,432.0,13.0,13.0,47.0,9.19,48.0,31.33,0.69,153.57,10.75,6.14,9.19,0.69,1,1,1.0,1,Bowler,0.54,32.2977,46.7448,46.7448,13.0,0.1275,5.96,52.2891,17.5423,17.23
PWA Mulder,T20_Blast,546.0,416.0,25.0,25.0,22.0,24.82,131.25,44.0,14.0,13.94,12.0,255.0,389.0,16.0,16.0,42.5,9.15,32.42,21.25,0.75,131.25,24.82,21.84,9.15,0.75,1,1,1.0,1,Batsman,1.56,32.4509,49.2839,32.4509,25.0,0.3788,12.2924,36.3453,18.3056,28.85
PWH de Silva,IPL,72.0,73.0,14.0,14.0,10.0,7.2,98.63,7.0,1.0,10.96,35.0,552.0,748.0,26.0,26.0,92.0,8.13,21.37,15.77,1.35,100.0,7.89,5.92,8.0,1.46,1,1,1.0,1,Bowler,0.54,19.137,56.1408,56.1408,26.0,0.2549,14.3103,74.5417,29.3682,31.65
Pankaj Singh,IPL,7.0,12.0,5.0,5.0,2.0,3.5,58.33,0.0,0.0,0.0,11.0,300.0,468.0,17.0,17.0,50.0,9.36,42.55,27.27,0.65,0.0,0.0,0.0,38.82,0.0,1,1,1.0,1,Bowler,0.29,7.2966,47.636,47.636,17.0,0.1667,7.9409,0.0,5.9557,3.1
Parvez Rasool,IPL,17.0,20.0,4.0,4.0,2.0,8.5,85.0,1.0,0.0,5.0,4.0,198.0,271.0,11.0,11.0,33.0,8.21,67.75,49.5,0.36,0.0,0.0,0.0,38.82,0.0,1,1,1.0,1,Bowler,0.36,14.8789,44.3148,44.3148,11.0,0.1078,4.7771,0.0,3.5828,0.21
Q de Kock,CPL,674.0,452.0,19.0,19.0,15.0,44.93,149.12,60.0,32.0,20.35,0.0,0.0,0.0,0.0,0.0,0.0,58.23,203.5,118.8,0.0,149.12,44.93,35.47,38.82,0.0,1,0,1.0,0,Wicketkeeper-Batsman,19.0,45.2556,0.0,49.7812,19.0,0.2639,13.1373,54.9756,23.5969,38.73
Q de Kock,IPL,3160.0,2355.0,107.0,107.0,102.0,30.98,134.18,316.0,123.0,18.64,0.0,0.0,0.0,0.0,0.0,0.0,58.23,203.5,118.8,0.0,143.24,31.07,30.03,38.82,0.0,1,0,1.0,0,Wicketkeeper-Batsman,107.0,45.354,0.0,49.8894,107.0,1.0,49.8894,45.1931,48.7153,83.41
Qais Ahmad,BBL,75.0,72.0,12.0,12.0,9.0,8.33,104.17,3.0,5.0,11.11,32.0,604.0,772.0,27.0,27.0,100.67,7.67,24.12,18.88,1.19,0.0,0.0,0.0,38.82,0.0,1,1,1.0,1,Bowler,0.44,20.3326,55.6738,55.6738,27.0,0.3214,17.8936,0.0,13.4202,12.21
Qais Ahmad,CPL,89.0,85.0,11.0,11.0,6.0,14.83,104.71,3.0,7.0,11.76,22.0,381.0,502.0,19.0,19.0,63.5,7.91,22.82,17.32,1.16,87.5,28.0,7.0,8.44,0.89,1,1,1.0,1,Bowler,0.58,23.0447,53.6442,53.6442,19.0,0.2639,14.1567,58.5683,25.2596,26.64
Qais Ahmad,T20_Blast,81.0,66.0,15.0,15.0,11.0,7.36,122.73,7.0,3.0,15.15,24.0,588.0,696.0,25.0,25.0,98.0,7.1,29.0,24.5,0.96,137.21,8.43,6.56,7.45,1.0,1,1,1.0,1,Bowler,0.6,24.2966,54.0786,54.0786,25.0,0.3788,20.485,62.6759,31.0327,33.68
R Ashwin,IPL,800.0,675.0,89.0,89.0,60.0,13.33,118.52,61.0,28.0,13.19,180.0,4524.0,5369.0,208.0,208.0,754.0,7.12,29.83,25.13,0.87,132.31,18.11,11.86,7.82,0.8,1,1,1.0,1,Batsman,0.43,27.1883,84.3958,27.1883,208.0,1.0,27.1883,27.4154,27.2451,44.02
R Bhatia,IPL,342.0,284.0,47.0,47.0,30.0,11.4,120.42,24.0,13.0,13.03,71.0,1636.0,2020.0,91.0,91.0,272.67,7.41,28.45,23.04,0.78,0.0,0.0,0.0,38.82,0.0,1,1,1.0,1,All-Rounder,0.52,25.2491,63.0095,50.1483,91.0,0.8922,44.7423,0.0,33.5567,49.53
R Clarke,T20_Blast,902.0,721.0,57.0,57.0,42.0,21.48,125.1,75.0,33.0,14.98,63.0,1249.0,1492.0,68.0,68.0,208.17,7.17,23.68,19.83,0.93,0.0,0.0,0.0,38.82,0.0,1,1,1.0,1,All-Rounder,0.84,32.0714,62.2725,48.5008,68.0,1.0,48.5008,0.0,36.3756,54.16
R Dhawan,IPL,210.0,187.0,22.0,22.0,11.0,19.09,112.3,18.0,7.0,13.37,25.0,662.0,891.0,36.0,36.0,110.33,8.08,35.64,26.48,0.69,109.62,14.25,9.5,8.66,0.64,1,1,1.0,1,All-Rounder,0.61,26.6602,52.4861,42.6903,36.0,0.3529,15.0654,36.8624,20.5147,28.09
R Dravid,IPL,2174.0,1882.0,82.0,82.0,77.0,28.23,115.52,269.0,28.0,15.78,0.0,0.0,0.0,0.0,0.0,0.0,58.23,203.5,118.8,0.0,0.0,0.0,0.0,38.82,0.0,1,0,1.0,0,Batsman,82.0,37.5566,0.0,37.5566,82.0,0.8039,30.1918,0.0,22.6438,36.21
R McLaren,IPL,159.0,171.0,13.0,13.0,8.0,19.88,92.98,14.0,1.0,8.77,12.0,354.0,542.0,18.0,18.0,59.0,9.19,45.17,29.5,0.67,0.0,0.0,0.0,38.82,0.0,1,1,1.0,1,Bowler,0.72,22.1326,47.6778,47.6778,18.0,0.1765,8.4151,0.0,6.3113,3.54
R McLaren,T20_Blast,260.0,166.0,12.0,12.0,6.0,43.33,156.63,25.0,9.0,20.48,16.0,256.0,395.0,13.0,13.0,42.67,9.26,24.69,16.0,1.23,0.0,0.0,0.0,38.82,0.0,1,1,1.0,1,Bowler,0.92,44.4318,50.9049,50.9049,13.0,0.197,10.0283,0.0,7.5212,5.01
R Parag,IPL,1173.0,868.0,58.0,58.0,48.0,24.44,135.14,84.0,60.0,16.59,4.0,175.0,307.0,21.0,21.0,29.17,10.52,76.75,43.75,0.19,143.3,29.79,23.83,12.29,0.17,1,1,1.0,1,Batsman,2.76,36.013,40.9182,36.013,58.0,0.5686,20.477,40.8095,25.5601,41.16
R Powell,CPL,1650.0,1272.0,87.0,87.0,67.0,24.63,129.72,95.0,113.0,16.35,17.0,438.0,790.0,33.0,33.0,73.0,10.82,46.47,25.76,0.52,133.33,30.1,20.39,15.33,0.29,1,1,1.0,1,Batsman,2.64,36.7547,46.8772,36.7547,87.0,1.0,36.7547,37.8705,37.0336,60.64
R Powell,IPL,360.0,244.0,22.0,22.0,19.0,18.95,147.54,21.0,28.0,20.08,1.0,18.0,35.0,2.0,2.0,3.0,11.67,35.0,18.0,0.5,147.54,18.95,16.36,11.67,0.5,1,1,1.0,1,Batsman,11.0,34.7717,44.3213,34.7717,22.0,0.2157,7.5003,31.9914,13.6231,20.9
R Powell,PSL,504.0,327.0,26.0,26.0,20.0,25.2,154.13,44.0,26.0,21.41,1.0,18.0,45.0,2.0,2.0,3.0,15.0,45.0,18.0,0.5,157.36,26.06,21.95,18.5,1.0,1,1,1.0,1,Batsman,13.0,38.9016,39.7901,38.9016,26.0,0.4815,18.7311,39.3851,23.8946,38.33
R Rampaul,CPL,60.0,51.0,12.0,12.0,6.0,10.0,117.65,2.0,4.0,11.76,72.0,1108.0,1552.0,53.0,53.0,184.67,8.4,21.56,15.39,1.36,137.5,7.33,5.5,9.55,1.71,1,1,1.0,1,Bowler,0.23,22.9237,63.0692,63.0692,53.0,0.7361,46.4252,79.5737,54.7123,62.56
R Rampaul,IPL,51.0,50.0,7.0,7.0,5.0,10.2,102.0,3.0,2.0,10.0,16.0,268.0,309.0,12.0,12.0,44.67,6.92,19.31,16.75,1.33,0.0,0.0,0.0,38.82,0.0,1,1,1.0,1,Bowler,0.58,20.1191,53.8866,53.8866,12.0,0.1176,6.3371,0.0,4.7528,1.64
R Rampaul,T20_Blast,33.0,33.0,8.0,8.0,4.0,8.25,100.0,3.0,1.0,12.12,48.0,756.0,1006.0,36.0,36.0,126.0,7.98,20.96,15.75,1.33,0.0,0.0,0.0,38.82,0.0,1,1,1.0,1,Bowler,0.22,20.1048,58.8765,58.8765,36.0,0.5455,32.1171,0.0,24.0878,25.21
R Ravindra,IPL,222.0,138.0,10.0,10.0,10.0,22.2,160.87,22.0,12.0,24.64,0.0,12.0,7.0,2.0,2.0,2.0,3.5,203.5,118.8,0.0,160.87,22.2,22.2,3.5,0.0,1,1,1.0,0,Batsman,5.0,39.3422,31.5288,39.3422,10.0,0.098,3.8555,38.2389,12.4514,18.91
R Sai Kishore,IPL,13.0,6.0,1.0,1.0,1.0,13.0,216.67,0.0,2.0,33.33,13.0,186.0,258.0,10.0,10.0,31.0,8.32,19.85,14.31,1.3,216.67,13.0,13.0,8.32,1.3,1,1,1.0,1,Bowler,0.1,46.7199,51.8464,51.8464,10.0,0.098,5.0809,69.8354,21.2695,21.78
R Sathish,IPL,270.0,231.0,24.0,24.0,17.0,15.88,116.88,22.0,6.0,12.12,3.0,139.0,232.0,14.0,14.0,23.17,10.01,77.33,46.33,0.21,0.0,0.0,0.0,38.82,0.0,1,1,1.0,1,Batsman,1.71,25.7235,41.1576,25.7235,24.0,0.2353,6.0527,0.0,4.5395,5.48
R Sharma,IPL,66.0,75.0,19.0,19.0,14.0,4.71,88.0,5.0,3.0,10.67,40.0,928.0,1086.0,44.0,44.0,154.67,7.02,27.15,23.2,0.91,0.0,0.0,0.0,38.82,0.0,1,1,1.0,1,Bowler,0.43,16.7277,57.5072,57.5072,44.0,0.4314,24.8086,0.0,18.6064,18.53
R Shepherd,CPL,583.0,362.0,42.0,42.0,26.0,22.42,161.05,42.0,39.0,22.38,73.0,1042.0,1438.0,58.0,58.0,173.67,8.28,19.7,14.27,1.26,160.42,24.06,14.81,8.75,1.03,1,1,1.0,1,All-Rounder,0.72,39.5149,63.6118,53.4911,58.0,0.8056,43.0924,48.2067,44.371,67.31
R Tewatia,IPL,1013.0,752.0,65.0,65.0,40.0,25.32,134.71,84.0,47.0,17.42,32.0,843.0,1111.0,52.0,52.0,140.5,7.91,34.72,26.34,0.62,147.75,27.33,15.87,11.14,0.0,1,1,1.0,1,All-Rounder,1.25,36.1562,54.1335,44.1453,65.0,0.6373,28.1338,33.2972,29.4246,42.73
R Vasconcelos,T20_Blast,1104.0,890.0,44.0,44.0,42.0,26.29,124.04,147.0,16.0,18.31,0.0,0.0,0.0,0.0,0.0,0.0,58.23,203.5,118.8,0.0,133.04,27.27,27.27,38.82,0.0,1,0,1.0,0,Wicketkeeper-Batsman,44.0,35.8167,0.0,39.3984,44.0,0.6667,26.2669,40.9185,29.9298,50.0
R Vinay Kumar,IPL,310.0,274.0,42.0,42.0,28.0,11.07,113.14,21.0,9.0,10.95,105.0,2127.0,2986.0,104.0,104.0,354.5,8.42,28.44,20.26,1.01,0.0,0.0,0.0,38.82,0.0,1,1,1.0,1,Bowler,0.4,23.1198,68.6431,68.6431,104.0,1.0,68.6431,0.0,51.4823,58.62
RA Jadeja,IPL,2959.0,2280.0,180.0,180.0,108.0,27.4,129.78,215.0,107.0,14.12,160.0,3829.0,4864.0,211.0,211.0,638.17,7.62,30.4,23.93,0.76,137.08,28.65,17.36,7.65,0.82,1,1,1.0,1,All-Rounder,0.85,40.784,79.9275,61.9058,211.0,1.0,61.9058,46.6457,58.0908,89.86
RA Reifer,CPL,865.0,778.0,60.0,60.0,44.0,19.66,111.18,60.0,35.0,12.21,54.0,782.0,1174.0,50.0,50.0,130.33,9.01,21.74,14.48,1.08,113.86,24.65,19.05,11.09,0.89,1,1,1.0,1,All-Rounder,1.2,28.2188,58.9299,42.177,60.0,0.8333,35.1461,44.2392,37.4194,55.88
RA Stevenson,T20_Blast,62.0,47.0,11.0,11.0,6.0,10.33,131.91,7.0,1.0,17.02,14.0,387.0,621.0,22.0,22.0,64.5,9.63,44.36,27.64,0.64,0.0,0.0,0.0,38.82,0.0,1,1,1.0,1,Bowler,0.5,27.347,47.7312,47.7312,22.0,0.3333,15.9088,0.0,11.9316,10.39
RA Tripathi,IPL,2236.0,1605.0,93.0,93.0,82.0,27.27,139.31,223.0,84.0,19.13,0.0,6.0,12.0,1.0,1.0,1.0,12.0,203.5,118.8,0.0,144.48,29.34,25.79,38.82,0.0,1,1,1.0,0,Batsman,93.0,42.0539,23.0986,42.0539,93.0,0.9118,38.3447,41.9467,39.2452,64.39
RA Whiteley,T20_Blast,2435.0,1729.0,134.0,134.0,107.0,22.76,140.83,153.0,144.0,17.18,3.0,66.0,114.0,8.0,8.0,11.0,10.36,38.0,22.0,0.38,122.04,16.09,13.55,8.57,0.75,1,1,1.0,1,Batsman,16.75,40.369,45.6422,40.369,134.0,1.0,40.369,26.6484,36.9388,60.48
RAJ Smith,T20_Blast,98.0,95.0,22.0,22.0,13.0,7.54,103.16,7.0,5.0,12.63,34.0,730.0,1050.0,37.0,37.0,121.67,8.63,30.88,21.47,0.92,72.73,3.2,2.0,9.9,1.0,1,1,1.0,1,All-Rounder,0.59,20.7039,54.2815,41.7604,37.0,0.5606,23.4109,34.6564,26.2223,37.47
RC Davies,T20_Blast,156.0,112.0,17.0,17.0,15.0,10.4,139.29,13.0,7.0,17.86,0.0,0.0,0.0,0.0,0.0,0.0,58.23,203.5,118.8,0.0,0.0,0.0,0.0,38.82,0.0,1,0,1.0,0,Wicketkeeper-Batsman,17.0,29.0123,0.0,31.9135,17.0,0.2576,8.2209,0.0,6.1657,7.72
RD Chahar,IPL,129.0,124.0,22.0,22.0,16.0,8.06,104.03,13.0,5.0,14.52,75.0,1664.0,2141.0,77.0,77.0,277.33,7.72,28.55,22.19,0.97,106.52,10.89,8.17,8.04,0.89,1,1,1.0,1,Bowler,0.29,21.9788,63.4702,63.4702,77.0,0.7549,47.9137,59.0213,50.6906,57.66
RD Gaikwad,IPL,2380.0,1739.0,65.0,65.0,57.0,41.75,136.86,217.0,91.0,17.71,0.0,0.0,0.0,0.0,0.0,0.0,58.23,203.5,118.8,0.0,139.58,39.51,35.84,38.82,0.0,1,0,1.0,0,Batsman,65.0,46.6364,0.0,46.6364,65.0,0.6373,29.7214,52.0215,35.2964,57.69
RD Pringle,T20_Blast,441.0,364.0,43.0,43.0,38.0,11.61,121.15,42.0,8.0,13.74,19.0,552.0,816.0,40.0,40.0,92.0,8.87,42.95,29.05,0.48,0.0,0.0,0.0,38.82,0.0,1,1,1.0,1,All-Rounder,1.08,26.058,49.6338,37.4192,43.0,0.6515,24.3786,0.0,18.2839,24.42
RE Levi,T20_Blast,2043.0,1418.0,78.0,78.0,74.0,27.61,144.08,222.0,87.0,21.79,0.0,0.0,0.0,0.0,0.0,0.0,58.23,203.5,118.8,0.0,0.0,0.0,0.0,38.82,0.0,1,0,1.0,0,Batsman,78.0,43.4305,0.0,43.4305,78.0,1.0,43.4305,0.0,32.5729,53.07
RE van der Merwe,CPL,63.0,58.0,8.0,8.0,6.0,10.5,108.62,5.0,2.0,12.07,6.0,126.0,198.0,10.0,10.0,21.0,9.43,33.0,21.0,0.6,140.0,17.5,8.75,9.67,0.83,1,1,1.0,1,Bowler,0.8,22.0854,47.7642,47.7642,10.0,0.1389,6.6344,55.5464,18.8624,18.84
RE van der Merwe,IPL,159.0,141.0,15.0,15.0,11.0,14.45,112.77,11.0,8.0,13.48,21.0,443.0,498.0,21.0,21.0,73.83,6.75,23.71,21.1,1.0,0.0,0.0,0.0,38.82,0.0,1,1,1.0,1,Bowler,0.71,24.9748,54.4903,54.4903,21.0,0.2059,11.2196,0.0,8.4147,6.1
RE van der Merwe,T20_Blast,865.0,580.0,69.0,69.0,38.0,22.76,149.14,69.0,37.0,18.28,90.0,2080.0,2732.0,106.0,106.0,346.67,7.88,30.36,23.11,0.85,144.14,16.0,8.89,8.04,0.8,1,1,1.0,1,All-Rounder,0.65,37.0598,66.016,54.5986,106.0,1.0,54.5986,41.1838,51.2449,78.61
RF Higgins,T20_Blast,1984.0,1470.0,106.0,106.0,81.0,24.49,134.97,161.0,73.0,15.92,87.0,1464.0,2280.0,90.0,90.0,244.0,9.34,26.21,16.83,0.97,137.59,23.61,20.91,9.9,0.91,1,1,1.0,1,All-Rounder,1.18,38.2263,64.4925,50.2877,106.0,1.0,50.2877,46.6546,49.3794,75.54
RG Sharma,IPL,6630.0,5057.0,251.0,251.0,223.0,29.73,131.11,599.0,281.0,17.4,15.0,339.0,453.0,32.0,32.0,56.5,8.02,30.2,22.6,0.47,135.42,23.65,23.11,38.82,0.0,1,1,1.0,1,Batsman,7.84,54.7627,51.2627,54.7627,251.0,1.0,54.7627,37.0303,50.3296,83.21
RGL Carters,BBL,274.0,270.0,25.0,25.0,17.0,16.12,101.48,14.0,6.0,7.41,0.0,0.0,0.0,0.0,0.0,0.0,58.23,203.5,118.8,0.0,0.0,0.0,0.0,38.82,0.0,1,0,1.0,0,Batsman,25.0,21.6294,0.0,21.6294,25.0,0.2976,6.4369,0.0,4.8277,5.97
RH Patel,T20_Blast,25.0,27.0,5.0,5.0,2.0,12.5,92.59,2.0,0.0,7.41,26.0,630.0,816.0,29.0,29.0,105.0,7.77,31.38,24.23,0.9,0.0,0.0,0.0,38.82,0.0,1,1,1.0,1,Bowler,0.17,18.4234,53.512,53.512,29.0,0.4394,23.5132,0.0,17.6349,17.34
RI Keogh,T20_Blast,1094.0,923.0,58.0,58.0,40.0,27.35,118.53,85.0,17.0,11.05,16.0,282.0,394.0,19.0,19.0,47.0,8.38,24.62,17.62,0.84,116.67,19.44,14.58,38.82,0.0,1,1,1.0,1,Batsman,3.05,32.0588,51.7862,32.0588,58.0,0.8788,28.1733,28.1994,28.1798,45.61
RI Walker,T20_Blast,29.0,35.0,8.0,8.0,6.0,4.83,82.86,2.0,1.0,8.57,19.0,287.0,443.0,15.0,15.0,47.83,9.26,23.32,15.11,1.27,100.0,8.67,5.2,10.89,1.0,1,1,1.0,1,Bowler,0.53,15.0093,51.6585,51.6585,15.0,0.2273,11.742,58.7801,23.5015,24.5
RJ Burns,T20_Blast,906.0,742.0,59.0,59.0,51.0,17.76,122.1,93.0,17.0,14.82,0.0,0.0,0.0,0.0,0.0,0.0,58.23,203.5,118.8,0.0,118.4,20.92,17.93,38.82,0.0,1,0,1.0,0,Batsman,59.0,30.3073,0.0,30.3073,59.0,0.8939,27.0917,31.0662,28.0853,45.45
RJ Das,T20_Blast,323.0,210.0,18.0,18.0,16.0,20.19,153.81,45.0,7.0,24.76,0.0,0.0,0.0,0.0,0.0,0.0,58.23,203.5,118.8,0.0,156.44,21.07,18.59,38.82,0.0,1,0,1.0,0,Batsman,18.0,38.0896,0.0,38.0896,18.0,0.2727,10.387,35.1054,16.5666,25.89
RJ Gibson,BBL,285.0,272.0,25.0,25.0,19.0,15.0,104.78,23.0,5.0,10.29,0.0,6.0,10.0,1.0,1.0,1.0,10.0,203.5,118.8,0.0,90.2,11.5,11.5,38.82,0.0,1,1,1.0,0,Batsman,25.0,23.0393,25.0822,23.0393,25.0,0.2976,6.8565,20.4522,10.2554,15.18
RJ Gleeson,T20_Blast,41.0,47.0,15.0,15.0,5.0,8.2,87.23,5.0,0.0,10.64,74.0,1306.0,1622.0,62.0,62.0,217.67,7.45,21.92,17.65,1.19,85.0,17.0,2.83,7.16,1.55,1,1,1.0,1,Bowler,0.24,17.7684,64.3574,64.3574,62.0,0.9394,60.4573,77.9365,64.8271,74.9
RJ Harris,IPL,117.0,112.0,21.0,21.0,12.0,9.75,104.46,6.0,3.0,8.04,45.0,832.0,1047.0,37.0,37.0,138.67,7.55,23.27,18.49,1.22,0.0,0.0,0.0,38.82,0.0,1,1,1.0,1,All-Rounder,0.57,19.57,58.4338,44.3612,37.0,0.3627,16.0898,0.0,12.0674,14.2
RJ Peterson,CPL,35.0,47.0,6.0,6.0,5.0,7.0,74.47,1.0,2.0,6.38,15.0,262.0,275.0,13.0,13.0,43.67,6.3,18.33,17.47,1.15,0.0,0.0,0.0,38.82,0.0,1,1,1.0,1,Bowler,0.46,13.6863,54.4267,54.4267,13.0,0.1806,9.8295,0.0,7.3721,4.83
RJ Peterson,T20_Blast,98.0,74.0,9.0,9.0,5.0,19.6,132.43,10.0,3.0,17.57,10.0,264.0,323.0,15.0,15.0,44.0,7.34,32.3,26.4,0.67,0.0,0.0,0.0,38.82,0.0,1,1,1.0,1,Bowler,0.6,31.0566,50.7035,50.7035,15.0,0.2273,11.5249,0.0,8.6437,6.38
RJ Quiney,BBL,748.0,555.0,32.0,32.0,29.0,25.79,134.77,68.0,31.0,17.84,0.0,0.0,0.0,0.0,0.0,0.0,58.23,203.5,118.8,0.0,0.0,0.0,0.0,38.82,0.0,1,0,1.0,0,Batsman,32.0,35.6992,0.0,35.6992,32.0,0.381,13.6014,0.0,10.201,15.09
RJW Topley,T20_Blast,18.0,28.0,12.0,12.0,5.0,3.6,64.29,1.0,0.0,3.57,81.0,1329.0,1856.0,61.0,61.0,221.5,8.38,22.91,16.41,1.33,75.0,3.0,1.5,8.37,1.58,1,1,1.0,1,Bowler,0.2,9.8036,64.6792,64.6792,61.0,0.9242,59.7765,77.3806,64.1775,74.1
RK Kleinveldt,T20_Blast,279.0,174.0,30.0,30.0,23.0,12.13,160.34,19.0,20.0,22.41,52.0,979.0,1354.0,47.0,47.0,163.17,8.3,26.04,18.83,1.11,0.0,0.0,0.0,38.82,0.0,1,1,1.0,1,All-Rounder,0.64,34.855,58.7155,49.4194,47.0,0.7121,35.1916,0.0,26.3937,37.75
RK Oliver,T20_Blast,472.0,373.0,22.0,22.0,21.0,22.48,126.54,57.0,9.0,17.69,0.0,0.0,0.0,0.0,0.0,0.0,58.23,203.5,118.8,0.0,0.0,0.0,0.0,38.82,0.0,1,0,1.0,0,Batsman,22.0,32.5339,0.0,32.5339,22.0,0.3333,10.8435,0.0,8.1326,11.58
RK Patel,T20_Blast,1206.0,876.0,53.0,53.0,51.0,23.65,137.67,117.0,43.0,18.26,0.0,0.0,0.0,0.0,0.0,0.0,58.23,203.5,118.8,0.0,139.51,25.78,25.15,38.82,0.0,1,0,1.0,0,Batsman,53.0,36.9438,0.0,36.9438,53.0,0.803,29.6659,39.5798,32.1444,52.34
RK Singh,IPL,893.0,623.0,40.0,40.0,29.0,30.79,143.34,67.0,46.0,18.14,0.0,0.0,0.0,0.0,0.0,0.0,58.23,203.5,118.8,0.0,149.18,37.09,25.5,38.82,0.0,1,0,1.0,0,Batsman,40.0,39.1665,0.0,39.1665,40.0,0.3922,15.3611,45.4809,22.891,36.63
RL Chase,CPL,1162.0,918.0,53.0,53.0,38.0,30.58,126.58,90.0,45.0,14.71,45.0,917.0,1057.0,53.0,53.0,152.83,6.92,23.49,20.38,0.85,118.97,19.09,15.14,7.56,0.87,1,1,1.0,1,All-Rounder,1.0,36.1614,59.0316,47.5965,53.0,0.7361,35.0358,43.8184,37.2314,55.57
RM Patidar,IPL,799.0,503.0,24.0,24.0,23.0,34.74,158.85,51.0,54.0,20.87,0.0,0.0,0.0,0.0,0.0,0.0,58.23,203.5,118.8,0.0,165.08,38.32,36.4,38.82,0.0,1,0,1.0,0,Batsman,24.0,43.5496,0.0,43.5496,24.0,0.2353,10.2472,54.2571,21.2497,33.84
RM Pyrah,T20_Blast,83.0,78.0,12.0,12.0,8.0,10.38,106.41,6.0,3.0,11.54,20.0,402.0,503.0,21.0,21.0,67.0,7.51,25.15,20.1,0.95,0.0,0.0,0.0,38.82,0.0,1,1,1.0,1,Bowler,0.57,21.572,53.3645,53.3645,21.0,0.3182,16.9806,0.0,12.7354,11.37
RM Yates,T20_Blast,842.0,627.0,35.0,35.0,34.0,24.76,134.29,90.0,30.0,19.14,1.0,60.0,79.0,4.0,4.0,10.0,7.9,79.0,60.0,0.25,137.13,27.92,26.85,6.5,0.0,1,1,1.0,1,Batsman,8.75,36.1732,42.6549,36.1732,35.0,0.5303,19.1826,41.3158,24.7159,39.73
RML Taylor,T20_Blast,59.0,52.0,11.0,11.0,7.0,8.43,113.46,1.0,3.0,7.69,11.0,325.0,538.0,18.0,18.0,54.17,9.93,48.91,29.55,0.61,0.0,0.0,0.0,38.82,0.0,1,1,1.0,1,Bowler,0.61,19.9246,46.2893,46.2893,18.0,0.2727,12.6231,0.0,9.4673,7.38
RN ten Doeschate,IPL,326.0,235.0,21.0,21.0,14.0,23.29,138.72,26.0,15.0,17.45,2.0,78.0,94.0,10.0,10.0,13.0,7.23,47.0,39.0,0.2,0.0,0.0,0.0,38.82,0.0,1,1,1.0,1,Batsman,2.1,33.8291,47.4457,33.8291,21.0,0.2059,6.9654,0.0,5.224,6.64
RN ten Doeschate,T20_Blast,1898.0,1436.0,84.0,84.0,63.0,30.13,132.17,136.0,61.0,13.72,12.0,210.0,304.0,16.0,16.0,35.0,8.69,25.33,17.5,0.75,0.0,0.0,0.0,38.82,0.0,1,1,1.0,1,Batsman,5.25,38.5604,50.6111,38.5604,84.0,1.0,38.5604,0.0,28.9203,46.87
RO Gordon,T20_Blast,39.0,28.0,7.0,7.0,5.0,7.8,139.29,1.0,3.0,14.29,36.0,534.0,761.0,25.0,25.0,89.0,8.55,21.14,14.83,1.44,0.0,0.0,0.0,38.82,0.0,1,1,1.0,1,Bowler,0.28,26.0633,55.9476,55.9476,25.0,0.3788,21.193,0.0,15.8948,15.22
RP Jones,T20_Blast,432.0,382.0,28.0,28.0,13.0,33.23,113.09,34.0,5.0,10.21,0.0,6.0,10.0,1.0,1.0,1.0,10.0,203.5,118.8,0.0,106.01,27.71,13.86,38.82,0.0,1,1,1.0,0,Batsman,28.0,30.9735,25.0822,30.9735,28.0,0.4242,13.139,30.2463,17.4158,27.34
RP Meredith,BBL,30.0,30.0,12.0,12.0,8.0,3.75,100.0,3.0,0.0,10.0,103.0,1707.0,2319.0,78.0,78.0,284.5,8.15,22.51,16.57,1.32,100.0,3.5,2.33,8.32,1.33,1,1,1.0,1,Bowler,0.15,17.5172,69.2492,69.2492,78.0,0.9286,64.3048,70.6499,65.8911,76.19
RP Meredith,IPL,0.0,3.0,2.0,2.0,0.0,0.0,0.0,0.0,0.0,0.0,19.0,388.0,612.0,18.0,18.0,64.67,9.46,32.21,20.42,1.06,0.0,0.0,0.0,9.29,1.15,0,1,0.0,1,Bowler,0.11,0.0,50.368,50.368,18.0,0.1765,8.89,64.6645,22.8336,23.68
RP Meredith,T20_Blast,6.0,4.0,2.0,2.0,1.0,6.0,150.0,0.0,1.0,25.0,14.0,252.0,319.0,12.0,12.0,42.0,7.6,22.79,18.0,1.17,150.0,6.0,3.0,7.6,1.17,1,1,1.0,1,Bowler,0.17,31.7088,52.3944,52.3944,12.0,0.1818,9.5253,67.1214,23.9243,25.01
RP Singh,IPL,52.0,76.0,28.0,28.0,15.0,3.47,68.42,2.0,1.0,3.95,90.0,1775.0,2338.0,82.0,82.0,295.83,7.9,25.98,19.72,1.1,0.0,0.0,0.0,38.82,0.0,1,1,1.0,1,Bowler,0.34,10.5758,66.5343,66.5343,82.0,0.8039,53.4869,0.0,40.1152,44.76
RR Beaton,CPL,32.0,30.0,4.0,4.0,2.0,16.0,106.67,3.0,1.0,13.33,33.0,803.0,1175.0,40.0,40.0,133.83,8.78,35.61,24.33,0.82,0.0,0.0,0.0,8.94,0.67,1,1,1.0,1,Bowler,0.1,24.2663,53.3565,53.3565,40.0,0.5556,29.6449,52.0292,35.241,38.82
RR Emrit,CPL,272.0,225.0,33.0,33.0,18.0,15.11,120.89,14.0,14.0,12.44,88.0,1624.0,2078.0,79.0,79.0,270.67,7.68,23.61,18.45,1.11,0.0,0.0,0.0,38.82,0.0,1,1,1.0,1,Bowler,0.42,26.1263,66.6534,66.6534,79.0,1.0,66.6534,0.0,49.9901,56.8
RR Pant,IPL,3297.0,2215.0,110.0,110.0,93.0,35.45,148.85,298.0,154.0,20.41,0.0,0.0,0.0,0.0,0.0,0.0,58.23,203.5,118.8,0.0,153.82,35.73,30.23,38.82,0.0,1,0,1.0,0,Wicketkeeper-Batsman,110.0,50.0848,0.0,55.0933,110.0,1.0,55.0933,48.2775,53.3894,91.73
RR Powar,IPL,67.0,64.0,9.0,9.0,3.0,22.33,104.69,6.0,1.0,10.94,13.0,426.0,527.0,26.0,26.0,71.0,7.42,40.54,32.77,0.5,0.0,0.0,0.0,38.82,0.0,1,1,1.0,1,Bowler,0.35,25.2391,50.1972,50.1972,26.0,0.2549,12.7953,0.0,9.5965,7.54
RR Raje,IPL,20.0,18.0,5.0,5.0,1.0,20.0,111.11,1.0,1.0,11.11,6.0,139.0,209.0,10.0,10.0,23.17,9.02,34.83,23.17,0.6,0.0,0.0,0.0,38.82,0.0,1,1,1.0,1,Bowler,0.5,25.1801,47.946,47.946,10.0,0.098,4.6987,0.0,3.524,0.14
RR Rossouw,BBL,232.0,184.0,14.0,14.0,13.0,17.85,126.09,22.0,7.0,15.76,0.0,0.0,0.0,0.0,0.0,0.0,58.23,203.5,118.8,0.0,118.69,18.14,18.14,38.82,0.0,1,0,1.0,0,Batsman,14.0,29.1914,0.0,29.1914,14.0,0.1667,4.8662,30.0495,11.162,16.72
RR Rossouw,IPL,473.0,308.0,22.0,22.0,20.0,23.65,153.57,45.0,25.0,22.73,0.0,0.0,0.0,0.0,0.0,0.0,58.23,203.5,118.8,0.0,163.42,28.0,24.71,38.82,0.0,1,0,1.0,0,Batsman,22.0,38.801,0.0,38.801,22.0,0.2157,8.3694,42.4859,16.8985,26.46
RR Rossouw,PSL,2020.0,1416.0,79.0,79.0,63.0,32.06,142.66,192.0,79.0,19.14,2.0,16.0,17.0,3.0,3.0,2.67,6.37,8.5,8.0,0.67,154.77,33.69,28.26,38.82,0.0,1,1,1.0,1,Batsman,26.33,43.5097,53.0284,43.5097,79.0,1.0,43.5097,46.282,44.2028,72.81
RR Rossouw,T20_Blast,1269.0,787.0,49.0,49.0,44.0,28.84,161.25,122.0,60.0,23.13,0.0,0.0,0.0,0.0,0.0,0.0,58.23,203.5,118.8,0.0,192.28,47.92,38.94,38.82,0.0,1,0,1.0,0,Batsman,49.0,44.2979,0.0,44.2979,49.0,0.7424,32.8868,62.4387,40.2748,66.14
RR Simmonds,CPL,17.0,7.0,2.0,2.0,0.0,17.0,242.86,2.0,1.0,42.86,9.0,177.0,251.0,11.0,11.0,29.5,8.51,27.89,19.67,0.82,242.86,17.0,8.5,8.51,0.82,1,1,0.0,1,Bowler,0.18,55.9821,49.8897,49.8897,11.0,0.1528,7.6231,56.5886,19.8645,20.06
RRS Cornwall,CPL,1347.0,894.0,71.0,71.0,66.0,20.41,150.67,112.0,105.0,24.27,35.0,771.0,1016.0,53.0,53.0,128.5,7.91,29.03,22.03,0.66,145.43,20.54,19.72,7.93,1.0,1,1,1.0,1,All-Rounder,1.34,40.727,55.4179,47.0059,71.0,0.9861,46.3525,48.3416,46.8498,71.38
RS Bopara,IPL,531.0,453.0,22.0,22.0,18.0,29.5,117.22,39.0,16.0,12.14,11.0,206.0,292.0,14.0,14.0,34.33,8.51,26.55,18.73,0.79,0.0,0.0,0.0,38.82,0.0,1,1,1.0,1,Batsman,1.57,31.4005,50.4446,31.4005,22.0,0.2157,6.7731,0.0,5.0798,6.39
RS Bopara,PSL,710.0,627.0,35.0,35.0,26.0,27.31,113.24,58.0,14.0,11.48,13.0,246.0,362.0,18.0,18.0,41.0,8.83,27.85,18.92,0.72,0.0,0.0,0.0,38.82,0.0,1,1,1.0,1,Batsman,1.94,30.3625,50.3578,30.3625,35.0,0.6481,19.6779,0.0,14.7584,22.82
RS Bopara,T20_Blast,3239.0,2447.0,135.0,135.0,107.0,30.27,132.37,234.0,125.0,14.67,112.0,2345.0,2970.0,124.0,124.0,390.83,7.6,26.52,20.94,0.9,132.07,29.77,26.05,7.61,0.92,1,1,1.0,1,All-Rounder,1.09,43.2629,71.0582,56.5713,135.0,1.0,56.5713,50.7246,55.1096,84.96
RS Primus,CPL,426.0,349.0,33.0,33.0,21.0,20.29,122.06,26.0,23.0,14.04,25.0,401.0,605.0,30.0,30.0,66.83,9.05,24.2,16.04,0.83,126.17,20.77,13.5,10.21,0.92,1,1,1.0,1,All-Rounder,1.1,29.3339,52.9294,40.5701,33.0,0.4583,18.5933,43.1798,24.7399,35.03
RV Uthappa,IPL,4954.0,3801.0,197.0,197.0,180.0,27.52,130.33,481.0,182.0,17.44,0.0,0.0,0.0,0.0,0.0,0.0,58.23,203.5,118.8,0.0,134.5,20.91,20.91,38.82,0.0,1,0,1.0,0,Wicketkeeper-Batsman,197.0,48.671,0.0,53.5381,197.0,1.0,53.5381,34.4211,48.7588,83.49
RWT Key,T20_Blast,384.0,251.0,12.0,12.0,11.0,34.91,152.99,38.0,12.0,19.92,0.0,0.0,0.0,0.0,0.0,0.0,58.23,203.5,118.8,0.0,0.0,0.0,0.0,38.82,0.0,1,0,1.0,0,Batsman,12.0,41.113,0.0,41.113,12.0,0.1818,7.4743,0.0,5.6057,7.29
Rahat Ali,PSL,3.0,11.0,4.0,4.0,2.0,1.5,27.27,0.0,0.0,0.0,34.0,614.0,800.0,28.0,28.0,102.33,7.82,23.53,18.06,1.21,0.0,0.0,0.0,38.82,0.0,1,1,1.0,1,Bowler,0.14,2.5572,55.9877,55.9877,28.0,0.5185,29.0296,0.0,21.7722,22.39
Rahmanullah Gurbaz,CPL,426.0,269.0,15.0,15.0,15.0,28.4,158.36,26.0,33.0,21.93,0.0,0.0,0.0,0.0,0.0,0.0,58.23,203.5,118.8,0.0,158.36,28.4,28.4,38.82,0.0,1,0,1.0,0,Batsman,15.0,40.5784,0.0,40.5784,15.0,0.2083,8.4525,44.471,17.4571,27.41
Rahmanullah Gurbaz,IPL,289.0,216.0,13.0,13.0,13.0,22.23,133.8,24.0,19.0,19.91,0.0,0.0,0.0,0.0,0.0,0.0,58.23,203.5,118.8,0.0,133.8,22.23,22.23,38.82,0.0,1,0,1.0,0,Batsman,13.0,33.8504,0.0,33.8504,13.0,0.1275,4.3159,35.7324,12.17,18.43
Rahmanullah Gurbaz,PSL,318.0,199.0,15.0,15.0,14.0,22.71,159.8,28.0,21.0,24.62,0.0,0.0,0.0,0.0,0.0,0.0,58.23,203.5,118.8,0.0,161.54,24.23,22.5,38.82,0.0,1,0,1.0,0,Batsman,15.0,39.6739,0.0,39.6739,15.0,0.2778,11.0214,39.3454,18.1024,28.5
Ramandeep Singh,IPL,170.0,102.0,13.0,13.0,6.0,28.33,166.67,8.0,13.0,20.59,6.0,40.0,63.0,4.0,4.0,6.67,9.45,10.5,6.67,1.5,166.67,28.33,13.08,9.45,1.5,1,1,1.0,1,Batsman,3.25,40.2054,50.5085,40.2054,13.0,0.1275,5.1262,35.7109,12.7724,19.45
Rashid Khan,BBL,403.0,268.0,46.0,46.0,34.0,11.85,150.37,32.0,23.0,20.52,98.0,1598.0,1716.0,68.0,68.0,266.33,6.44,17.51,16.31,1.44,115.15,9.5,7.6,6.43,0.86,1,1,1.0,1,All-Rounder,0.68,32.9705,70.5838,55.4068,68.0,0.8095,44.8518,39.7778,43.5833,66.01
Rashid Khan,CPL,91.0,84.0,13.0,13.0,10.0,9.1,108.33,7.0,5.0,14.29,29.0,618.0,617.0,27.0,27.0,103.0,5.99,21.28,21.31,1.07,106.9,7.75,7.75,4.8,0.8,1,1,1.0,1,Bowler,0.48,22.6768,57.1035,57.1035,27.0,0.375,21.4138,60.2472,31.1222,33.79
Rashid Khan,IPL,545.0,337.0,58.0,58.0,37.0,14.73,161.72,39.0,38.0,22.85,149.0,2872.0,3267.0,121.0,121.0,478.67,6.83,21.93,19.28,1.23,184.57,24.85,12.92,7.68,1.24,1,1,1.0,1,Batsman,0.48,36.987,79.6052,36.987,121.0,1.0,36.987,35.8197,36.6952,60.06
Rashid Khan,PSL,203.0,147.0,20.0,20.0,10.0,20.3,138.1,16.0,11.0,18.37,44.0,666.0,681.0,28.0,28.0,111.0,6.14,15.48,15.14,1.57,139.13,21.33,9.85,6.41,1.65,1,1,1.0,1,All-Rounder,0.71,32.7386,60.5941,48.9867,28.0,0.5185,25.3996,54.834,32.7582,48.22
Rashid Khan,T20_Blast,151.0,96.0,17.0,17.0,14.0,10.79,157.29,13.0,9.0,22.92,34.0,630.0,748.0,27.0,27.0,105.0,7.12,22.0,18.53,1.26,123.68,11.75,9.4,7.29,1.33,1,1,1.0,1,Bowler,0.63,33.8257,56.87,56.87,27.0,0.4091,23.2655,71.8164,35.4032,39.01
Rasikh Salam,IPL,40.0,40.0,6.0,6.0,5.0,8.0,100.0,5.0,0.0,12.5,9.0,195.0,339.0,11.0,11.0,32.5,10.43,37.67,21.67,0.82,97.22,7.0,7.0,10.42,0.9,1,1,1.0,1,Bowler,0.55,20.2157,46.784,46.784,11.0,0.1078,5.0433,56.5975,17.9318,17.71
Ravi Bishnoi,IPL,32.0,50.0,14.0,14.0,8.0,4.0,64.0,2.0,0.0,4.0,63.0,1411.0,1836.0,65.0,65.0,235.17,7.81,29.14,22.4,0.97,70.59,4.0,2.18,8.3,0.93,1,1,1.0,1,Bowler,0.22,10.1517,60.967,60.967,65.0,0.6373,38.8543,59.8129,44.094,49.61
Rehan Ahmed,T20_Blast,317.0,282.0,32.0,32.0,25.0,12.68,112.41,28.0,11.0,13.83,35.0,828.0,1078.0,37.0,37.0,138.0,7.81,30.8,23.66,0.95,112.41,12.68,9.91,7.81,0.95,1,1,1.0,1,All-Rounder,0.86,24.9595,55.2997,41.2279,37.0,0.5606,23.1124,41.4783,27.7039,39.91
Rumman Raees,PSL,33.0,49.0,11.0,11.0,6.0,5.5,67.35,4.0,0.0,8.16,48.0,974.0,1289.0,48.0,48.0,162.33,7.94,26.85,20.29,1.0,77.78,4.67,2.8,9.0,0.88,1,1,1.0,1,Bowler,0.23,13.0593,58.1926,58.1926,48.0,0.8889,51.7274,57.6626,53.2112,60.73
S Anirudha,IPL,136.0,113.0,12.0,12.0,8.0,17.0,120.35,9.0,7.0,14.16,0.0,0.0,0.0,0.0,0.0,0.0,58.23,203.5,118.8,0.0,0.0,0.0,0.0,38.82,0.0,1,0,1.0,0,Batsman,12.0,27.1021,0.0,27.1021,12.0,0.1176,3.1872,0.0,2.3904,1.83
S Aravind,IPL,59.0,57.0,10.0,10.0,4.0,14.75,103.51,7.0,0.0,12.28,45.0,760.0,1039.0,38.0,38.0,126.67,8.2,23.09,16.89,1.18,0.0,0.0,0.0,38.82,0.0,1,1,1.0,1,Bowler,0.26,23.0101,57.8113,57.8113,38.0,0.3725,21.5347,0.0,16.151,15.54
S Badree,BBL,7.0,5.0,2.0,2.0,0.0,7.0,140.0,1.0,0.0,20.0,14.0,312.0,334.0,13.0,13.0,52.0,6.42,23.86,22.29,1.08,0.0,0.0,0.0,38.82,0.0,1,1,0.0,1,Bowler,0.15,28.4374,53.4333,53.4333,13.0,0.1548,8.2715,0.0,6.2036,3.4
S Badree,CPL,69.0,71.0,13.0,13.0,4.0,17.25,97.18,2.0,2.0,5.63,42.0,936.0,1061.0,49.0,49.0,156.0,6.8,25.26,22.29,0.86,0.0,0.0,0.0,38.82,0.0,1,1,1.0,1,Bowler,0.27,20.0015,58.3478,58.3478,49.0,0.6806,39.7115,0.0,29.7836,32.16
S Badree,IPL,13.0,23.0,5.0,5.0,5.0,2.6,56.52,0.0,0.0,0.0,11.0,258.0,319.0,12.0,12.0,43.0,7.42,29.0,23.45,0.92,0.0,0.0,0.0,38.82,0.0,1,1,1.0,1,Bowler,0.42,6.7632,51.2247,51.2247,12.0,0.1176,6.024,0.0,4.518,1.35
S Badrinath,IPL,1441.0,1212.0,65.0,65.0,47.0,30.66,118.89,154.0,28.0,15.02,0.0,0.0,0.0,0.0,0.0,0.0,58.23,203.5,118.8,0.0,0.0,0.0,0.0,38.82,0.0,1,0,1.0,0,Batsman,65.0,36.2093,0.0,36.2093,65.0,0.6373,23.0762,0.0,17.3072,27.15
S Conners,T20_Blast,7.0,10.0,5.0,5.0,3.0,2.33,70.0,0.0,0.0,0.0,13.0,218.0,407.0,16.0,16.0,36.33,11.2,31.31,16.77,0.81,62.5,1.67,1.25,11.8,0.91,1,1,1.0,1,Bowler,0.31,8.3941,47.5822,47.5822,16.0,0.2424,11.5339,55.3061,22.477,23.25
S Dhawan,IPL,6769.0,5326.0,221.0,221.0,192.0,35.26,127.09,768.0,153.0,17.29,4.0,48.0,66.0,6.0,6.0,8.0,8.25,16.5,12.0,0.67,130.12,37.88,32.83,38.82,0.0,1,1,1.0,1,Batsman,36.83,56.5774,50.5713,56.5774,221.0,1.0,56.5774,48.5777,54.5775,90.42
S Dube,IPL,1502.0,1024.0,61.0,61.0,50.0,30.04,146.68,86.0,101.0,18.26,5.0,112.0,180.0,14.0,14.0,18.67,9.64,36.0,22.4,0.36,159.16,34.47,28.28,16.67,0.33,1,1,1.0,1,Batsman,4.36,41.29,46.9922,41.29,61.0,0.598,24.6914,47.0355,30.2774,49.17
S Gopal,IPL,180.0,169.0,22.0,22.0,14.0,12.86,106.51,19.0,2.0,12.43,52.0,991.0,1349.0,51.0,51.0,165.17,8.17,25.94,19.06,1.02,128.57,9.0,9.0,10.1,1.0,1,1,1.0,1,Bowler,0.43,23.1786,58.8568,58.8568,51.0,0.5,29.4284,59.6748,36.99,40.95
S Joseph,CPL,8.0,8.0,4.0,4.0,1.0,8.0,100.0,0.0,1.0,12.5,9.0,189.0,291.0,10.0,10.0,31.5,9.24,32.33,21.0,0.9,100.0,8.0,2.0,9.24,0.9,1,1,1.0,1,Bowler,0.4,20.1158,48.6203,48.6203,10.0,0.1389,6.7534,57.9338,19.5485,19.68
S Kaul,IPL,20.0,36.0,9.0,9.0,4.0,5.0,55.56,1.0,0.0,2.78,58.0,1209.0,1739.0,55.0,55.0,201.5,8.63,29.98,20.84,1.05,0.0,0.0,0.0,10.75,0.0,1,1,1.0,1,Bowler,0.16,8.8055,59.0749,59.0749,55.0,0.5392,31.8532,31.7894,31.8372,34.66
S Kaushik,IPL,0.0,1.0,1.0,1.0,1.0,0.0,0.0,0.0,0.0,0.0,6.0,204.0,297.0,10.0,10.0,34.0,8.74,49.5,34.0,0.6,0.0,0.0,0.0,38.82,0.0,0,1,1.0,1,Bowler,0.1,0.0,46.4215,46.4215,10.0,0.098,4.5493,0.0,3.412,0.0
S Lamichhane,BBL,25.0,22.0,5.0,5.0,2.0,12.5,113.64,0.0,1.0,4.55,48.0,959.0,1186.0,43.0,43.0,159.83,7.42,24.71,19.98,1.12,0.0,0.0,0.0,38.82,0.0,1,1,1.0,1,Bowler,0.12,19.8138,58.9712,58.9712,43.0,0.5119,30.1874,0.0,22.6406,23.45
S Lamichhane,CPL,25.0,31.0,8.0,8.0,4.0,6.25,80.65,2.0,0.0,6.45,27.0,461.0,446.0,21.0,21.0,76.83,5.81,16.52,17.07,1.29,0.0,0.0,0.0,38.82,0.0,1,1,1.0,1,Bowler,0.38,14.2229,57.4766,57.4766,21.0,0.2917,16.7659,0.0,12.5744,11.17
S Mahmood,T20_Blast,16.0,29.0,7.0,7.0,4.0,4.0,55.17,0.0,0.0,0.0,44.0,696.0,964.0,36.0,36.0,116.0,8.31,21.91,15.82,1.22,42.86,2.0,1.5,8.41,1.33,1,1,1.0,1,Bowler,0.19,7.0922,57.652,57.652,36.0,0.5455,31.4492,70.548,41.2239,46.11
S Milenko,BBL,333.0,276.0,32.0,32.0,22.0,15.14,120.65,24.0,13.0,13.41,9.0,123.0,207.0,12.0,12.0,20.5,10.1,23.0,13.67,0.75,0.0,0.0,0.0,38.82,0.0,1,1,1.0,1,Batsman,2.67,26.7488,48.9135,26.7488,32.0,0.381,10.1913,0.0,7.6435,10.75
S Nadeem,IPL,39.0,87.0,20.0,20.0,14.0,2.79,44.83,2.0,0.0,2.3,48.0,1415.0,1784.0,70.0,70.0,235.83,7.56,37.17,29.48,0.69,0.0,0.0,0.0,38.82,0.0,1,1,1.0,1,Bowler,0.29,6.4714,57.3016,57.3016,70.0,0.6863,39.3261,0.0,29.4946,31.81
S Prasanna,T20_Blast,163.0,134.0,18.0,18.0,16.0,10.19,121.64,11.0,11.0,16.42,21.0,498.0,656.0,23.0,23.0,83.0,7.9,31.24,23.71,0.91,0.0,0.0,0.0,38.82,0.0,1,1,1.0,1,Bowler,0.78,26.0032,52.4246,52.4246,23.0,0.3485,18.27,0.0,13.7025,12.55
S Sandeep Warrier,IPL,0.0,0.0,0.0,0.0,0.0,0.0,0.0,0.0,0.0,0.0,8.0,168.0,253.0,10.0,10.0,28.0,9.04,31.62,21.0,0.8,0.0,0.0,0.0,10.82,1.2,0,1,0.0,1,Bowler,0.0,0.0,48.7107,48.7107,10.0,0.098,4.7736,64.2893,19.6525,19.81
S Shillingford,CPL,44.0,40.0,12.0,12.0,8.0,5.5,110.0,2.0,3.0,12.5,23.0,546.0,659.0,26.0,26.0,91.0,7.24,28.65,23.74,0.88,0.0,0.0,0.0,38.82,0.0,1,1,1.0,1,Bowler,0.46,20.6399,53.7877,53.7877,26.0,0.3611,19.4227,0.0,14.567,13.6
S Snater,T20_Blast,110.0,91.0,19.0,19.0,8.0,13.75,120.88,12.0,1.0,14.29,32.0,603.0,963.0,40.0,40.0,100.5,9.58,30.09,18.84,0.8,113.56,11.17,5.58,8.89,0.84,1,1,1.0,1,Bowler,0.48,26.0026,53.0461,53.0461,40.0,0.6061,32.1512,56.7012,38.2887,42.53
S Sohal,IPL,368.0,292.0,20.0,20.0,20.0,18.4,126.03,34.0,18.0,17.81,0.0,0.0,0.0,0.0,0.0,0.0,58.23,203.5,118.8,0.0,0.0,0.0,0.0,38.82,0.0,1,0,1.0,0,Batsman,20.0,30.7587,0.0,30.7587,20.0,0.1961,6.0318,0.0,4.5238,5.45
S Sreesanth,IPL,34.0,55.0,12.0,12.0,4.0,8.5,61.82,6.0,0.0,10.91,40.0,880.0,1194.0,44.0,44.0,146.67,8.14,29.85,22.0,0.91,0.0,0.0,0.0,38.82,0.0,1,1,1.0,1,Bowler,0.27,14.6891,56.0647,56.0647,44.0,0.4314,24.1863,0.0,18.1397,17.96
S Steel,T20_Blast,909.0,746.0,37.0,37.0,36.0,25.25,121.85,65.0,30.0,12.73,17.0,476.0,568.0,30.0,30.0,79.33,7.16,33.41,28.0,0.57,124.05,24.5,24.5,9.07,0.17,1,1,1.0,1,All-Rounder,1.23,31.9538,52.1115,40.9804,37.0,0.5606,22.9736,37.7468,26.6669,38.2
S Tyagi,IPL,3.0,4.0,1.0,1.0,1.0,3.0,75.0,0.0,0.0,0.0,6.0,209.0,295.0,14.0,14.0,34.83,8.47,49.17,34.83,0.43,0.0,0.0,0.0,38.82,0.0,1,1,1.0,1,Bowler,0.07,9.2655,46.7298,46.7298,14.0,0.1373,6.416,0.0,4.812,1.71
SA Abbott,BBL,600.0,523.0,68.0,68.0,51.0,11.76,114.72,36.0,23.0,11.28,174.0,2478.0,3497.0,120.0,120.0,413.0,8.47,20.1,14.24,1.45,124.36,9.7,6.47,8.43,1.67,1,1,1.0,1,All-Rounder,0.57,24.6267,83.0816,61.9385,120.0,1.0,61.9385,49.764,58.8949,91.18
SA Abbott,T20_Blast,221.0,129.0,14.0,14.0,10.0,22.1,171.32,8.0,15.0,17.83,25.0,398.0,590.0,22.0,22.0,66.33,8.89,23.6,15.92,1.14,171.32,22.1,15.79,8.89,1.14,1,1,1.0,1,Bowler,0.64,37.4787,53.1618,53.1618,22.0,0.3333,17.7188,64.846,29.5006,31.82
SA Asnodkar,IPL,423.0,339.0,19.0,19.0,20.0,21.15,124.78,56.0,10.0,19.47,0.0,0.0,0.0,0.0,0.0,0.0,58.23,203.5,118.8,0.0,0.0,0.0,0.0,38.82,0.0,1,0,1.0,0,Batsman,19.0,32.5142,0.0,32.5142,19.0,0.1863,6.0574,0.0,4.543,5.48
SA Jacobs,CPL,14.0,23.0,6.0,6.0,3.0,4.67,60.87,1.0,0.0,4.35,17.0,480.0,605.0,27.0,27.0,80.0,7.56,35.59,28.24,0.63,0.0,0.0,0.0,38.82,0.0,1,1,1.0,1,Bowler,0.22,10.0902,51.447,51.447,27.0,0.375,19.2926,0.0,14.4694,13.48
SA Northeast,T20_Blast,3531.0,2743.0,122.0,122.0,111.0,31.81,128.73,328.0,94.0,15.38,0.0,0.0,0.0,0.0,0.0,0.0,58.23,203.5,118.8,0.0,124.37,38.56,31.55,38.82,0.0,1,0,1.0,0,Batsman,122.0,44.5778,0.0,44.5778,122.0,1.0,44.5778,47.5314,45.3162,74.7
SA Patterson,T20_Blast,4.0,11.0,4.0,4.0,3.0,1.33,36.36,0.0,0.0,0.0,37.0,721.0,978.0,34.0,34.0,120.17,8.14,26.43,19.49,1.09,0.0,0.0,0.0,38.82,0.0,1,1,1.0,1,Bowler,0.12,3.677,55.8995,55.8995,34.0,0.5152,28.7994,0.0,21.5996,22.18
SA Piolet,T20_Blast,52.0,46.0,10.0,10.0,6.0,8.67,113.04,6.0,1.0,15.22,16.0,318.0,409.0,15.0,15.0,53.0,7.72,25.56,19.88,1.07,0.0,0.0,0.0,38.82,0.0,1,1,1.0,1,Bowler,0.67,23.447,52.3253,52.3253,15.0,0.2273,11.8935,0.0,8.9201,6.72
SA Yadav,IPL,3594.0,2474.0,135.0,135.0,113.0,31.81,145.27,385.0,130.0,20.82,0.0,6.0,8.0,1.0,1.0,1.0,8.0,203.5,118.8,0.0,167.51,40.42,35.8,38.82,0.0,1,1,1.0,0,Batsman,135.0,49.454,27.0657,49.454,135.0,1.0,49.454,54.9995,50.8404,84.08
SA Zaib,T20_Blast,1173.0,807.0,57.0,57.0,45.0,26.07,145.35,113.0,44.0,19.45,12.0,302.0,402.0,24.0,24.0,50.33,7.99,33.5,25.17,0.5,150.41,30.53,24.11,7.79,0.71,1,1,1.0,1,Batsman,2.38,39.2449,50.3016,39.2449,57.0,0.8636,33.8919,41.9625,35.9096,58.73
SB Harper,BBL,1623.0,1246.0,87.0,87.0,82.0,19.79,130.26,141.0,54.0,15.65,0.0,0.0,0.0,0.0,0.0,0.0,58.23,203.5,118.8,0.0,126.86,15.86,15.86,38.82,0.0,1,0,1.0,0,Wicketkeeper-Batsman,87.0,34.7047,0.0,38.1752,87.0,1.0,38.1752,28.437,35.7406,60.33
SB Jakati,IPL,28.0,29.0,5.0,5.0,1.0,28.0,96.55,3.0,0.0,10.34,47.0,1085.0,1451.0,57.0,57.0,180.83,8.02,30.87,23.09,0.82,0.0,0.0,0.0,38.82,0.0,1,1,1.0,1,Bowler,0.09,25.7858,57.4243,57.4243,57.0,0.5588,32.0887,0.0,24.0665,25.19
SB Styris,IPL,131.0,133.0,10.0,10.0,7.0,18.71,98.5,10.0,3.0,9.77,8.0,216.0,276.0,11.0,11.0,36.0,7.67,34.5,27.0,0.73,0.0,0.0,0.0,38.82,0.0,1,1,1.0,1,Bowler,0.91,22.8133,49.7157,49.7157,11.0,0.1078,5.3594,0.0,4.0196,0.74
SC Ganguly,IPL,1349.0,1263.0,56.0,56.0,53.0,25.45,106.81,137.0,42.0,14.17,10.0,276.0,363.0,20.0,20.0,46.0,7.89,36.3,27.6,0.5,0.0,0.0,0.0,38.82,0.0,1,1,1.0,1,Batsman,2.8,32.1222,49.6666,32.1222,56.0,0.549,17.6351,0.0,13.2263,20.22
SC Kuggeleijn,CPL,43.0,40.0,8.0,8.0,3.0,14.33,107.5,2.0,0.0,5.0,23.0,291.0,406.0,15.0,15.0,48.5,8.37,17.65,12.65,1.53,166.67,5.0,2.5,9.77,1.5,1,1,1.0,1,Bowler,0.53,19.9313,54.0183,54.0183,15.0,0.2083,11.252,73.6232,26.8448,28.58
SD Heazlett,BBL,840.0,678.0,50.0,50.0,47.0,17.87,123.89,68.0,33.0,14.9,0.0,6.0,15.0,1.0,1.0,1.0,15.0,203.5,118.8,0.0,109.3,23.5,23.5,38.82,0.0,1,1,1.0,0,Batsman,50.0,30.4093,20.1232,30.4093,50.0,0.5952,18.0996,34.7603,22.2648,35.57
SD Hope,CPL,1762.0,1379.0,66.0,66.0,62.0,28.42,127.77,127.0,83.0,15.23,0.0,0.0,0.0,0.0,0.0,0.0,58.23,203.5,118.8,0.0,135.1,37.47,33.06,38.82,0.0,1,0,1.0,0,Wicketkeeper-Batsman,66.0,37.6674,0.0,41.4341,66.0,0.9167,37.9826,49.0142,40.7405,69.23
SD Parry,T20_Blast,62.0,57.0,13.0,13.0,5.0,12.4,108.77,6.0,0.0,10.53,53.0,1206.0,1495.0,60.0,60.0,201.0,7.44,28.21,22.75,0.88,0.0,0.0,0.0,38.82,0.0,1,1,1.0,1,Bowler,0.22,22.054,59.497,59.497,60.0,0.9091,54.0887,0.0,40.5665,45.31
SE Gotch,BBL,377.0,368.0,30.0,30.0,23.0,16.39,102.45,24.0,9.0,8.97,0.0,0.0,0.0,0.0,0.0,0.0,58.23,203.5,118.8,0.0,0.0,0.0,0.0,38.82,0.0,1,0,1.0,0,Wicketkeeper-Batsman,30.0,22.8996,0.0,25.1896,30.0,0.3571,8.9952,0.0,6.7464,8.76
SE Marsh,BBL,2802.0,2157.0,77.0,77.0,67.0,41.82,129.9,255.0,89.0,15.95,0.0,0.0,0.0,0.0,0.0,0.0,58.23,203.5,118.8,0.0,133.33,45.78,37.45,38.82,0.0,1,0,1.0,0,Batsman,77.0,46.2554,0.0,46.2554,77.0,0.9167,42.4023,55.0834,45.5726,75.13
SE Marsh,IPL,2489.0,1871.0,69.0,69.0,63.0,39.51,133.03,269.0,78.0,18.55,0.0,0.0,0.0,0.0,0.0,0.0,58.23,203.5,118.8,0.0,0.0,0.0,0.0,38.82,0.0,1,0,1.0,0,Batsman,69.0,46.0816,0.0,46.0816,69.0,0.6765,31.1742,0.0,23.3806,37.46
SE Marsh,T20_Blast,400.0,341.0,16.0,16.0,13.0,30.77,117.3,39.0,6.0,13.2,0.0,0.0,0.0,0.0,0.0,0.0,58.23,203.5,118.8,0.0,0.0,0.0,0.0,38.82,0.0,1,0,1.0,0,Batsman,16.0,31.9452,0.0,31.9452,16.0,0.2424,7.7435,0.0,5.8076,7.63
SE Rutherford,CPL,970.0,724.0,50.0,50.0,41.0,23.66,133.98,54.0,67.0,16.71,1.0,54.0,92.0,6.0,6.0,9.0,10.22,92.0,54.0,0.17,144.49,22.35,19.0,9.62,0.2,1,1,1.0,1,Batsman,8.33,35.0101,38.7569,35.0101,50.0,0.6944,24.311,34.7803,26.9283,43.48
SE Rutherford,PSL,599.0,403.0,29.0,29.0,23.0,26.04,148.64,40.0,40.0,19.85,0.0,0.0,0.0,0.0,0.0,0.0,58.23,203.5,118.8,0.0,144.65,25.92,20.73,38.82,0.0,1,0,1.0,0,Batsman,29.0,38.056,0.0,38.056,29.0,0.537,20.4361,37.3771,24.6714,39.65
SG Borthwick,T20_Blast,356.0,351.0,36.0,36.0,23.0,15.48,101.42,20.0,3.0,6.55,53.0,1050.0,1434.0,63.0,63.0,175.0,8.19,27.06,19.81,0.84,108.22,19.75,13.17,9.68,0.8,1,1,1.0,1,All-Rounder,0.57,21.2501,58.8944,45.2069,63.0,0.9545,43.15,40.6918,42.5354,64.29
SG Budinger,T20_Blast,303.0,225.0,23.0,23.0,22.0,13.77,134.67,32.0,12.0,19.56,2.0,24.0,21.0,1.0,1.0,4.0,5.25,10.5,12.0,2.0,138.67,13.94,13.21,5.25,2.0,1,1,1.0,1,Batsman,23.0,30.8561,53.8935,30.8561,23.0,0.3485,10.7534,27.0883,14.8371,22.96
SH Johnson,BBL,48.0,38.0,8.0,8.0,6.0,8.0,126.32,7.0,2.0,23.68,41.0,626.0,788.0,28.0,28.0,104.33,7.55,19.22,15.27,1.46,126.32,8.0,6.0,7.55,1.46,1,1,1.0,1,Bowler,0.29,28.8647,58.1509,58.1509,28.0,0.3333,19.3817,75.0514,33.2991,36.45
SJ Benn,CPL,20.0,35.0,8.0,8.0,5.0,4.0,57.14,2.0,0.0,5.71,24.0,655.0,777.0,34.0,34.0,109.17,7.12,32.38,27.29,0.71,0.0,0.0,0.0,38.82,0.0,1,1,1.0,1,Bowler,0.24,10.0242,53.6436,53.6436,34.0,0.4722,25.3305,0.0,18.9979,19.01
SJ Cook,T20_Blast,42.0,42.0,16.0,16.0,6.0,7.0,100.0,2.0,1.0,7.14,58.0,1168.0,1667.0,56.0,56.0,194.67,8.56,28.74,20.14,1.04,100.0,15.0,2.5,8.59,0.91,1,1,1.0,1,Bowler,0.29,17.3676,59.2967,59.2967,56.0,0.8485,50.3132,58.9414,52.4703,59.83
SJ Coyte,BBL,63.0,41.0,6.0,6.0,4.0,15.75,153.66,7.0,2.0,21.95,7.0,222.0,267.0,11.0,11.0,37.0,7.22,38.14,31.71,0.64,0.0,0.0,0.0,38.82,0.0,1,1,1.0,1,Bowler,0.55,34.38,49.5197,49.5197,11.0,0.131,6.4871,0.0,4.8653,1.77
SJ Croft,T20_Blast,3048.0,2403.0,132.0,132.0,98.0,31.1,126.84,216.0,103.0,13.28,50.0,1123.0,1301.0,85.0,85.0,187.17,6.95,26.02,22.46,0.59,135.06,34.31,28.89,10.75,0.33,1,1,1.0,1,All-Rounder,1.55,41.5956,59.6666,48.674,132.0,1.0,48.674,42.9179,47.235,72.01
SJ Mullaney,T20_Blast,1342.0,945.0,95.0,95.0,77.0,17.43,142.01,119.0,59.0,18.84,95.0,1958.0,2590.0,116.0,116.0,326.33,7.94,27.26,20.61,0.82,130.0,16.9,14.7,7.59,0.76,1,1,1.0,1,All-Rounder,0.82,36.0043,67.3129,53.2178,116.0,1.0,53.2178,42.2262,50.4699,77.33
SJ Srivastava,IPL,5.0,5.0,4.0,4.0,1.0,5.0,100.0,0.0,0.0,0.0,14.0,282.0,441.0,14.0,14.0,47.0,9.38,31.5,20.14,1.0,0.0,0.0,0.0,38.82,0.0,1,1,1.0,1,Bowler,0.29,13.2142,49.559,49.559,14.0,0.1373,6.8045,0.0,5.1034,2.06
SJ Thakor,T20_Blast,208.0,161.0,21.0,21.0,17.0,12.24,129.19,19.0,6.0,15.53,26.0,483.0,653.0,25.0,25.0,80.5,8.11,25.12,18.58,1.04,0.0,0.0,0.0,38.82,0.0,1,1,1.0,1,All-Rounder,0.84,27.4295,53.9438,41.84,25.0,0.3788,15.849,0.0,11.8867,13.9
SK Raina,IPL,5536.0,4046.0,200.0,200.0,171.0,32.37,136.83,506.0,204.0,17.55,25.0,908.0,1118.0,69.0,69.0,151.33,7.39,44.72,36.32,0.36,0.0,0.0,0.0,38.82,0.0,1,1,1.0,1,All-Rounder,2.9,53.0922,52.0549,52.8261,200.0,1.0,52.8261,0.0,39.6196,59.49
SK Springer,CPL,221.0,216.0,20.0,20.0,14.0,15.79,102.31,13.0,9.0,10.19,28.0,421.0,634.0,26.0,26.0,70.17,9.04,22.64,15.04,1.08,105.13,16.4,11.71,8.84,1.31,1,1,1.0,1,All-Rounder,0.77,22.7522,53.7164,40.2532,26.0,0.3611,14.5354,46.785,22.5978,31.51
SK Trivedi,IPL,42.0,59.0,14.0,14.0,7.0,6.0,71.19,3.0,1.0,6.78,65.0,1506.0,1904.0,75.0,75.0,251.0,7.59,29.29,23.17,0.87,0.0,0.0,0.0,38.82,0.0,1,1,1.0,1,Bowler,0.19,13.1171,61.557,61.557,75.0,0.7353,45.2629,0.0,33.9472,37.24
SK Warne,BBL,0.0,0.0,0.0,0.0,0.0,0.0,0.0,0.0,0.0,0.0,8.0,234.0,283.0,11.0,11.0,39.0,7.26,35.38,29.25,0.73,0.0,0.0,0.0,38.82,0.0,0,1,0.0,1,Bowler,0.0,0.0,50.0142,50.0142,11.0,0.131,6.5519,0.0,4.9139,1.83
SK Warne,IPL,198.0,214.0,27.0,27.0,20.0,9.9,92.52,14.0,6.0,9.35,57.0,1194.0,1447.0,54.0,54.0,199.0,7.27,25.39,20.95,1.06,0.0,0.0,0.0,38.82,0.0,1,1,1.0,1,All-Rounder,0.5,18.9413,60.7925,46.8435,54.0,0.5294,24.7989,0.0,18.5992,24.94
SKW Wood,T20_Blast,94.0,82.0,14.0,14.0,8.0,11.75,114.63,4.0,2.0,7.32,5.0,119.0,181.0,14.0,14.0,19.83,9.13,36.2,23.8,0.36,0.0,0.0,0.0,38.82,0.0,1,1,1.0,1,Bowler,1.0,21.185,47.4734,47.4734,14.0,0.2121,10.0691,0.0,7.5518,5.05
SL Elstone,T20_Blast,247.0,196.0,19.0,19.0,17.0,14.53,126.02,19.0,7.0,13.27,0.0,36.0,64.0,5.0,5.0,6.0,10.67,203.5,118.8,0.0,0.0,0.0,0.0,38.82,0.0,1,1,1.0,0,Batsman,3.8,26.8949,24.4177,26.8949,19.0,0.2879,7.743,0.0,5.8072,7.63
SL Malinga,BBL,2.0,1.0,1.0,1.0,0.0,2.0,200.0,0.0,0.0,0.0,14.0,252.0,226.0,11.0,11.0,42.0,5.38,16.14,18.0,1.27,0.0,0.0,0.0,38.82,0.0,1,1,0.0,1,Bowler,0.09,25.0905,55.4131,55.4131,11.0,0.131,7.2591,0.0,5.4443,2.48
SL Malinga,IPL,88.0,99.0,20.0,20.0,16.0,5.5,88.89,6.0,5.0,11.11,170.0,2828.0,3371.0,122.0,122.0,471.33,7.15,19.83,16.64,1.39,0.0,0.0,0.0,38.82,0.0,1,1,1.0,1,Bowler,0.16,17.3958,83.6434,83.6434,122.0,1.0,83.6434,0.0,62.7326,72.34
SL Rainbird,BBL,34.0,36.0,11.0,11.0,7.0,4.86,94.44,2.0,0.0,5.56,17.0,451.0,669.0,24.0,24.0,75.17,8.9,39.35,26.53,0.71,0.0,0.0,0.0,38.82,0.0,1,1,1.0,1,Bowler,0.46,15.13,49.6561,49.6561,24.0,0.2857,14.1867,0.0,10.64,8.81
SM Boland,BBL,71.0,81.0,20.0,20.0,7.0,10.14,87.65,7.0,0.0,8.64,72.0,1305.0,1843.0,59.0,59.0,217.5,8.47,25.6,18.12,1.22,0.0,0.0,0.0,9.97,1.0,1,1,1.0,1,Bowler,0.34,17.6681,62.5034,62.5034,59.0,0.7024,43.9024,59.822,47.8823,54.23
SM Curran,IPL,883.0,647.0,48.0,48.0,35.0,25.23,136.48,74.0,37.0,17.16,58.0,1181.0,1900.0,58.0,58.0,196.83,9.65,32.76,20.36,1.0,129.38,27.3,21.84,10.19,0.96,1,1,1.0,1,All-Rounder,0.83,35.8266,57.7218,47.8077,58.0,0.5686,27.1835,47.8522,32.3507,47.55
SM Curran,T20_Blast,1514.0,1111.0,69.0,69.0,61.0,24.82,136.27,108.0,73.0,16.29,73.0,1393.0,1939.0,72.0,72.0,232.17,8.35,26.56,19.08,1.01,148.04,31.04,29.97,8.42,1.21,1,1,1.0,1,All-Rounder,0.96,37.2174,62.6996,50.2286,72.0,1.0,50.2286,56.436,51.7804,79.49
SM Davies,T20_Blast,986.0,717.0,57.0,57.0,58.0,17.0,137.52,118.0,23.0,19.67,0.0,0.0,0.0,0.0,0.0,0.0,58.23,203.5,118.8,0.0,0.0,0.0,0.0,38.82,0.0,1,0,1.0,0,Wicketkeeper-Batsman,57.0,34.5478,0.0,38.0026,57.0,0.8636,32.819,0.0,24.6143,40.54
SM Ervine,T20_Blast,654.0,509.0,43.0,43.0,37.0,17.68,128.49,46.0,24.0,13.75,3.0,102.0,190.0,11.0,11.0,17.0,11.18,63.33,34.0,0.27,0.0,0.0,0.0,38.82,0.0,1,1,1.0,1,Batsman,3.91,29.8207,41.7171,29.8207,43.0,0.6515,19.4282,0.0,14.5712,22.51
SM Katich,BBL,379.0,295.0,19.0,19.0,16.0,23.69,128.47,39.0,6.0,15.25,0.0,0.0,0.0,0.0,0.0,0.0,58.23,203.5,118.8,0.0,0.0,0.0,0.0,38.82,0.0,1,0,1.0,0,Batsman,19.0,31.7823,0.0,31.7823,19.0,0.2262,7.1892,0.0,5.3919,6.92
SM Katich,IPL,241.0,186.0,11.0,11.0,10.0,24.1,129.57,26.0,8.0,18.28,0.0,0.0,0.0,0.0,0.0,0.0,58.23,203.5,118.8,0.0,0.0,0.0,0.0,38.82,0.0,1,0,1.0,0,Batsman,11.0,33.0528,0.0,33.0528,11.0,0.1078,3.5631,0.0,2.6723,2.31
SM Pollock,IPL,147.0,111.0,8.0,8.0,8.0,18.38,132.43,12.0,8.0,18.02,11.0,276.0,301.0,13.0,13.0,46.0,6.54,27.36,25.09,0.85,0.0,0.0,0.0,38.82,0.0,1,1,1.0,1,Bowler,0.62,30.9886,52.2989,52.2989,13.0,0.1275,6.6681,0.0,5.0011,1.94
SM Whiteman,BBL,644.0,557.0,43.0,43.0,42.0,15.33,115.62,59.0,17.0,13.64,0.0,0.0,0.0,0.0,0.0,0.0,58.23,203.5,118.8,0.0,104.76,13.2,13.2,38.82,0.0,1,0,1.0,0,Wicketkeeper-Batsman,43.0,27.2423,0.0,29.9665,43.0,0.5119,15.3399,23.5905,17.4025,27.71
SN Khan,IPL,585.0,448.0,36.0,36.0,26.0,22.5,130.58,63.0,14.0,17.19,0.0,2.0,6.0,1.0,1.0,0.33,18.18,203.5,118.8,0.0,111.63,20.57,16.0,38.82,0.0,1,1,1.0,0,Batsman,36.0,33.1832,16.9694,33.1832,36.0,0.3529,11.7104,29.0857,16.0542,25.02
SN Thakur,IPL,307.0,221.0,35.0,35.0,25.0,12.28,138.91,27.0,13.0,18.1,94.0,1866.0,2869.0,92.0,92.0,311.0,9.23,30.52,19.85,1.02,145.98,14.94,11.55,9.92,0.84,1,1,1.0,1,Bowler,0.38,30.21,65.4379,65.4379,92.0,0.902,59.025,55.5347,58.1524,66.76
SNJ O'Keefe,BBL,317.0,293.0,37.0,37.0,23.0,13.78,108.19,29.0,5.0,11.6,99.0,2003.0,2201.0,95.0,95.0,333.83,6.59,22.23,20.23,1.04,125.0,5.0,1.67,6.24,1.17,1,1,1.0,1,Bowler,0.39,23.7611,70.0503,70.0503,95.0,1.0,70.0503,68.6617,69.7031,80.84
SO Dowrich,CPL,140.0,132.0,10.0,10.0,9.0,15.56,106.06,15.0,4.0,14.39,0.0,0.0,0.0,0.0,0.0,0.0,58.23,203.5,118.8,0.0,0.0,0.0,0.0,38.82,0.0,1,0,1.0,0,Batsman,10.0,24.8635,0.0,24.8635,10.0,0.1389,3.4535,0.0,2.5901,2.17
SO Hetmyer,CPL,2063.0,1482.0,80.0,80.0,71.0,29.06,139.2,151.0,106.0,17.34,0.0,0.0,0.0,0.0,0.0,0.0,58.23,203.5,118.8,0.0,149.92,30.33,26.76,38.82,0.0,1,0,1.0,0,Batsman,80.0,41.2967,0.0,41.2967,80.0,1.0,41.2967,43.477,41.8418,68.8
SO Hetmyer,IPL,1243.0,812.0,65.0,65.0,40.0,31.08,153.08,76.0,82.0,19.46,0.0,0.0,0.0,0.0,0.0,0.0,58.23,203.5,118.8,0.0,154.47,36.3,19.62,38.82,0.0,1,0,1.0,0,Batsman,65.0,42.2376,0.0,42.2376,65.0,0.6373,26.918,41.9932,30.6868,49.86
SP Crook,T20_Blast,823.0,629.0,58.0,58.0,40.0,20.58,130.84,69.0,29.0,15.58,31.0,726.0,1052.0,47.0,47.0,121.0,8.69,33.94,23.42,0.66,0.0,0.0,0.0,38.82,0.0,1,1,1.0,1,All-Rounder,1.23,32.5301,53.2607,41.8091,58.0,0.8788,36.7418,0.0,27.5564,39.66
SP Fleming,IPL,196.0,165.0,10.0,10.0,9.0,21.78,118.79,27.0,3.0,18.18,0.0,0.0,0.0,0.0,0.0,0.0,58.23,203.5,118.8,0.0,0.0,0.0,0.0,38.82,0.0,1,0,1.0,0,Batsman,10.0,30.651,0.0,30.651,10.0,0.098,3.0038,0.0,2.2528,1.59
SP Goswami,IPL,293.0,295.0,21.0,21.0,20.0,14.65,99.32,32.0,3.0,11.86,0.0,0.0,0.0,0.0,0.0,0.0,58.23,203.5,118.8,0.0,0.0,0.0,0.0,38.82,0.0,1,0,1.0,0,Wicketkeeper-Batsman,21.0,22.9665,0.0,25.2632,21.0,0.2059,5.2017,0.0,3.9013,3.7
SP Narine,BBL,63.0,47.0,9.0,9.0,6.0,10.5,134.04,5.0,4.0,19.15,14.0,288.0,355.0,12.0,12.0,48.0,7.4,25.36,20.57,1.17,0.0,0.0,0.0,38.82,0.0,1,1,1.0,1,All-Rounder,0.75,28.6798,52.277,42.1632,12.0,0.1429,6.0251,0.0,4.5188,1.79
SP Narine,CPL,947.0,704.0,77.0,77.0,70.0,13.53,134.52,82.0,60.0,20.17,123.0,2593.0,2339.0,110.0,110.0,432.17,5.41,19.02,21.08,1.12,130.52,10.05,9.57,5.73,1.32,1,1,1.0,1,All-Rounder,0.7,33.0458,76.2979,58.4867,110.0,1.0,58.4867,47.8666,55.8317,86.15
SP Narine,IPL,1534.0,925.0,106.0,106.0,90.0,17.04,165.84,164.0,97.0,28.22,180.0,4081.0,4582.0,175.0,175.0,680.17,6.74,25.46,22.67,1.03,173.13,20.0,17.58,6.69,0.88,1,1,1.0,1,All-Rounder,0.61,43.9274,85.3096,69.7002,175.0,1.0,69.7002,47.935,64.2589,100.0
SP Narine,PSL,214.0,130.0,15.0,15.0,13.0,16.46,164.62,17.0,15.0,24.62,21.0,402.0,419.0,17.0,17.0,67.0,6.25,19.95,19.14,1.24,0.0,0.0,0.0,38.82,0.0,1,1,1.0,1,All-Rounder,0.88,37.7665,55.4481,47.159,17.0,0.3148,14.8457,0.0,11.1343,12.67
SP Narine,T20_Blast,402.0,249.0,23.0,23.0,19.0,21.16,161.45,35.0,26.0,24.5,34.0,665.0,767.0,28.0,28.0,110.83,6.92,22.56,19.56,1.21,161.45,21.16,17.48,6.92,1.21,1,1,1.0,1,All-Rounder,0.82,39.5463,56.9995,49.1281,28.0,0.4242,20.8401,51.9508,28.6178,41.41
SPD Smith,BBL,1186.0,802.0,32.0,32.0,27.0,43.93,147.88,86.0,51.0,17.08,6.0,108.0,145.0,6.0,6.0,18.0,8.06,24.17,18.0,1.0,172.62,82.86,64.44,38.82,0.0,1,1,1.0,1,Batsman,5.33,44.8135,50.2077,44.8135,32.0,0.381,17.0739,91.1829,35.6012,58.21
SPD Smith,IPL,2495.0,1945.0,93.0,93.0,72.0,34.65,128.28,226.0,60.0,14.7,0.0,2.0,5.0,1.0,1.0,0.33,15.15,203.5,118.8,0.0,0.0,0.0,0.0,38.82,0.0,1,1,1.0,0,Batsman,93.0,41.9728,19.9745,41.9728,93.0,0.9118,38.2708,0.0,28.7031,46.5
SR Dickson,T20_Blast,1050.0,771.0,46.0,46.0,33.0,31.82,136.19,82.0,34.0,15.05,0.0,0.0,0.0,0.0,0.0,0.0,58.23,203.5,118.8,0.0,150.13,35.06,24.83,38.82,0.0,1,0,1.0,0,Batsman,46.0,37.6525,0.0,37.6525,46.0,0.697,26.2438,44.2966,30.757,49.98
SR Hain,BBL,260.0,224.0,16.0,16.0,11.0,23.64,116.07,18.0,7.0,11.16,0.0,0.0,0.0,0.0,0.0,0.0,58.23,203.5,118.8,0.0,116.07,23.64,16.25,38.82,0.0,1,0,1.0,0,Batsman,16.0,27.8796,0.0,27.8796,16.0,0.1905,5.3111,30.9538,11.7218,17.67
SR Hain,T20_Blast,3722.0,2721.0,109.0,109.0,84.0,44.31,136.79,329.0,100.0,15.77,0.0,0.0,0.0,0.0,0.0,0.0,58.23,203.5,118.8,0.0,150.73,62.52,41.09,38.82,0.0,1,0,1.0,0,Batsman,109.0,50.8129,0.0,50.8129,109.0,1.0,50.8129,66.0451,54.6209,90.5
SR Harmer,T20_Blast,598.0,464.0,69.0,69.0,48.0,12.46,128.88,45.0,21.0,14.22,105.0,2024.0,2735.0,101.0,101.0,337.33,8.11,26.05,19.28,1.04,124.21,10.73,7.38,8.16,1.05,1,1,1.0,1,All-Rounder,0.68,28.0726,69.2442,52.5326,101.0,1.0,52.5326,41.9936,49.8979,76.39
SR Patel,PSL,455.0,374.0,24.0,24.0,16.0,28.44,121.66,54.0,7.0,16.31,30.0,607.0,773.0,34.0,34.0,101.17,7.64,25.77,20.23,0.88,123.4,29.0,19.33,8.42,0.2,1,1,1.0,1,All-Rounder,0.71,33.3097,55.1106,46.0894,34.0,0.6296,29.0179,37.8374,31.2228,45.69
SR Patel,T20_Blast,2531.0,1973.0,121.0,121.0,97.0,26.09,128.28,217.0,76.0,14.85,133.0,3051.0,3770.0,143.0,143.0,508.5,7.41,28.35,22.94,0.93,122.52,18.76,16.48,7.59,0.97,1,1,1.0,1,All-Rounder,0.85,39.1325,75.1193,58.6265,143.0,1.0,58.6265,45.6714,55.3877,85.42
SR Taylor,CPL,165.0,166.0,13.0,13.0,12.0,13.75,99.4,17.0,4.0,12.65,0.0,30.0,50.0,2.0,2.0,5.0,10.0,203.5,118.8,0.0,62.07,6.0,6.0,38.82,0.0,1,1,1.0,0,Batsman,6.5,22.6283,25.0822,22.6283,13.0,0.1806,4.0867,12.0778,6.0845,8.1
SR Tendulkar,IPL,2334.0,1948.0,78.0,78.0,67.0,34.84,119.82,296.0,29.0,16.68,0.0,36.0,58.0,4.0,4.0,6.0,9.67,203.5,118.8,0.0,0.0,0.0,0.0,38.82,0.0,1,1,1.0,0,Batsman,19.5,41.3664,25.4095,41.3664,78.0,0.7647,31.6329,0.0,23.7247,38.05
SR Watson,BBL,1014.0,757.0,39.0,39.0,37.0,27.41,133.95,86.0,53.0,18.36,15.0,372.0,503.0,21.0,21.0,62.0,8.11,33.53,24.8,0.71,0.0,0.0,0.0,38.82,0.0,1,1,1.0,1,All-Rounder,1.86,37.2376,50.7643,41.9719,39.0,0.4643,19.4876,0.0,14.6157,18.39
SR Watson,CPL,423.0,289.0,17.0,17.0,14.0,30.21,146.37,26.0,26.0,17.99,11.0,246.0,358.0,11.0,11.0,41.0,8.73,32.55,22.36,1.0,0.0,0.0,0.0,38.82,0.0,1,1,1.0,1,Batsman,1.55,37.8175,49.4893,37.8175,17.0,0.2361,8.9287,0.0,6.6965,9.14
SR Watson,IPL,3880.0,2813.0,141.0,141.0,126.0,30.79,137.93,377.0,190.0,20.16,92.0,2029.0,2682.0,105.0,105.0,338.17,7.93,29.15,22.05,0.88,0.0,0.0,0.0,38.82,0.0,1,1,1.0,1,All-Rounder,1.34,48.728,66.5053,56.3154,141.0,1.0,56.3154,0.0,42.2365,63.8
SR Watson,PSL,1361.0,982.0,46.0,46.0,42.0,32.4,138.59,123.0,81.0,20.77,23.0,444.0,612.0,26.0,26.0,74.0,8.27,26.61,19.3,0.88,0.0,0.0,0.0,38.82,0.0,1,1,1.0,1,All-Rounder,1.77,41.8074,53.0167,45.8551,46.0,0.8519,39.064,0.0,29.298,42.53
SS Cottrell,CPL,182.0,137.0,28.0,28.0,22.0,8.27,132.85,12.0,13.0,18.25,85.0,1523.0,1968.0,73.0,73.0,253.83,7.75,23.15,17.92,1.16,75.0,3.75,3.0,8.45,0.7,1,1,1.0,1,Bowler,0.38,27.6896,66.0551,66.0551,73.0,1.0,66.0551,53.3986,62.891,72.53
SS Eskinazi,BBL,258.0,216.0,13.0,13.0,11.0,23.45,119.44,27.0,7.0,15.74,0.0,0.0,0.0,0.0,0.0,0.0,58.23,203.5,118.8,0.0,119.44,23.45,19.85,38.82,0.0,1,0,1.0,0,Batsman,13.0,30.3797,0.0,30.3797,13.0,0.1548,4.7028,33.4242,11.8832,17.94
SS Eskinazi,T20_Blast,2581.0,1831.0,84.0,84.0,77.0,33.52,140.96,269.0,68.0,18.41,0.0,0.0,0.0,0.0,0.0,0.0,58.23,203.5,118.8,0.0,146.4,30.2,28.57,38.82,0.0,1,0,1.0,0,Batsman,84.0,45.2148,0.0,45.2148,84.0,1.0,45.2148,44.2156,44.965,74.1
SS Iyer,IPL,3131.0,2455.0,114.0,114.0,98.0,31.95,127.54,272.0,113.0,15.68,0.0,6.0,7.0,1.0,1.0,1.0,7.0,203.5,118.8,0.0,140.04,34.18,26.86,7.0,0.0,1,1,1.0,0,Batsman,114.0,43.3652,28.0575,43.3652,114.0,1.0,43.3652,44.2391,43.5837,71.76
SS Prabhudessai,IPL,126.0,106.0,10.0,10.0,10.0,12.6,118.87,11.0,4.0,14.15,0.0,0.0,0.0,0.0,0.0,0.0,58.23,203.5,118.8,0.0,118.87,12.6,12.6,38.82,0.0,1,0,1.0,0,Batsman,10.0,25.3209,0.0,25.3209,10.0,0.098,2.4814,24.2874,7.9329,11.24
SS Tiwary,IPL,1494.0,1244.0,73.0,73.0,52.0,28.73,120.1,111.0,50.0,12.94,0.0,0.0,0.0,0.0,0.0,0.0,58.23,203.5,118.8,0.0,0.0,0.0,0.0,38.82,0.0,1,0,1.0,0,Batsman,73.0,34.8792,0.0,34.8792,73.0,0.7157,24.963,0.0,18.7223,29.55
SSJ Brooks,CPL,961.0,752.0,43.0,43.0,38.0,25.29,127.79,70.0,42.0,14.89,0.0,0.0,0.0,0.0,0.0,0.0,58.23,203.5,118.8,0.0,133.82,27.0,22.95,38.82,0.0,1,0,1.0,0,Batsman,43.0,33.907,0.0,33.907,43.0,0.5972,20.2493,38.1961,24.736,39.76
ST Finn,T20_Blast,36.0,47.0,17.0,17.0,6.0,6.0,76.6,2.0,0.0,4.26,111.0,1670.0,2391.0,81.0,81.0,278.33,8.59,21.54,15.05,1.37,33.33,1.0,1.0,9.25,1.0,1,1,1.0,1,Bowler,0.21,12.6228,70.4929,70.4929,81.0,1.0,70.4929,60.6374,68.029,78.8
ST Gabriel,CPL,4.0,11.0,6.0,6.0,2.0,2.0,36.36,0.0,0.0,0.0,17.0,380.0,510.0,22.0,22.0,63.33,8.05,30.0,22.35,0.77,0.0,0.0,0.0,38.82,0.0,1,1,1.0,1,Bowler,0.27,3.9136,51.6477,51.6477,22.0,0.3056,15.7835,0.0,11.8376,10.28
ST Jayasuriya,IPL,768.0,532.0,30.0,30.0,28.0,27.43,144.36,84.0,39.0,23.12,13.0,294.0,390.0,21.0,21.0,49.0,7.96,30.0,22.62,0.62,0.0,0.0,0.0,38.82,0.0,1,1,1.0,1,All-Rounder,1.43,40.0459,50.9565,44.5389,30.0,0.2941,13.0989,0.0,9.8242,10.51
STR Binny,IPL,880.0,683.0,66.0,66.0,46.0,19.13,128.84,66.0,35.0,14.79,22.0,594.0,758.0,63.0,63.0,99.0,7.66,34.45,27.0,0.35,0.0,0.0,0.0,38.82,0.0,1,1,1.0,1,All-Rounder,1.05,31.5684,52.4634,41.7735,66.0,0.6471,27.0316,0.0,20.2737,27.69
SV Samson,IPL,4419.0,3180.0,162.0,162.0,144.0,30.69,138.96,352.0,206.0,17.55,0.0,0.0,0.0,0.0,0.0,0.0,58.23,203.5,118.8,0.0,151.12,34.64,29.37,38.82,0.0,1,0,1.0,0,Wicketkeeper-Batsman,162.0,49.2897,0.0,54.2187,162.0,1.0,54.2187,47.0301,52.4215,90.01
SW Billings,BBL,1430.0,1023.0,55.0,55.0,49.0,29.18,139.78,126.0,48.0,17.01,0.0,0.0,0.0,0.0,0.0,0.0,58.23,203.5,118.8,0.0,134.6,25.12,23.19,38.82,0.0,1,0,1.0,0,Wicketkeeper-Batsman,55.0,39.2852,0.0,43.2137,55.0,0.6548,28.2963,37.624,30.6282,51.24
SW Billings,IPL,503.0,388.0,27.0,27.0,26.0,19.35,129.64,40.0,20.0,15.46,0.0,0.0,0.0,0.0,0.0,0.0,58.23,203.5,118.8,0.0,122.46,24.14,21.12,38.82,0.0,1,0,1.0,0,Wicketkeeper-Batsman,27.0,30.8861,0.0,33.9747,27.0,0.2647,8.9931,34.7871,15.4416,24.22
SW Billings,PSL,402.0,306.0,19.0,19.0,16.0,25.12,131.37,38.0,13.0,16.67,0.0,0.0,0.0,0.0,0.0,0.0,58.23,203.5,118.8,0.0,132.02,26.11,23.5,38.82,0.0,1,0,1.0,0,Wicketkeeper-Batsman,19.0,33.397,0.0,36.7367,19.0,0.3519,12.9276,37.9928,19.1939,30.9
SW Billings,T20_Blast,2496.0,1826.0,116.0,116.0,96.0,26.0,136.69,214.0,75.0,15.83,0.0,0.0,0.0,0.0,0.0,0.0,58.23,203.5,118.8,0.0,139.37,25.29,22.12,38.82,0.0,1,0,1.0,0,Wicketkeeper-Batsman,116.0,40.5375,0.0,44.5913,116.0,1.0,44.5913,37.4789,42.8132,72.91
SW Currie,T20_Blast,56.0,53.0,14.0,14.0,6.0,9.33,105.66,2.0,3.0,9.43,48.0,652.0,926.0,32.0,32.0,108.67,8.52,19.29,13.58,1.5,128.95,16.33,6.12,8.71,1.4,1,1,1.0,1,Bowler,0.44,20.0353,58.5461,58.5461,32.0,0.4848,28.3831,72.1087,39.3145,43.78
SW Poynter,T20_Blast,447.0,343.0,29.0,29.0,15.0,29.8,130.32,29.0,8.0,10.79,0.0,0.0,0.0,0.0,0.0,0.0,58.23,203.5,118.8,0.0,0.0,0.0,0.0,38.82,0.0,1,0,1.0,0,Wicketkeeper-Batsman,29.0,32.3102,0.0,35.5412,29.0,0.4394,15.6168,0.0,11.7126,17.59
SW Tait,BBL,9.0,13.0,7.0,7.0,5.0,1.8,69.23,0.0,0.0,0.0,42.0,674.0,987.0,31.0,31.0,112.33,8.79,23.5,16.05,1.35,0.0,0.0,0.0,38.82,0.0,1,1,1.0,1,Bowler,0.23,8.1136,56.5904,56.5904,31.0,0.369,20.8819,0.0,15.6614,14.94
SW Tait,IPL,23.0,26.0,5.0,5.0,3.0,7.67,88.46,1.0,1.0,7.69,23.0,473.0,640.0,21.0,21.0,78.83,8.12,27.83,20.57,1.1,0.0,0.0,0.0,38.82,0.0,1,1,1.0,1,Bowler,0.24,16.3077,53.0156,53.0156,21.0,0.2059,10.9159,0.0,8.1869,5.82
SW Tait,T20_Blast,18.0,21.0,6.0,6.0,5.0,3.6,85.71,2.0,0.0,9.52,28.0,414.0,561.0,20.0,20.0,69.0,8.13,20.04,14.79,1.4,0.0,0.0,0.0,38.82,0.0,1,1,1.0,1,Bowler,0.3,15.3529,54.9383,54.9383,20.0,0.303,16.6463,0.0,12.4847,11.06
Sachin Baby,IPL,144.0,118.0,11.0,11.0,9.0,16.0,122.03,11.0,5.0,13.56,2.0,10.0,8.0,2.0,2.0,1.67,4.79,4.0,5.0,1.0,0.0,0.0,0.0,38.82,0.0,1,1,1.0,1,Batsman,5.5,26.7114,55.1482,26.7114,11.0,0.1078,2.8795,0.0,2.1596,1.44
Saeed Ajmal,PSL,20.0,16.0,2.0,2.0,1.0,20.0,125.0,1.0,1.0,12.5,9.0,202.0,273.0,10.0,10.0,33.67,8.11,30.33,22.44,0.9,0.0,0.0,0.0,38.82,0.0,1,1,1.0,1,Bowler,0.2,27.6268,49.9867,49.9867,10.0,0.1852,9.2575,0.0,6.9431,4.31
Saeed Ajmal,T20_Blast,17.0,8.0,2.0,2.0,1.0,17.0,212.5,1.0,1.0,25.0,33.0,522.0,585.0,22.0,22.0,87.0,6.72,17.73,15.82,1.5,0.0,0.0,0.0,38.82,0.0,1,1,1.0,1,Bowler,0.09,43.7179,57.5961,57.5961,22.0,0.3333,19.1968,0.0,14.3976,13.4
Sahibzada Farhan,PSL,457.0,381.0,21.0,21.0,18.0,25.39,119.95,49.0,13.0,16.27,0.0,0.0,0.0,0.0,0.0,0.0,58.23,203.5,118.8,0.0,127.31,28.82,24.38,38.82,0.0,1,0,1.0,0,Batsman,21.0,31.9989,0.0,31.9989,21.0,0.3889,12.4444,39.2422,19.1438,30.27
Saim Ayub,CPL,478.0,336.0,13.0,13.0,11.0,43.45,142.26,39.0,29.0,20.24,1.0,11.0,11.0,2.0,2.0,1.83,6.01,11.0,11.0,0.5,142.26,43.45,36.77,6.01,0.5,1,1,1.0,1,Batsman,6.5,43.1821,52.8832,43.1821,13.0,0.1806,7.7987,54.5143,19.4776,30.84
Saim Ayub,PSL,800.0,530.0,30.0,30.0,30.0,26.67,150.94,77.0,41.0,22.26,9.0,162.0,206.0,11.0,11.0,27.0,7.63,22.89,18.0,0.82,161.41,29.83,29.83,7.63,0.82,1,1,1.0,1,Batsman,2.73,40.3279,51.3767,40.3279,30.0,0.5556,22.4062,46.2486,28.3668,45.93
Salman Irshad,PSL,17.0,32.0,11.0,11.0,6.0,2.83,53.12,0.0,1.0,3.12,38.0,617.0,992.0,30.0,30.0,102.83,9.65,26.11,16.24,1.27,30.0,3.0,1.0,9.3,1.36,1,1,1.0,1,Bowler,0.37,7.8727,54.6363,54.6363,30.0,0.5556,30.3559,70.3546,40.3556,45.05
Sameen Gul,PSL,10.0,17.0,3.0,3.0,0.0,10.0,58.82,1.0,0.0,5.88,26.0,492.0,711.0,23.0,23.0,82.0,8.67,27.35,18.92,1.13,0.0,0.0,0.0,9.81,1.0,1,1,0.0,1,Bowler,0.13,12.4084,53.1145,53.1145,23.0,0.4259,22.6215,60.0032,31.9669,34.82
Sandeep Sharma,IPL,54.0,70.0,25.0,25.0,6.0,9.0,77.14,4.0,0.0,5.71,137.0,2822.0,3709.0,126.0,126.0,470.33,7.89,27.07,20.6,1.09,33.33,2.0,1.0,8.27,0.93,1,1,1.0,1,Bowler,0.2,14.4848,75.581,75.581,126.0,1.0,75.581,59.8468,71.6474,83.21
Sarfraz Ahmed,PSL,1525.0,1243.0,73.0,73.0,52.0,29.33,122.69,136.0,26.0,13.03,0.0,4.0,6.0,1.0,1.0,0.67,8.96,203.5,118.8,0.0,106.33,24.0,16.8,38.82,0.0,1,1,1.0,0,Wicketkeeper-Batsman,73.0,35.5651,26.1136,39.1216,73.0,1.0,39.1216,30.5342,36.9748,62.53
Saud Shakeel,PSL,323.0,228.0,10.0,10.0,9.0,35.89,141.67,31.0,15.0,20.18,1.0,12.0,15.0,2.0,2.0,2.0,7.5,15.0,12.0,0.5,141.67,35.89,32.3,7.5,0.5,1,1,1.0,1,Batsman,5.0,39.9247,50.914,39.9247,10.0,0.1852,7.3941,48.491,17.6683,27.76
Shadab Khan,BBL,78.0,71.0,8.0,8.0,8.0,9.75,109.86,6.0,2.0,11.27,14.0,240.0,300.0,11.0,11.0,40.0,7.5,21.43,17.14,1.27,107.41,11.6,11.6,7.58,1.4,1,1,1.0,1,All-Rounder,0.73,21.6546,52.6607,39.604,11.0,0.131,5.1881,47.7792,15.8359,20.4
Shadab Khan,CPL,46.0,59.0,7.0,7.0,6.0,7.67,77.97,2.0,2.0,6.78,19.0,264.0,259.0,11.0,11.0,44.0,5.89,13.63,13.89,1.73,0.0,0.0,0.0,38.82,0.0,1,1,1.0,1,All-Rounder,0.64,14.5969,56.1913,40.0152,11.0,0.1528,6.1143,0.0,4.5857,1.9
Shadab Khan,PSL,1240.0,890.0,67.0,67.0,61.0,20.33,139.33,84.0,66.0,16.85,91.0,1804.0,2310.0,83.0,83.0,300.67,7.68,25.38,19.82,1.1,149.37,27.23,24.41,8.12,1.45,1,1,1.0,1,All-Rounder,0.81,35.4345,67.0213,52.9115,83.0,1.0,52.9115,57.3958,54.0326,83.19
Shadab Khan,T20_Blast,374.0,271.0,23.0,23.0,20.0,18.7,138.01,26.0,19.0,16.61,21.0,473.0,720.0,23.0,23.0,78.83,9.13,34.29,22.52,0.91,138.01,18.7,16.26,9.13,0.91,1,1,1.0,1,All-Rounder,1.0,31.8742,50.83,41.3521,23.0,0.3485,14.4112,44.6301,21.9659,30.47
Shahbaz Ahmed,IPL,536.0,440.0,37.0,37.0,28.0,19.14,121.82,28.0,25.0,12.05,21.0,537.0,837.0,42.0,42.0,89.5,9.35,39.86,25.57,0.5,123.32,22.67,16.41,10.09,0.35,1,1,1.0,1,All-Rounder,0.88,28.3114,49.9276,39.8026,42.0,0.4118,16.3907,36.6811,21.4633,29.65
Shaheen Shah Afridi,PSL,328.0,233.0,32.0,32.0,26.0,12.62,140.77,18.0,27.0,19.31,103.0,1625.0,2172.0,71.0,71.0,270.83,8.02,21.09,15.78,1.45,165.12,20.29,15.78,8.42,1.56,1,1,1.0,1,Bowler,0.45,31.201,69.5526,69.5526,71.0,1.0,69.5526,76.781,71.3597,82.86
Shaheen Shah Afridi,T20_Blast,85.0,65.0,12.0,12.0,8.0,10.62,130.77,3.0,9.0,18.46,29.0,483.0,668.0,21.0,21.0,80.5,8.3,23.03,16.66,1.38,152.0,10.86,8.44,8.4,1.57,1,1,1.0,1,Bowler,0.57,28.0455,54.5975,54.5975,21.0,0.3182,17.3729,77.0752,32.2985,35.23
Shahid Afridi,CPL,96.0,65.0,9.0,9.0,7.0,13.71,147.69,2.0,7.0,13.85,9.0,197.0,274.0,10.0,10.0,32.83,8.35,30.44,21.89,0.9,0.0,0.0,0.0,38.82,0.0,1,1,1.0,1,Bowler,0.9,29.21,49.7352,49.7352,10.0,0.1389,6.9082,0.0,5.1812,2.16
Shahid Afridi,IPL,81.0,46.0,9.0,9.0,8.0,10.12,176.09,7.0,6.0,28.26,9.0,180.0,225.0,10.0,10.0,30.0,7.5,25.0,20.0,0.9,0.0,0.0,0.0,38.82,0.0,1,1,1.0,1,Bowler,0.9,38.2962,51.2465,51.2465,10.0,0.098,5.0222,0.0,3.7666,0.43
Shahid Afridi,PSL,458.0,303.0,37.0,37.0,30.0,15.27,151.16,22.0,36.0,19.14,46.0,1012.0,1210.0,50.0,50.0,168.67,7.17,26.3,22.0,0.92,50.0,4.0,4.0,10.82,1.0,1,1,1.0,1,All-Rounder,0.74,33.808,58.6336,48.0753,50.0,0.9259,44.5129,33.8597,41.8496,63.16
Shahid Afridi,T20_Blast,480.0,306.0,28.0,28.0,24.0,20.0,156.86,42.0,23.0,21.24,32.0,690.0,765.0,30.0,30.0,115.0,6.65,23.91,21.56,1.07,0.0,0.0,0.0,38.82,0.0,1,1,1.0,1,All-Rounder,0.93,37.2646,56.7112,47.3224,30.0,0.4545,21.508,0.0,16.131,20.88
Shahnawaz Dhani,PSL,6.0,11.0,4.0,4.0,2.0,3.0,54.55,1.0,0.0,9.09,39.0,536.0,812.0,27.0,27.0,89.33,9.09,20.82,13.74,1.44,60.0,6.0,2.0,9.65,1.19,1,1,1.0,1,Bowler,0.15,10.8693,56.0367,56.0367,27.0,0.5,28.0184,65.3428,37.3495,41.39
Shakib Al Hasan,CPL,411.0,377.0,29.0,29.0,25.0,16.44,109.02,36.0,9.0,11.94,36.0,615.0,705.0,32.0,32.0,102.5,6.88,19.58,17.08,1.12,144.62,15.67,15.67,7.17,1.33,1,1,1.0,1,All-Rounder,0.91,25.2597,57.7955,42.328,32.0,0.4444,18.8106,50.928,26.84,38.49
Shakib Al Hasan,IPL,795.0,639.0,52.0,52.0,41.0,19.39,124.41,73.0,21.0,14.71,63.0,1484.0,1839.0,70.0,70.0,247.33,7.44,29.19,23.56,0.9,0.0,0.0,0.0,38.82,0.0,1,1,1.0,1,All-Rounder,0.74,30.7842,61.3278,48.3101,70.0,0.6863,33.1552,0.0,24.8664,35.24
Shakib Al Hasan,PSL,180.0,165.0,12.0,12.0,10.0,18.0,109.09,11.0,4.0,9.09,8.0,204.0,250.0,11.0,11.0,34.0,7.35,31.25,25.5,0.73,100.0,1.0,1.0,10.67,0.0,1,1,1.0,1,All-Rounder,1.09,23.769,50.4323,36.5221,12.0,0.2222,8.1152,21.149,11.3736,13.06
Shan Masood,PSL,1476.0,1134.0,52.0,52.0,52.0,28.38,130.16,178.0,22.0,17.64,0.0,0.0,0.0,0.0,0.0,0.0,58.23,203.5,118.8,0.0,127.3,28.13,28.13,38.82,0.0,1,0,1.0,0,Batsman,52.0,38.1949,0.0,38.1949,52.0,0.963,36.7817,41.2775,37.9056,62.12
Shan Masood,T20_Blast,947.0,693.0,36.0,36.0,30.0,31.57,136.65,103.0,19.0,17.6,0.0,0.0,0.0,0.0,0.0,0.0,58.23,203.5,118.8,0.0,136.65,31.57,26.31,38.82,0.0,1,0,1.0,0,Batsman,36.0,38.4923,0.0,38.4923,36.0,0.5455,20.9975,42.4774,26.3675,42.53
Sharjeel Khan,PSL,1128.0,807.0,48.0,48.0,47.0,24.0,139.78,101.0,74.0,21.69,0.0,0.0,0.0,0.0,0.0,0.0,58.23,203.5,118.8,0.0,126.98,19.5,19.5,38.82,0.0,1,0,1.0,0,Batsman,48.0,38.6978,0.0,38.6978,48.0,0.8889,34.3985,32.2453,33.8602,55.25
Shashank Singh,IPL,423.0,262.0,19.0,19.0,12.0,35.25,161.45,33.0,25.0,22.14,1.0,18.0,25.0,3.0,3.0,3.0,8.33,25.0,18.0,0.33,161.45,35.25,22.26,8.33,0.33,1,1,1.0,1,Batsman,6.33,43.4858,48.8623,43.4858,19.0,0.1863,8.1014,43.8428,17.0367,26.69
Shivam Mavi,IPL,51.0,56.0,11.0,11.0,9.0,5.67,91.07,4.0,2.0,10.71,30.0,649.0,942.0,32.0,32.0,108.17,8.71,31.4,21.63,0.94,42.86,1.5,1.0,10.32,0.83,1,1,1.0,1,Bowler,0.34,17.436,53.3577,53.3577,32.0,0.3137,16.7383,54.8103,26.2563,27.86
Shoaib Malik,BBL,125.0,109.0,9.0,9.0,9.0,13.89,114.68,8.0,4.0,11.01,11.0,192.0,250.0,10.0,10.0,32.0,7.81,22.73,17.45,1.1,0.0,0.0,0.0,38.82,0.0,1,1,1.0,1,All-Rounder,0.9,23.7657,51.6082,38.4192,10.0,0.119,4.5719,0.0,3.4289,0.0
Shoaib Malik,CPL,1668.0,1419.0,61.0,61.0,48.0,34.75,117.55,110.0,49.0,11.21,15.0,335.0,384.0,32.0,32.0,55.83,6.88,25.6,22.33,0.47,0.0,0.0,0.0,38.82,0.0,1,1,1.0,1,All-Rounder,1.91,36.4104,52.9584,42.1046,61.0,0.8472,35.671,0.0,26.7532,38.34
Shoaib Malik,PSL,2336.0,1819.0,86.0,86.0,69.0,33.86,128.42,171.0,81.0,13.85,17.0,653.0,757.0,49.0,49.0,108.83,6.96,44.53,38.41,0.35,128.81,35.96,28.77,6.41,0.45,1,1,1.0,1,All-Rounder,1.76,40.8193,50.9437,44.4945,86.0,1.0,44.4945,47.0226,45.1265,68.55
Shubman Gill,IPL,3216.0,2370.0,99.0,99.0,85.0,37.84,135.7,310.0,95.0,17.09,0.0,0.0,0.0,0.0,0.0,0.0,58.23,203.5,118.8,0.0,147.7,44.98,39.98,38.82,0.0,1,0,1.0,0,Batsman,99.0,47.4245,0.0,47.4245,99.0,0.9706,46.0302,57.6631,48.9384,80.85
Sikandar Raza,CPL,147.0,113.0,11.0,11.0,9.0,16.33,130.09,8.0,8.0,14.16,14.0,258.0,300.0,16.0,16.0,43.0,6.98,21.43,18.43,0.88,134.29,17.62,15.67,7.31,0.78,1,1,1.0,1,Bowler,0.69,28.1606,53.1764,53.1764,16.0,0.2222,11.8158,56.8616,23.0772,23.98
Sikandar Raza,PSL,337.0,230.0,22.0,22.0,15.0,22.47,146.52,29.0,15.0,19.13,10.0,239.0,329.0,18.0,18.0,39.83,8.26,32.9,23.9,0.56,163.54,26.17,16.53,8.78,0.44,1,1,1.0,1,Batsman,1.22,35.3675,49.7173,35.3675,22.0,0.4074,14.4087,36.6466,19.9682,31.67
Simarjeet Singh,IPL,7.0,8.0,3.0,3.0,1.0,7.0,87.5,0.0,0.0,0.0,9.0,180.0,259.0,10.0,10.0,30.0,8.63,28.78,20.0,0.9,87.5,7.0,2.33,8.63,0.9,1,1,1.0,1,Bowler,0.3,12.3085,49.6614,49.6614,10.0,0.098,4.8668,58.6247,18.3063,18.16
Sohaib Maqsood,PSL,1045.0,810.0,43.0,43.0,35.0,29.86,129.01,90.0,50.0,17.28,0.0,6.0,8.0,1.0,1.0,1.0,8.0,203.5,118.8,0.0,118.89,26.75,23.78,38.82,0.0,1,1,1.0,0,Batsman,43.0,37.056,27.0657,37.056,43.0,0.7963,29.5077,37.206,31.4323,51.13
Sohail Akhtar,PSL,808.0,656.0,40.0,40.0,33.0,24.48,123.17,79.0,32.0,16.92,0.0,1.0,0.0,1.0,1.0,0.17,0.0,203.5,118.8,0.0,121.43,17.0,17.0,38.82,0.0,1,1,1.0,0,Batsman,40.0,33.4929,35.0,33.4929,40.0,0.7407,24.8082,29.1172,25.8854,41.71
Sohail Khan,PSL,144.0,149.0,23.0,23.0,17.0,8.47,96.64,7.0,9.0,10.74,40.0,942.0,1392.0,43.0,43.0,157.0,8.87,34.8,23.55,0.93,87.5,7.0,7.0,10.79,0.2,1,1,1.0,1,All-Rounder,0.53,19.4499,54.7326,42.4366,43.0,0.7963,33.7923,26.3394,31.9291,46.85
Sohail Tanvir,CPL,517.0,408.0,41.0,41.0,26.0,19.88,126.72,35.0,29.0,15.69,62.0,1204.0,1408.0,55.0,55.0,200.67,7.02,22.71,19.42,1.13,0.0,0.0,0.0,38.82,0.0,1,1,1.0,1,All-Rounder,0.75,30.8462,62.3453,48.892,55.0,0.7639,37.3486,0.0,28.0114,40.41
Sohail Tanvir,IPL,36.0,29.0,5.0,5.0,3.0,12.0,124.14,3.0,1.0,13.79,22.0,247.0,266.0,11.0,11.0,41.17,6.46,12.09,11.23,2.0,0.0,0.0,0.0,38.82,0.0,1,1,1.0,1,Bowler,0.45,25.3425,56.4005,56.4005,11.0,0.1078,6.08,0.0,4.56,1.4
Sohail Tanvir,PSL,298.0,278.0,36.0,36.0,18.0,16.56,107.19,20.0,12.0,11.51,56.0,1271.0,1679.0,58.0,58.0,211.83,7.93,29.98,22.7,0.97,84.38,6.75,5.4,9.88,0.29,1,1,1.0,1,All-Rounder,0.62,24.512,59.3789,46.0249,58.0,1.0,46.0249,27.3808,41.3639,62.36
Suyash Sharma,IPL,0.0,0.0,0.0,0.0,0.0,0.0,0.0,0.0,0.0,0.0,10.0,258.0,372.0,13.0,13.0,43.0,8.65,37.2,25.8,0.77,0.0,0.0,0.0,8.65,0.77,0,1,0.0,1,Bowler,0.0,0.0,48.8023,48.8023,13.0,0.1275,6.2223,55.0726,18.4349,18.32
Swapnil Singh,IPL,51.0,45.0,9.0,9.0,5.0,10.2,113.33,3.0,3.0,13.33,7.0,162.0,241.0,14.0,14.0,27.0,8.93,34.43,23.14,0.5,156.0,19.5,6.5,8.88,0.67,1,1,1.0,1,Bowler,0.64,23.1397,48.2795,48.2795,14.0,0.1373,6.6288,52.0972,17.9959,17.79
T Banton,BBL,262.0,155.0,10.0,10.0,10.0,26.2,169.03,21.0,19.0,25.81,0.0,0.0,0.0,0.0,0.0,0.0,58.23,203.5,118.8,0.0,134.48,13.0,13.0,38.82,0.0,1,0,1.0,0,Wicketkeeper-Batsman,10.0,42.4817,0.0,46.7299,10.0,0.119,5.5609,26.1681,10.7127,15.81
T Banton,T20_Blast,2176.0,1454.0,72.0,72.0,66.0,32.97,149.66,237.0,92.0,22.63,0.0,0.0,0.0,0.0,0.0,0.0,58.23,203.5,118.8,0.0,143.84,31.95,29.17,38.82,0.0,1,0,1.0,0,Wicketkeeper-Batsman,72.0,46.8524,0.0,51.5376,72.0,1.0,51.5376,45.0873,49.925,85.56
T Hinds,CPL,32.0,18.0,5.0,5.0,3.0,10.67,177.78,2.0,2.0,22.22,11.0,236.0,379.0,13.0,13.0,39.33,9.64,34.45,21.45,0.85,177.78,10.67,6.4,9.59,0.92,1,1,1.0,1,Bowler,0.38,35.7378,48.3534,48.3534,13.0,0.1806,8.7326,58.0804,21.0696,21.53
T Kelly,BBL,409.0,346.0,27.0,27.0,20.0,20.45,118.21,26.0,11.0,10.69,0.0,0.0,0.0,0.0,0.0,0.0,58.23,203.5,118.8,0.0,107.73,19.5,13.0,38.82,0.0,1,0,1.0,0,Batsman,27.0,27.2758,0.0,27.2758,27.0,0.3214,8.7664,26.4059,13.1763,20.14
T Kohler-Cadmore,PSL,586.0,430.0,27.0,27.0,25.0,23.44,136.28,50.0,29.0,18.37,0.0,0.0,0.0,0.0,0.0,0.0,58.23,203.5,118.8,0.0,140.96,23.4,21.27,38.82,0.0,1,0,1.0,0,Batsman,27.0,34.8067,0.0,34.8067,27.0,0.5,17.4034,36.302,22.1281,35.34
T Kohler-Cadmore,T20_Blast,3506.0,2457.0,126.0,126.0,112.0,31.3,142.69,309.0,164.0,19.25,0.0,0.0,0.0,0.0,0.0,0.0,58.23,203.5,118.8,0.0,147.11,33.45,28.24,38.82,0.0,1,0,1.0,0,Batsman,126.0,47.9327,0.0,47.9327,126.0,1.0,47.9327,45.4501,47.312,78.09
T Murphy,BBL,30.0,35.0,4.0,4.0,0.0,30.0,85.71,2.0,0.0,5.71,19.0,396.0,424.0,27.0,27.0,66.0,6.42,22.32,20.84,0.7,85.71,30.0,7.5,6.63,0.75,1,1,0.0,1,Bowler,0.15,22.9345,54.5981,54.5981,27.0,0.3214,17.5478,56.8173,27.3652,29.21
T Natarajan,IPL,3.0,5.0,2.0,2.0,0.0,3.0,60.0,0.0,0.0,0.0,67.0,1337.0,1969.0,61.0,61.0,222.83,8.84,29.39,19.96,1.1,0.0,0.0,0.0,9.19,1.27,1,1,0.0,1,Bowler,0.03,7.3237,60.6952,60.6952,61.0,0.598,36.2957,68.0357,44.2307,49.78
T Poynton,T20_Blast,189.0,145.0,15.0,15.0,9.0,21.0,130.34,6.0,9.0,10.34,0.0,0.0,0.0,0.0,0.0,0.0,58.23,203.5,118.8,0.0,0.0,0.0,0.0,38.82,0.0,1,0,1.0,0,Batsman,15.0,28.1905,0.0,28.1905,15.0,0.2273,6.4077,0.0,4.8058,5.93
T Sangha,BBL,19.0,26.0,4.0,4.0,4.0,4.75,73.08,2.0,0.0,7.69,53.0,852.0,1030.0,41.0,41.0,142.0,7.25,19.43,16.08,1.29,0.0,0.0,0.0,6.81,1.14,1,1,1.0,1,Bowler,0.1,13.2732,60.7641,60.7641,41.0,0.4881,29.659,67.2016,39.0447,43.45
T Shamsi,CPL,20.0,35.0,9.0,9.0,3.0,6.67,57.14,1.0,0.0,2.86,44.0,735.0,874.0,35.0,35.0,122.5,7.13,19.86,16.7,1.26,66.67,10.0,2.5,7.56,1.08,1,1,1.0,1,Bowler,0.26,9.637,59.0742,59.0742,35.0,0.4861,28.716,64.7233,37.7178,41.84
T Stubbs,IPL,405.0,233.0,17.0,17.0,11.0,36.82,173.82,26.0,26.0,22.32,4.0,24.0,29.0,3.0,3.0,4.0,7.25,7.25,6.0,1.33,173.82,36.82,23.82,7.25,1.33,1,1,1.0,1,Batsman,5.67,45.6693,52.6994,45.6693,17.0,0.1667,7.6131,46.634,17.3683,27.25
T Webster,CPL,414.0,385.0,24.0,24.0,20.0,20.7,107.53,44.0,15.0,15.32,0.0,6.0,9.0,1.0,1.0,1.0,9.0,203.5,118.8,0.0,106.58,13.5,13.5,38.82,0.0,1,1,1.0,0,Batsman,24.0,28.1576,26.074,28.1576,24.0,0.3333,9.3849,24.074,13.0572,19.94
T Westley,T20_Blast,2488.0,1904.0,90.0,90.0,81.0,30.72,130.67,271.0,54.0,17.07,7.0,216.0,264.0,18.0,18.0,36.0,7.33,37.71,30.86,0.39,122.58,22.8,17.54,7.0,1.0,1,1,1.0,1,Batsman,5.0,41.9786,49.4634,41.9786,90.0,1.0,41.9786,32.0101,39.4865,64.8
T van der Gugten,T20_Blast,371.0,247.0,35.0,35.0,22.0,16.86,150.2,24.0,20.0,17.81,84.0,1314.0,1922.0,67.0,67.0,219.0,8.78,22.88,15.64,1.25,160.32,16.83,11.88,9.49,1.32,1,1,1.0,1,All-Rounder,0.52,33.3531,64.8716,54.0576,67.0,1.0,54.0576,49.2832,52.864,81.27
TA Boult,IPL,83.0,78.0,21.0,21.0,8.0,10.38,106.41,5.0,3.0,10.26,121.0,2341.0,3245.0,103.0,103.0,390.17,8.32,26.82,19.35,1.17,118.64,14.0,5.0,8.13,1.1,1,1,1.0,1,Bowler,0.2,20.9747,72.0633,72.0633,103.0,1.0,72.0633,64.6208,70.2027,81.45
TA Lammonby,T20_Blast,755.0,528.0,43.0,43.0,36.0,20.97,142.99,63.0,33.0,18.18,14.0,288.0,440.0,25.0,25.0,48.0,9.17,31.43,20.57,0.56,124.81,17.21,16.35,7.65,0.3,1,1,1.0,1,All-Rounder,1.72,35.2417,49.7759,40.5845,43.0,0.6515,26.4408,36.2821,28.9011,41.87
TA Wood,T20_Blast,460.0,327.0,14.0,14.0,12.0,38.33,140.67,52.0,10.0,18.96,1.0,36.0,56.0,4.0,4.0,6.0,9.33,56.0,36.0,0.25,161.48,36.33,31.14,9.33,0.25,1,1,1.0,1,Batsman,3.5,40.515,44.0622,40.515,14.0,0.2121,8.5932,49.8139,18.8984,29.85
TAI Taylor,T20_Blast,435.0,372.0,41.0,41.0,24.0,18.12,116.94,29.0,10.0,10.48,65.0,1085.0,1668.0,59.0,59.0,180.83,9.22,25.66,16.69,1.1,113.91,21.83,10.08,9.11,1.22,1,1,1.0,1,All-Rounder,0.69,26.2718,60.3864,46.3994,59.0,0.8939,41.4764,46.4629,42.723,64.6
TB Abell,T20_Blast,2245.0,1603.0,86.0,86.0,68.0,33.01,140.05,206.0,56.0,16.34,0.0,20.0,37.0,4.0,4.0,3.33,11.11,203.5,118.8,0.0,131.2,30.4,24.18,38.82,0.0,1,1,1.0,0,Batsman,21.5,42.9027,23.9813,42.9027,86.0,1.0,42.9027,40.1501,42.2146,69.43
TC Bruce,T20_Blast,201.0,184.0,15.0,15.0,12.0,16.75,109.24,19.0,5.0,13.04,0.0,0.0,0.0,0.0,0.0,0.0,58.23,203.5,118.8,0.0,116.81,23.17,19.86,38.82,0.0,1,0,1.0,0,Batsman,15.0,25.2558,0.0,25.2558,15.0,0.2273,5.7406,33.0655,12.5718,19.11
TC Knight,T20_Blast,176.0,125.0,11.0,11.0,7.0,25.14,140.8,6.0,10.0,12.8,0.0,30.0,49.0,3.0,3.0,5.0,9.8,203.5,118.8,0.0,0.0,0.0,0.0,38.82,0.0,1,1,1.0,0,Batsman,3.67,32.1138,25.2805,32.1138,11.0,0.1667,5.3534,0.0,4.015,4.59
TC Smith,T20_Blast,363.0,273.0,17.0,17.0,16.0,22.69,132.97,43.0,9.0,19.05,7.0,149.0,207.0,11.0,11.0,24.83,8.34,29.57,21.29,0.64,0.0,0.0,0.0,38.82,0.0,1,1,1.0,1,Batsman,1.55,33.735,49.4617,33.735,17.0,0.2576,8.6901,0.0,6.5176,8.83
TD Andrews,BBL,98.0,65.0,8.0,8.0,4.0,24.5,150.77,8.0,6.0,21.54,13.0,300.0,379.0,16.0,16.0,50.0,7.58,29.15,23.08,0.81,172.22,46.5,15.5,7.58,0.92,1,1,1.0,1,Bowler,0.5,37.0134,51.4378,51.4378,16.0,0.1905,9.7989,60.3568,22.4384,23.2
TD Groenewald,T20_Blast,103.0,83.0,19.0,19.0,12.0,8.58,124.1,12.0,4.0,19.28,34.0,770.0,1109.0,40.0,40.0,128.33,8.64,32.62,22.65,0.85,0.0,0.0,0.0,38.82,0.0,1,1,1.0,1,Bowler,0.48,26.9005,54.0578,54.0578,40.0,0.6061,32.7644,0.0,24.5733,25.81
TD Paine,BBL,959.0,779.0,39.0,39.0,38.0,25.24,123.11,96.0,22.0,15.15,0.0,0.0,0.0,0.0,0.0,0.0,58.23,203.5,118.8,0.0,83.33,10.0,10.0,38.82,0.0,1,0,1.0,0,Wicketkeeper-Batsman,39.0,33.3986,0.0,36.7385,39.0,0.4643,17.0577,18.2434,17.3541,27.63
TE Albert,T20_Blast,489.0,391.0,28.0,28.0,21.0,23.29,125.06,45.0,16.0,15.6,0.0,0.0,0.0,0.0,0.0,0.0,58.23,203.5,118.8,0.0,127.64,24.79,18.12,38.82,0.0,1,0,1.0,0,Batsman,28.0,31.7061,0.0,31.7061,28.0,0.4242,13.4497,33.685,18.5085,29.19
TE Bailey,T20_Blast,27.0,29.0,8.0,8.0,6.0,4.5,93.1,0.0,1.0,3.45,31.0,528.0,811.0,34.0,34.0,88.0,9.22,26.16,17.03,0.91,85.71,6.0,2.0,8.84,0.6,1,1,1.0,1,Bowler,0.24,13.823,53.6908,53.6908,34.0,0.5152,27.6615,50.242,33.3066,36.46
TE Barber,T20_Blast,2.0,6.0,4.0,4.0,4.0,0.5,33.33,0.0,0.0,0.0,11.0,185.0,362.0,10.0,10.0,30.83,11.74,32.91,16.82,1.1,0.0,0.0,0.0,38.82,0.0,1,1,1.0,1,Bowler,0.4,2.9854,46.4598,46.4598,10.0,0.1515,7.0387,0.0,5.279,2.28
TE Lawes,T20_Blast,29.0,33.0,6.0,6.0,4.0,7.25,87.88,1.0,1.0,6.06,8.0,203.0,378.0,13.0,13.0,33.83,11.17,47.25,25.38,0.62,87.88,7.25,4.83,11.17,0.62,1,1,1.0,1,Bowler,0.46,15.3424,44.6781,44.6781,13.0,0.197,8.8016,48.1463,18.6378,18.57
TF Rogers,BBL,589.0,491.0,34.0,34.0,31.0,19.0,119.96,66.0,12.0,15.89,0.0,0.0,0.0,0.0,0.0,0.0,58.23,203.5,118.8,0.0,119.53,18.57,16.88,38.82,0.0,1,0,1.0,0,Batsman,34.0,29.9784,0.0,29.9784,34.0,0.4048,12.1353,29.5277,16.4834,25.75
TG Helm,T20_Blast,221.0,214.0,36.0,36.0,17.0,13.0,103.27,18.0,2.0,9.35,88.0,1673.0,2492.0,79.0,79.0,278.83,8.94,28.32,19.01,1.11,106.32,12.62,5.61,9.54,0.97,1,1,1.0,1,Bowler,0.46,21.4993,64.8251,64.8251,79.0,1.0,64.8251,59.4945,63.4924,73.27
TG Southee,IPL,120.0,107.0,19.0,19.0,13.0,9.23,112.15,8.0,4.0,11.21,47.0,1206.0,1742.0,54.0,54.0,201.0,8.67,37.06,25.66,0.87,16.67,0.5,0.4,8.63,1.45,1,1,1.0,1,Bowler,0.35,21.8704,56.0191,56.0191,54.0,0.5294,29.6565,73.5568,40.6316,45.39
TG Southee,T20_Blast,94.0,59.0,10.0,10.0,5.0,18.8,159.32,3.0,7.0,16.95,15.0,270.0,337.0,12.0,12.0,45.0,7.49,22.47,18.0,1.25,0.0,0.0,0.0,38.82,0.0,1,1,1.0,1,Bowler,0.83,33.9532,52.7379,52.7379,12.0,0.1818,9.5878,0.0,7.1908,4.61
TGR Clark,T20_Blast,473.0,349.0,22.0,22.0,19.0,24.89,135.53,63.0,11.0,21.2,0.0,0.0,0.0,0.0,0.0,0.0,58.23,203.5,118.8,0.0,135.53,24.89,21.5,38.82,0.0,1,0,1.0,0,Batsman,22.0,36.1897,0.0,36.1897,22.0,0.3333,12.062,36.565,18.1878,28.65
TH David,BBL,1326.0,841.0,68.0,68.0,46.0,28.83,157.67,93.0,75.0,19.98,4.0,274.0,381.0,29.0,29.0,45.67,8.34,95.25,68.5,0.14,161.43,32.73,22.5,8.17,0.13,1,1,1.0,1,Batsman,2.34,42.5389,40.8075,42.5389,68.0,0.8095,34.4352,42.9255,36.5578,59.83
TH David,CPL,453.0,328.0,21.0,21.0,17.0,26.65,138.11,28.0,30.0,17.68,0.0,30.0,41.0,3.0,3.0,5.0,8.2,203.5,118.8,0.0,126.67,19.0,17.1,8.5,0.0,1,1,1.0,0,Batsman,7.0,35.4401,26.8674,35.4401,21.0,0.2917,10.3379,30.5153,15.3822,23.88
TH David,IPL,659.0,387.0,35.0,35.0,23.0,28.65,170.28,38.0,46.0,21.71,0.0,0.0,0.0,0.0,0.0,0.0,58.23,203.5,118.8,0.0,171.35,29.91,19.35,38.82,0.0,1,0,1.0,0,Batsman,35.0,42.834,0.0,42.834,35.0,0.3431,14.6963,40.709,21.1995,33.76
TH David,PSL,605.0,337.0,21.0,21.0,14.0,43.21,179.53,40.0,43.0,24.63,1.0,30.0,49.0,4.0,4.0,5.0,9.8,49.0,30.0,0.25,185.59,42.5,28.33,9.8,0.25,1,1,1.0,1,Batsman,5.25,50.3668,44.456,50.3668,21.0,0.3889,19.5876,52.9362,27.9248,45.18
TH David,T20_Blast,450.0,265.0,19.0,19.0,15.0,30.0,169.81,31.0,29.0,22.64,4.0,96.0,150.0,7.0,7.0,16.0,9.38,37.5,24.0,0.57,174.57,28.93,23.82,9.38,0.57,1,1,1.0,1,Batsman,2.71,43.0318,46.8707,43.0318,19.0,0.2879,12.3889,43.3716,20.1346,31.95
TIF Triffitt,BBL,173.0,139.0,18.0,18.0,12.0,14.42,124.46,12.0,8.0,14.39,0.0,0.0,0.0,0.0,0.0,0.0,58.23,203.5,118.8,0.0,0.0,0.0,0.0,38.82,0.0,1,0,1.0,0,Batsman,18.0,26.9458,0.0,26.9458,18.0,0.2143,5.7745,0.0,4.3309,5.12
TJ Lester,T20_Blast,8.0,9.0,4.0,4.0,2.0,4.0,88.89,0.0,0.0,0.0,15.0,238.0,350.0,12.0,12.0,39.67,8.82,23.33,15.87,1.25,0.0,0.0,0.0,38.82,0.0,1,1,1.0,1,Bowler,0.33,11.4323,51.3132,51.3132,12.0,0.1818,9.3287,0.0,6.9965,4.37
TJ Moores,T20_Blast,2059.0,1516.0,105.0,105.0,80.0,25.74,135.82,164.0,92.0,16.89,0.0,0.0,0.0,0.0,0.0,0.0,58.23,203.5,118.8,0.0,133.66,27.0,19.29,38.82,0.0,1,0,1.0,0,Wicketkeeper-Batsman,105.0,39.4643,0.0,43.4107,105.0,1.0,43.4107,35.9092,41.5353,70.64
TJ Phillips,T20_Blast,71.0,47.0,5.0,5.0,1.0,71.0,151.06,3.0,5.0,17.02,8.0,255.0,352.0,13.0,13.0,42.5,8.28,44.0,31.88,0.62,0.0,0.0,0.0,38.82,0.0,1,1,1.0,1,Bowler,0.38,51.277,47.9436,47.9436,13.0,0.197,9.4449,0.0,7.0837,4.48
TJ Prest,T20_Blast,690.0,554.0,33.0,33.0,31.0,22.26,124.55,70.0,17.0,15.7,2.0,36.0,43.0,5.0,5.0,6.0,7.17,21.5,18.0,0.4,127.0,22.2,21.35,7.17,0.4,1,1,1.0,1,Batsman,6.6,31.9501,50.6379,31.9501,33.0,0.5,15.975,34.536,20.6152,32.77
TJ Wells,T20_Blast,598.0,473.0,44.0,44.0,32.0,18.69,126.43,28.0,31.0,12.47,3.0,136.0,235.0,15.0,15.0,22.67,10.37,78.33,45.33,0.2,0.0,0.0,0.0,38.82,0.0,1,1,1.0,1,Batsman,2.93,29.1387,40.6777,29.1387,44.0,0.6667,19.4268,0.0,14.5701,22.5
TK Curran,BBL,441.0,314.0,31.0,31.0,23.0,19.17,140.45,48.0,11.0,18.79,56.0,867.0,1218.0,41.0,41.0,144.5,8.43,21.75,15.48,1.37,126.76,12.86,10.0,8.1,0.9,1,1,1.0,1,All-Rounder,0.76,33.5823,59.8941,48.5642,41.0,0.4881,23.7042,41.374,28.1216,40.59
TK Curran,IPL,127.0,107.0,10.0,10.0,5.0,25.4,118.69,10.0,3.0,12.15,13.0,238.0,430.0,13.0,13.0,39.67,10.84,33.08,18.31,1.0,0.0,0.0,0.0,38.82,0.0,1,1,1.0,1,Bowler,0.77,28.8873,47.7218,47.7218,13.0,0.1275,6.0845,0.0,4.5634,1.4
TK Curran,T20_Blast,915.0,664.0,61.0,61.0,49.0,18.67,137.8,84.0,29.0,17.02,89.0,1492.0,2111.0,71.0,71.0,248.67,8.49,23.72,16.76,1.25,145.16,18.41,16.2,7.64,1.78,1,1,1.0,1,All-Rounder,0.86,33.7156,66.0316,51.0984,71.0,1.0,51.0984,57.539,52.7086,81.01
TL Best,CPL,14.0,17.0,3.0,3.0,2.0,7.0,82.35,2.0,0.0,11.76,10.0,245.0,346.0,12.0,12.0,40.83,8.47,34.6,24.5,0.83,0.0,0.0,0.0,38.82,0.0,1,1,1.0,1,Bowler,0.25,17.1513,49.3002,49.3002,12.0,0.1667,8.2183,0.0,6.1637,3.36
TL Seifert,BBL,200.0,163.0,10.0,10.0,9.0,22.22,122.7,19.0,6.0,15.34,0.0,0.0,0.0,0.0,0.0,0.0,58.23,203.5,118.8,0.0,122.7,22.22,20.0,38.82,0.0,1,0,1.0,0,Wicketkeeper-Batsman,10.0,29.9998,0.0,32.9998,10.0,0.119,3.927,33.3033,11.2711,16.81
TL Seifert,CPL,791.0,682.0,40.0,40.0,32.0,24.72,115.98,59.0,34.0,13.64,0.0,0.0,0.0,0.0,0.0,0.0,58.23,203.5,118.8,0.0,119.2,26.56,22.76,38.82,0.0,1,0,1.0,0,Wicketkeeper-Batsman,40.0,31.0633,0.0,34.1696,40.0,0.5556,18.9846,36.5217,23.3689,38.33
TL Suman,IPL,676.0,575.0,39.0,39.0,32.0,21.12,117.57,55.0,26.0,14.09,6.0,150.0,197.0,11.0,11.0,25.0,7.88,32.83,25.0,0.55,0.0,0.0,0.0,38.82,0.0,1,1,1.0,1,Batsman,3.55,29.8491,49.3223,29.8491,39.0,0.3824,11.4143,0.0,8.5607,12.3
TLW Cooper,BBL,1392.0,1109.0,77.0,77.0,67.0,20.78,125.52,120.0,45.0,14.88,10.0,264.0,334.0,27.0,27.0,44.0,7.59,33.4,26.4,0.37,0.0,0.0,0.0,38.82,0.0,1,1,1.0,1,Batsman,2.85,33.3607,50.3204,33.3607,77.0,0.9167,30.5818,0.0,22.9364,36.71
TM Beaton,BBL,194.0,128.0,11.0,11.0,6.0,32.33,151.56,14.0,7.0,16.41,0.0,0.0,0.0,0.0,0.0,0.0,58.23,203.5,118.8,0.0,0.0,0.0,0.0,38.82,0.0,1,0,1.0,0,Batsman,11.0,37.7862,0.0,37.7862,11.0,0.131,4.95,0.0,3.7125,4.07
TM Dilshan,IPL,1153.0,1007.0,50.0,50.0,43.0,26.81,114.5,140.0,24.0,16.29,5.0,271.0,366.0,25.0,25.0,45.17,8.1,73.2,54.2,0.2,0.0,0.0,0.0,38.82,0.0,1,1,1.0,1,All-Rounder,2.0,33.9757,43.9495,37.3,50.0,0.4902,18.2845,0.0,13.7134,16.91
TM Dilshan,T20_Blast,291.0,243.0,12.0,12.0,12.0,24.25,119.75,34.0,6.0,16.46,8.0,192.0,223.0,11.0,11.0,32.0,6.97,27.88,24.0,0.73,0.0,0.0,0.0,38.82,0.0,1,1,1.0,1,Batsman,1.09,31.1413,51.2232,31.1413,12.0,0.1818,5.6615,0.0,4.2461,4.98
TM Head,BBL,1394.0,1069.0,55.0,55.0,50.0,27.88,130.4,99.0,61.0,14.97,18.0,342.0,459.0,32.0,32.0,57.0,8.05,25.5,19.0,0.56,77.27,8.5,8.5,38.82,0.0,1,1,1.0,1,All-Rounder,1.72,36.5477,52.3957,42.3766,55.0,0.6548,27.7482,8.0553,22.825,31.89
TM Head,IPL,772.0,444.0,25.0,25.0,21.0,36.76,173.87,76.0,40.0,26.13,2.0,58.0,113.0,6.0,6.0,9.67,11.69,56.5,29.0,0.33,191.55,40.5,37.8,19.16,0.0,1,1,1.0,1,Batsman,4.17,48.5775,41.8553,48.5775,25.0,0.2451,11.9063,58.5284,23.5618,37.77
TM Head,T20_Blast,341.0,263.0,16.0,16.0,14.0,24.36,129.66,29.0,16.0,17.11,1.0,19.0,31.0,3.0,3.0,3.17,9.78,31.0,19.0,0.33,0.0,0.0,0.0,38.82,0.0,1,1,1.0,1,Batsman,5.33,32.9223,46.6872,32.9223,16.0,0.2424,7.9804,0.0,5.9853,7.93
TMJ Smith,T20_Blast,215.0,193.0,40.0,40.0,14.0,15.36,111.4,15.0,2.0,8.81,139.0,2398.0,2971.0,120.0,120.0,399.67,7.43,21.37,17.25,1.16,102.38,17.2,6.62,7.93,1.32,1,1,1.0,1,Bowler,0.33,23.1144,77.1277,77.1277,120.0,1.0,77.1277,70.8201,75.5508,87.97
TN Walallawita,T20_Blast,23.0,20.0,6.0,6.0,5.0,4.6,115.0,2.0,1.0,15.0,12.0,246.0,341.0,15.0,15.0,41.0,8.32,28.42,20.5,0.8,121.05,5.75,4.6,8.7,0.64,1,1,1.0,1,Bowler,0.4,22.0704,50.5984,50.5984,15.0,0.2273,11.501,51.4866,21.4974,22.06
TP Alsop,T20_Blast,1622.0,1254.0,70.0,70.0,62.0,26.16,129.35,155.0,43.0,15.79,0.0,0.0,0.0,0.0,0.0,0.0,58.23,203.5,118.8,0.0,151.0,30.7,25.91,38.82,0.0,1,0,1.0,0,Wicketkeeper-Batsman,70.0,36.8984,0.0,40.5882,70.0,1.0,40.5882,43.2069,41.2429,70.12
TP Ludeman,BBL,924.0,750.0,41.0,41.0,34.0,27.18,123.2,87.0,29.0,15.47,0.0,0.0,0.0,0.0,0.0,0.0,58.23,203.5,118.8,0.0,0.0,0.0,0.0,38.82,0.0,1,0,1.0,0,Wicketkeeper-Batsman,41.0,34.1354,0.0,37.5489,41.0,0.4881,18.3276,0.0,13.7457,21.21
TR Ambrose,T20_Blast,338.0,315.0,23.0,23.0,17.0,19.88,107.3,35.0,2.0,11.75,0.0,0.0,0.0,0.0,0.0,0.0,58.23,203.5,118.8,0.0,0.0,0.0,0.0,38.82,0.0,1,0,1.0,0,Wicketkeeper-Batsman,23.0,25.9353,0.0,28.5288,23.0,0.3485,9.9423,0.0,7.4567,10.02
TR Bevan,T20_Blast,127.0,102.0,10.0,10.0,10.0,12.7,124.51,10.0,8.0,17.65,1.0,24.0,56.0,3.0,3.0,4.0,14.0,56.0,24.0,0.33,124.51,12.7,12.7,14.0,0.33,1,1,1.0,1,Batsman,3.33,27.7227,39.4306,27.7227,10.0,0.1515,4.2,24.9204,9.3801,13.69
TR Birt,BBL,572.0,394.0,23.0,23.0,21.0,27.24,145.18,46.0,29.0,19.04,0.0,0.0,0.0,0.0,0.0,0.0,58.23,203.5,118.8,0.0,0.0,0.0,0.0,38.82,0.0,1,0,1.0,0,Batsman,23.0,37.5696,0.0,37.5696,23.0,0.2738,10.2866,0.0,7.715,10.87
TS Mills,BBL,2.0,8.0,2.0,2.0,1.0,2.0,25.0,0.0,0.0,0.0,21.0,443.0,629.0,19.0,19.0,73.83,8.52,29.95,21.1,1.11,0.0,0.0,0.0,38.82,0.0,1,1,1.0,1,Bowler,0.11,2.4368,51.9682,51.9682,19.0,0.2262,11.7552,0.0,8.8164,6.59
TS Mills,IPL,8.0,14.0,5.0,5.0,4.0,2.0,57.14,0.0,1.0,7.14,11.0,209.0,343.0,10.0,10.0,34.83,9.85,31.18,19.0,1.1,0.0,0.0,0.0,11.18,1.2,1,1,1.0,1,Bowler,0.5,9.9478,48.5468,48.5468,10.0,0.098,4.7576,63.8815,19.5386,19.67
TS Mills,PSL,11.0,11.0,6.0,6.0,1.0,11.0,100.0,1.0,0.0,9.09,34.0,602.0,828.0,27.0,27.0,100.33,8.25,24.35,17.71,1.26,50.0,1.0,0.5,9.89,1.0,1,1,1.0,1,Bowler,0.22,19.5933,55.4606,55.4606,27.0,0.5,27.7303,59.9126,35.7759,39.47
TS Mills,T20_Blast,96.0,90.0,20.0,20.0,12.0,8.0,106.67,10.0,3.0,14.44,143.0,2136.0,2862.0,97.0,97.0,356.0,8.04,20.01,14.94,1.47,100.0,5.5,3.0,8.51,1.58,1,1,1.0,1,Bowler,0.21,22.1591,77.4703,77.4703,97.0,1.0,77.4703,77.2221,77.4082,90.24
TS Muyeye,T20_Blast,670.0,468.0,33.0,33.0,33.0,20.3,143.16,76.0,20.0,20.51,0.0,0.0,0.0,0.0,0.0,0.0,58.23,203.5,118.8,0.0,143.16,20.3,20.3,38.82,0.0,1,0,1.0,0,Batsman,33.0,35.8492,0.0,35.8492,33.0,0.5,17.9246,34.5967,22.0926,35.27
TS Rogers,BBL,260.0,225.0,30.0,30.0,14.0,18.57,115.56,17.0,10.0,12.0,76.0,1282.0,1793.0,59.0,59.0,213.67,8.39,23.59,16.87,1.29,126.03,26.29,9.2,8.38,1.38,1,1,1.0,1,All-Rounder,0.51,26.4153,63.6102,51.0718,59.0,0.7024,35.8728,50.2852,39.4759,59.26
TS Roland-Jones,T20_Blast,301.0,241.0,29.0,29.0,20.0,15.05,124.9,21.0,11.0,13.28,58.0,948.0,1415.0,47.0,47.0,158.0,8.96,24.4,16.34,1.23,60.0,2.25,1.8,9.39,1.43,1,1,1.0,1,All-Rounder,0.62,27.1066,59.4332,47.0974,47.0,0.7121,33.5381,39.9228,35.1343,52.12
TT Bresnan,BBL,85.0,64.0,6.0,6.0,4.0,21.25,132.81,7.0,3.0,15.62,20.0,284.0,406.0,13.0,13.0,47.33,8.58,20.3,14.2,1.54,0.0,0.0,0.0,38.82,0.0,1,1,1.0,1,Bowler,0.46,30.7379,52.8991,52.8991,13.0,0.1548,8.1888,0.0,6.1416,3.33
TT Bresnan,T20_Blast,934.0,670.0,67.0,67.0,42.0,22.24,139.4,62.0,44.0,15.82,93.0,1486.0,2161.0,81.0,81.0,247.67,8.73,23.24,15.98,1.15,0.0,0.0,0.0,38.82,0.0,1,1,1.0,1,All-Rounder,0.83,34.6827,66.6331,52.1692,81.0,1.0,52.1692,0.0,39.1269,58.68
TU Deshpande,IPL,21.0,14.0,4.0,4.0,1.0,21.0,150.0,2.0,1.0,21.43,42.0,774.0,1242.0,36.0,36.0,129.0,9.63,29.57,18.43,1.17,0.0,0.0,0.0,9.38,1.26,1,1,1.0,1,Bowler,0.11,35.3863,55.0116,55.0116,36.0,0.3529,19.4136,67.549,31.4474,34.19
TW Hartley,T20_Blast,167.0,127.0,27.0,27.0,16.0,10.44,131.5,10.0,9.0,14.96,43.0,1050.0,1353.0,57.0,57.0,175.0,7.73,31.47,24.42,0.75,140.0,11.31,7.35,8.62,0.78,1,1,1.0,1,Bowler,0.47,26.6991,56.8577,56.8577,57.0,0.8636,49.1023,55.3781,50.6712,57.63
TWM Latham,T20_Blast,737.0,550.0,25.0,25.0,24.0,30.71,134.0,67.0,25.0,16.73,0.0,0.0,0.0,0.0,0.0,0.0,58.23,203.5,118.8,0.0,0.0,0.0,0.0,38.82,0.0,1,0,1.0,0,Batsman,25.0,36.7845,0.0,36.7845,25.0,0.3788,13.934,0.0,10.4505,15.51
Tamim Iqbal,PSL,568.0,500.0,19.0,19.0,15.0,37.87,113.6,58.0,14.0,14.4,0.0,0.0,0.0,0.0,0.0,0.0,58.23,203.5,118.8,0.0,0.0,0.0,0.0,38.82,0.0,1,0,1.0,0,Batsman,19.0,35.0574,0.0,35.0574,19.0,0.3519,12.3367,0.0,9.2525,13.48
Tilak Varma,IPL,1156.0,790.0,38.0,38.0,29.0,39.86,146.33,90.0,58.0,18.73,0.0,22.0,28.0,4.0,4.0,3.67,7.63,203.5,118.8,0.0,146.33,39.86,30.42,7.63,0.0,1,1,1.0,0,Batsman,9.5,43.852,27.4327,43.852,38.0,0.3725,16.3349,49.4378,24.6106,39.55
U Arshad,T20_Blast,208.0,180.0,22.0,22.0,13.0,16.0,115.56,16.0,3.0,10.56,43.0,785.0,1143.0,42.0,42.0,130.83,8.74,26.58,18.26,1.02,0.0,0.0,0.0,38.82,0.0,1,1,1.0,1,All-Rounder,0.52,24.6736,56.4567,45.5297,42.0,0.6364,28.9751,0.0,21.7313,30.09
UBT Chand,IPL,300.0,300.0,20.0,20.0,20.0,15.0,100.0,32.0,9.0,13.67,0.0,0.0,0.0,0.0,0.0,0.0,58.23,203.5,118.8,0.0,0.0,0.0,0.0,38.82,0.0,1,0,1.0,0,Batsman,20.0,24.0446,0.0,24.0446,20.0,0.1961,4.7151,0.0,3.5363,3.77
UT Khawaja,BBL,2019.0,1542.0,68.0,68.0,63.0,32.05,130.93,246.0,31.0,17.96,0.0,0.0,0.0,0.0,0.0,0.0,58.23,203.5,118.8,0.0,144.7,28.55,28.55,38.82,0.0,1,0,1.0,0,Batsman,68.0,41.4339,0.0,41.4339,68.0,0.8095,33.5407,43.3469,35.9922,58.87
UT Khawaja,T20_Blast,276.0,212.0,10.0,10.0,10.0,27.6,130.19,39.0,3.0,19.81,0.0,0.0,0.0,0.0,0.0,0.0,58.23,203.5,118.8,0.0,0.0,0.0,0.0,38.82,0.0,1,0,1.0,0,Batsman,10.0,35.1921,0.0,35.1921,10.0,0.1515,5.3316,0.0,3.9987,4.56
UT Yadav,IPL,208.0,201.0,48.0,48.0,21.0,9.9,103.48,16.0,9.0,12.44,144.0,3057.0,4331.0,147.0,147.0,509.5,8.5,30.08,21.23,0.98,117.81,12.29,6.14,8.39,0.93,1,1,1.0,1,Bowler,0.33,21.8332,75.9721,75.9721,147.0,1.0,75.9721,59.7109,71.9068,83.53
Umaid Asif,PSL,151.0,94.0,16.0,16.0,9.0,16.78,160.64,11.0,11.0,23.4,48.0,1040.0,1459.0,47.0,47.0,173.33,8.42,30.4,21.67,1.02,109.52,11.5,4.6,9.14,1.09,1,1,1.0,1,Bowler,0.34,36.5984,57.2804,57.2804,47.0,0.8704,49.8569,63.2054,53.194,60.71
Umar Akmal,CPL,273.0,233.0,21.0,21.0,17.0,16.06,117.17,18.0,14.0,13.73,0.0,0.0,0.0,0.0,0.0,0.0,58.23,203.5,118.8,0.0,0.0,0.0,0.0,38.82,0.0,1,0,1.0,0,Wicketkeeper-Batsman,21.0,26.5853,0.0,29.2438,21.0,0.2917,8.5304,0.0,6.3978,8.14
Umar Akmal,PSL,1036.0,716.0,40.0,40.0,34.0,30.47,144.69,78.0,61.0,19.41,0.0,0.0,0.0,0.0,0.0,0.0,58.23,203.5,118.8,0.0,179.82,21.78,19.6,38.82,0.0,1,0,1.0,0,Wicketkeeper-Batsman,40.0,40.267,0.0,44.2937,40.0,0.7407,32.8083,38.2241,34.1622,57.53
Umar Amin,PSL,332.0,307.0,18.0,18.0,14.0,23.71,108.14,36.0,4.0,13.03,0.0,0.0,0.0,0.0,0.0,0.0,58.23,203.5,118.8,0.0,0.0,0.0,0.0,38.82,0.0,1,0,1.0,0,Batsman,18.0,27.975,0.0,27.975,18.0,0.3333,9.3241,0.0,6.9931,9.64
Umer Khan,PSL,3.0,8.0,4.0,4.0,3.0,1.0,37.5,0.0,0.0,0.0,19.0,306.0,397.0,15.0,15.0,51.0,7.78,20.89,16.11,1.27,0.0,0.0,0.0,38.82,0.0,1,1,1.0,1,Bowler,0.27,3.7049,53.4249,53.4249,15.0,0.2778,14.8414,0.0,11.131,9.41
Umran Malik,IPL,23.0,16.0,5.0,5.0,2.0,11.5,143.75,1.0,2.0,18.75,29.0,494.0,771.0,26.0,26.0,82.33,9.36,26.59,17.03,1.12,143.75,11.5,4.6,9.6,1.17,1,1,1.0,1,Bowler,0.19,29.9784,53.1089,53.1089,26.0,0.2549,13.5375,64.8564,26.3672,27.99
Usama Mir,BBL,20.0,29.0,7.0,7.0,7.0,2.86,68.97,2.0,0.0,6.9,16.0,282.0,344.0,13.0,13.0,47.0,7.32,21.5,17.62,1.23,68.97,2.86,2.86,7.32,1.23,1,1,1.0,1,Bowler,0.54,11.7083,53.2208,53.2208,13.0,0.1548,8.2386,69.0675,23.4458,24.43
Usama Mir,PSL,83.0,54.0,14.0,14.0,11.0,7.55,153.7,5.0,6.0,20.37,59.0,910.0,1248.0,43.0,43.0,151.67,8.23,21.15,15.42,1.37,215.38,9.33,9.33,8.04,1.71,1,1,1.0,1,Bowler,0.33,30.8148,60.7515,60.7515,43.0,0.7963,48.3764,81.2838,56.6032,64.87
Usama Mir,T20_Blast,132.0,81.0,6.0,6.0,3.0,44.0,162.96,9.0,9.0,22.22,19.0,264.0,321.0,11.0,11.0,44.0,7.3,16.89,13.89,1.73,162.96,44.0,22.0,7.3,1.73,1,1,1.0,1,Bowler,0.55,45.9004,54.3924,54.3924,11.0,0.1667,9.0672,82.6648,27.4666,29.33
Usman Khan,PSL,747.0,469.0,17.0,17.0,14.0,53.36,159.28,88.0,25.0,24.09,0.0,0.0,0.0,0.0,0.0,0.0,58.23,203.5,118.8,0.0,172.54,74.62,54.27,38.82,0.0,1,0,1.0,0,Batsman,17.0,51.5205,0.0,51.5205,17.0,0.3148,16.2187,81.382,32.5095,52.96
Usman Qadir,BBL,18.0,27.0,7.0,7.0,2.0,9.0,66.67,0.0,0.0,0.0,16.0,372.0,523.0,18.0,18.0,62.0,8.44,32.69,23.25,0.89,112.5,9.0,3.0,8.42,0.91,1,1,1.0,1,Bowler,0.39,10.3526,50.7353,50.7353,18.0,0.2143,10.8726,59.134,22.938,23.81
Usman Qadir,PSL,36.0,25.0,5.0,5.0,3.0,12.0,144.0,3.0,2.0,20.0,16.0,312.0,473.0,15.0,15.0,52.0,9.1,29.56,19.5,1.07,160.0,16.0,8.0,10.33,1.1,1,1,1.0,1,Bowler,0.33,30.8112,50.4653,50.4653,15.0,0.2778,14.0193,62.1293,26.0468,27.6
Usman Shinwari,PSL,54.0,53.0,12.0,12.0,6.0,9.0,101.89,1.0,5.0,11.32,42.0,792.0,1161.0,38.0,38.0,132.0,8.8,27.64,18.86,1.11,78.95,15.0,5.0,6.92,0.67,1,1,1.0,1,Bowler,0.32,20.3065,56.0719,56.0719,38.0,0.7037,39.4578,54.3169,43.1726,48.49
V Chopra,T20_Blast,1938.0,1505.0,64.0,64.0,59.0,32.85,128.77,163.0,68.0,15.35,0.0,0.0,0.0,0.0,0.0,0.0,58.23,203.5,118.8,0.0,0.0,0.0,0.0,38.82,0.0,1,0,1.0,0,Batsman,64.0,39.9662,0.0,39.9662,64.0,0.9697,38.7552,0.0,29.0664,47.11
V Kohli,IPL,8014.0,6069.0,244.0,244.0,207.0,38.71,132.05,708.0,273.0,16.16,4.0,251.0,368.0,26.0,26.0,41.83,8.8,92.0,62.75,0.15,139.92,44.13,38.24,38.82,0.0,1,1,1.0,1,Batsman,9.38,61.7947,40.7506,61.7947,244.0,1.0,61.7947,55.4946,60.2197,100.0
V Permaul,CPL,102.0,114.0,19.0,19.0,14.0,7.29,89.47,6.0,4.0,8.77,46.0,1335.0,1532.0,66.0,66.0,222.5,6.89,33.3,29.02,0.7,118.18,6.5,6.5,8.5,0.75,1,1,1.0,1,Bowler,0.29,17.0547,58.0513,58.0513,66.0,0.9167,53.2156,54.6995,53.5866,61.19
V Sehwag,IPL,2728.0,1755.0,104.0,104.0,99.0,27.56,155.44,334.0,106.0,25.07,6.0,136.0,235.0,15.0,15.0,22.67,10.37,39.17,22.67,0.4,0.0,0.0,0.0,38.82,0.0,1,1,1.0,1,Batsman,6.93,48.5511,46.0739,48.5511,104.0,1.0,48.5511,0.0,36.4133,59.59
V Shankar,IPL,1115.0,859.0,58.0,58.0,44.0,25.34,129.8,80.0,45.0,14.55,9.0,238.0,344.0,22.0,22.0,39.67,8.67,38.22,26.44,0.41,136.61,23.71,19.19,10.0,0.0,1,1,1.0,1,Batsman,2.64,34.5067,48.462,34.5067,58.0,0.5686,19.6205,34.734,23.3989,37.49
VG Arora,IPL,9.0,16.0,7.0,7.0,2.0,4.5,56.25,0.0,0.0,0.0,19.0,384.0,585.0,20.0,20.0,64.0,9.14,30.79,20.21,0.95,56.25,4.5,1.29,9.14,0.95,1,1,1.0,1,Bowler,0.35,7.3867,50.8599,50.8599,20.0,0.1961,9.9736,59.4045,22.3313,23.07
VR Aaron,IPL,50.0,72.0,12.0,12.0,5.0,10.0,69.44,2.0,2.0,5.56,44.0,994.0,1481.0,50.0,50.0,165.67,8.94,33.66,22.59,0.88,0.0,0.0,0.0,10.4,1.0,1,1,1.0,1,Bowler,0.24,13.7586,55.5837,55.5837,50.0,0.4902,27.2471,59.335,35.2691,38.85
VR Iyer,IPL,1326.0,967.0,49.0,49.0,42.0,31.57,137.13,121.0,61.0,18.82,3.0,81.0,143.0,9.0,9.0,13.5,10.59,47.67,27.0,0.33,140.8,28.97,24.51,14.8,0.0,1,1,1.0,1,Batsman,5.44,40.3062,44.2261,40.3062,49.0,0.4804,19.3631,40.6509,24.685,39.68
VRV Singh,IPL,4.0,3.0,2.0,2.0,2.0,2.0,133.33,1.0,0.0,33.33,12.0,360.0,542.0,18.0,18.0,60.0,9.03,45.17,30.0,0.67,0.0,0.0,0.0,38.82,0.0,1,1,1.0,1,Bowler,0.11,32.0193,47.8365,47.8365,18.0,0.1765,8.4431,0.0,6.3323,3.56
VS Malik,IPL,7.0,7.0,2.0,2.0,1.0,7.0,100.0,1.0,0.0,14.29,6.0,205.0,261.0,13.0,13.0,34.17,7.64,43.5,34.17,0.46,0.0,0.0,0.0,38.82,0.0,1,1,1.0,1,Bowler,0.15,20.5949,48.2495,48.2495,13.0,0.1275,6.1518,0.0,4.6138,1.47
VVS Laxman,IPL,282.0,267.0,20.0,20.0,18.0,15.67,105.62,33.0,5.0,14.23,0.0,0.0,0.0,0.0,0.0,0.0,58.23,203.5,118.8,0.0,0.0,0.0,0.0,38.82,0.0,1,0,1.0,0,Batsman,20.0,25.2138,0.0,25.2138,20.0,0.1961,4.9444,0.0,3.7083,4.07
VY Mahesh,IPL,15.0,27.0,5.0,5.0,2.0,7.5,55.56,0.0,0.0,0.0,21.0,339.0,499.0,17.0,17.0,56.5,8.83,23.76,16.14,1.24,0.0,0.0,0.0,38.82,0.0,1,1,1.0,1,Bowler,0.29,8.3754,52.4212,52.4212,17.0,0.1667,8.7386,0.0,6.554,3.83
Vijaykumar Vyshak,IPL,14.0,12.0,4.0,4.0,2.0,7.0,116.67,0.0,1.0,8.33,13.0,231.0,395.0,11.0,11.0,38.5,10.26,30.38,17.77,1.18,116.67,7.0,3.5,10.26,1.18,1,1,1.0,1,Bowler,0.36,19.9935,48.6287,48.6287,11.0,0.1078,5.2422,64.3805,20.0268,20.26
W Sutherland,BBL,630.0,469.0,51.0,51.0,34.0,18.53,134.33,33.0,29.0,13.22,36.0,932.0,1367.0,54.0,54.0,155.33,8.8,37.97,25.89,0.67,144.51,27.0,16.55,8.35,0.74,1,1,1.0,1,All-Rounder,0.94,30.5546,53.6321,42.4234,54.0,0.6429,27.274,44.9117,31.6834,46.45
WA Agar,BBL,83.0,80.0,20.0,20.0,12.0,6.92,103.75,7.0,0.0,8.75,80.0,1271.0,1936.0,64.0,64.0,211.83,9.14,24.2,15.89,1.25,112.12,6.17,5.29,9.83,1.24,1,1,1.0,1,Bowler,0.31,18.704,63.5719,63.5719,64.0,0.7619,48.4354,66.4964,52.9506,60.41
WA White,T20_Blast,42.0,43.0,7.0,7.0,5.0,8.4,97.67,3.0,0.0,6.98,15.0,283.0,423.0,13.0,13.0,47.17,8.97,28.2,18.87,1.15,0.0,0.0,0.0,38.82,0.0,1,1,1.0,1,Bowler,0.54,17.4857,50.5662,50.5662,13.0,0.197,9.9615,0.0,7.4711,4.95
WAR Fraine,T20_Blast,411.0,278.0,33.0,33.0,23.0,17.87,147.84,36.0,17.0,19.06,0.0,0.0,0.0,0.0,0.0,0.0,58.23,203.5,118.8,0.0,138.46,15.0,10.0,38.82,0.0,1,0,1.0,0,Batsman,33.0,34.1123,0.0,34.1123,33.0,0.5,17.0562,25.5238,19.1731,30.32
WAT Beer,T20_Blast,266.0,220.0,38.0,38.0,25.0,10.64,120.91,17.0,9.0,11.82,66.0,1380.0,1785.0,76.0,76.0,230.0,7.76,27.05,20.91,0.87,116.67,7.0,3.5,9.62,0.0,1,1,1.0,1,All-Rounder,0.5,24.2424,61.8587,49.3212,76.0,1.0,49.3212,24.568,43.1329,65.27
WB Rankin,T20_Blast,16.0,16.0,4.0,4.0,2.0,8.0,100.0,1.0,1.0,12.5,29.0,594.0,876.0,30.0,30.0,99.0,8.85,30.21,20.48,0.97,0.0,0.0,0.0,38.82,0.0,1,1,1.0,1,Bowler,0.13,20.1408,53.17,53.17,30.0,0.4545,24.1658,0.0,18.1244,17.94
WCF Smeed,PSL,315.0,234.0,10.0,10.0,10.0,31.5,134.62,36.0,11.0,20.09,0.0,0.0,0.0,0.0,0.0,0.0,58.23,203.5,118.8,0.0,134.62,31.5,31.5,38.82,0.0,1,0,1.0,0,Batsman,10.0,37.395,0.0,37.395,10.0,0.1852,6.9256,45.4791,16.564,25.89
WCF Smeed,T20_Blast,1669.0,1074.0,63.0,63.0,61.0,27.36,155.4,159.0,98.0,23.93,0.0,0.0,0.0,0.0,0.0,0.0,58.23,203.5,118.8,0.0,169.27,27.05,26.44,38.82,0.0,1,0,1.0,0,Batsman,63.0,44.6393,0.0,44.6393,63.0,0.9545,42.6082,43.7069,42.8829,70.57
WD Parnell,CPL,113.0,95.0,11.0,11.0,4.0,28.25,118.95,11.0,1.0,12.63,16.0,300.0,401.0,15.0,15.0,50.0,8.02,25.06,18.75,1.07,0.0,0.0,0.0,38.82,0.0,1,1,1.0,1,Bowler,0.73,30.1076,52.0892,52.0892,15.0,0.2083,10.8502,0.0,8.1376,5.76
WD Parnell,IPL,65.0,80.0,13.0,13.0,10.0,6.5,81.25,4.0,1.0,6.25,35.0,723.0,937.0,33.0,33.0,120.5,7.78,26.77,20.66,1.06,40.0,2.0,2.0,9.38,1.29,1,1,1.0,1,Bowler,0.39,14.4203,55.8245,55.8245,33.0,0.3235,18.0592,68.3635,30.6353,33.2
WD Parnell,T20_Blast,449.0,373.0,34.0,34.0,25.0,17.96,120.38,30.0,18.0,12.87,58.0,1081.0,1517.0,49.0,49.0,180.17,8.42,26.16,18.64,1.18,95.0,6.33,3.8,9.11,1.67,1,1,1.0,1,All-Rounder,0.69,27.8195,59.7525,46.6727,49.0,0.7424,34.6498,46.4624,37.603,56.18
WD Sheridan,BBL,66.0,66.0,8.0,8.0,4.0,16.5,100.0,4.0,0.0,6.06,8.0,168.0,242.0,10.0,10.0,28.0,8.64,30.25,21.0,0.8,0.0,0.0,0.0,38.82,0.0,1,1,1.0,1,Bowler,0.8,20.2931,49.2757,49.2757,10.0,0.119,5.8638,0.0,4.3978,1.2
WEL Buttleman,T20_Blast,289.0,237.0,20.0,20.0,16.0,18.06,121.94,41.0,7.0,20.25,0.0,0.0,0.0,0.0,0.0,0.0,58.23,203.5,118.8,0.0,124.76,16.38,11.91,38.82,0.0,1,0,1.0,0,Batsman,20.0,31.0013,0.0,31.0013,20.0,0.303,9.3934,26.0079,13.547,20.77
WG Bosisto,BBL,102.0,105.0,10.0,10.0,7.0,14.57,97.14,11.0,0.0,10.48,1.0,36.0,44.0,4.0,4.0,6.0,7.33,44.0,36.0,0.25,0.0,0.0,0.0,38.82,0.0,1,1,1.0,1,Batsman,2.5,21.4162,47.5199,21.4162,10.0,0.119,2.5485,0.0,1.9114,1.02
WG Jacks,T20_Blast,2210.0,1435.0,78.0,78.0,72.0,30.69,154.01,214.0,108.0,22.44,31.0,554.0,682.0,39.0,39.0,92.33,7.39,22.0,17.87,0.79,151.87,33.41,31.56,8.11,0.93,1,1,1.0,1,All-Rounder,2.0,46.6279,56.0168,49.7572,78.0,1.0,49.7572,53.9842,50.8139,77.9
WJ Durston,T20_Blast,932.0,662.0,33.0,33.0,32.0,29.12,140.79,100.0,32.0,19.94,21.0,486.0,622.0,29.0,29.0,81.0,7.68,29.62,23.14,0.72,0.0,0.0,0.0,38.82,0.0,1,1,1.0,1,All-Rounder,1.14,39.2083,52.8419,45.5847,33.0,0.5,22.7924,0.0,17.0943,22.46
WJ Weighell,T20_Blast,239.0,174.0,26.0,26.0,17.0,14.06,137.36,11.0,17.0,16.09,28.0,699.0,1111.0,42.0,42.0,116.5,9.54,39.68,24.96,0.67,161.54,14.0,10.5,8.71,0.33,1,1,1.0,1,All-Rounder,0.62,29.4878,51.1271,42.8522,42.0,0.6364,27.2711,35.3172,29.2826,42.5
WKD Perkins,CPL,266.0,235.0,16.0,16.0,15.0,17.73,113.19,22.0,15.0,15.74,0.0,0.0,0.0,0.0,0.0,0.0,58.23,203.5,118.8,0.0,0.0,0.0,0.0,38.82,0.0,1,0,1.0,0,Batsman,16.0,27.5758,0.0,27.5758,16.0,0.2222,6.1273,0.0,4.5955,5.57
WL Madsen,T20_Blast,3736.0,2610.0,123.0,123.0,102.0,36.63,143.14,384.0,90.0,18.16,21.0,564.0,766.0,43.0,43.0,94.0,8.15,36.48,26.86,0.49,147.24,39.31,34.51,9.62,0.3,1,1,1.0,1,All-Rounder,2.86,50.082,51.5329,50.4578,123.0,1.0,50.4578,46.5218,49.4738,75.69
WMH Rhodes,T20_Blast,643.0,514.0,46.0,46.0,42.0,15.31,125.1,52.0,17.0,13.42,36.0,480.0,719.0,40.0,40.0,80.0,8.99,19.97,13.33,0.9,0.0,0.0,0.0,38.82,0.0,1,1,1.0,1,All-Rounder,1.15,28.3567,55.655,41.0531,46.0,0.697,28.614,0.0,21.4605,29.64
WP Saha,IPL,2934.0,2300.0,143.0,143.0,121.0,24.25,127.57,296.0,87.0,16.65,0.0,0.0,0.0,0.0,0.0,0.0,58.23,203.5,118.8,0.0,124.66,23.54,22.27,38.82,0.0,1,0,1.0,0,Wicketkeeper-Batsman,143.0,40.4882,0.0,44.537,143.0,1.0,44.537,35.4537,42.2662,71.94
WPUJC Vaas,IPL,81.0,73.0,11.0,11.0,8.0,10.12,110.96,2.0,3.0,6.85,18.0,282.0,355.0,13.0,13.0,47.0,7.55,19.72,15.67,1.38,0.0,0.0,0.0,38.82,0.0,1,1,1.0,1,Bowler,0.85,19.8744,53.6016,53.6016,13.0,0.1275,6.8342,0.0,5.1256,2.09
WR Smith,T20_Blast,434.0,374.0,38.0,38.0,28.0,15.5,116.04,30.0,10.0,10.7,40.0,786.0,952.0,44.0,44.0,131.0,7.27,23.8,19.65,0.91,0.0,0.0,0.0,38.82,0.0,1,1,1.0,1,All-Rounder,0.86,25.3296,57.6708,42.6839,44.0,0.6667,28.4574,0.0,21.343,29.45
WS Davis,T20_Blast,20.0,35.0,9.0,9.0,5.0,4.0,57.14,1.0,0.0,2.86,19.0,407.0,621.0,26.0,26.0,67.83,9.16,32.68,21.42,0.73,77.78,7.0,2.8,10.3,0.44,1,1,1.0,1,Bowler,0.35,8.6942,50.6078,50.6078,26.0,0.3939,19.9344,44.2447,26.012,27.56
WT Root,T20_Blast,634.0,567.0,39.0,39.0,30.0,21.13,111.82,48.0,15.0,11.11,0.0,18.0,37.0,3.0,3.0,3.0,12.33,203.5,118.8,0.0,128.89,21.75,17.4,38.82,0.0,1,1,1.0,0,Batsman,13.0,27.5867,22.7713,27.5867,39.0,0.5909,16.301,32.0712,20.2436,32.14
WT Smale,T20_Blast,203.0,129.0,10.0,10.0,10.0,20.3,157.36,27.0,8.0,27.13,0.0,0.0,0.0,0.0,0.0,0.0,58.23,203.5,118.8,0.0,157.36,20.3,20.3,38.82,0.0,1,0,1.0,0,Batsman,10.0,39.3195,0.0,39.3195,10.0,0.1515,5.9569,35.9279,13.4496,20.6
WTS Porterfield,T20_Blast,1082.0,856.0,39.0,39.0,32.0,33.81,126.4,103.0,28.0,15.3,0.0,0.0,0.0,0.0,0.0,0.0,58.23,203.5,118.8,0.0,0.0,0.0,0.0,38.82,0.0,1,0,1.0,0,Batsman,39.0,37.3044,0.0,37.3044,39.0,0.5909,22.0432,0.0,16.5324,25.84
Wahab Riaz,CPL,42.0,52.0,8.0,8.0,5.0,8.4,80.77,3.0,1.0,7.69,30.0,596.0,783.0,28.0,28.0,99.33,7.88,26.1,19.87,1.07,0.0,0.0,0.0,38.82,0.0,1,1,1.0,1,Bowler,0.29,15.6293,54.832,54.832,28.0,0.3889,21.3242,0.0,15.9932,15.34
Wahab Riaz,PSL,359.0,280.0,51.0,51.0,33.0,10.88,128.21,31.0,14.0,16.07,111.0,1955.0,2539.0,86.0,86.0,325.83,7.79,22.87,17.61,1.29,75.0,3.67,2.36,9.05,0.9,1,1,1.0,1,All-Rounder,0.59,27.5455,71.123,54.8991,86.0,1.0,54.8991,34.0976,49.6987,76.06
Wahab Riaz,T20_Blast,195.0,138.0,14.0,14.0,9.0,21.67,141.3,18.0,10.0,20.29,21.0,425.0,567.0,19.0,19.0,70.83,8.01,27.0,20.24,1.11,0.0,0.0,0.0,38.82,0.0,1,1,1.0,1,Bowler,0.74,34.5076,52.8365,52.8365,19.0,0.2879,15.2116,0.0,11.4087,9.75
Waqar Salamkheil,CPL,8.0,16.0,3.0,3.0,1.0,8.0,50.0,0.0,0.0,0.0,26.0,409.0,521.0,18.0,18.0,68.17,7.64,20.04,15.73,1.44,50.0,8.0,2.67,7.64,1.44,1,1,1.0,1,Bowler,0.17,7.8104,55.034,55.034,18.0,0.25,13.7585,74.4065,28.9205,31.11
Waqas Maqsood,PSL,21.0,25.0,5.0,5.0,4.0,5.25,84.0,2.0,1.0,12.0,27.0,421.0,605.0,20.0,20.0,70.17,8.62,22.41,15.59,1.35,16.67,0.5,0.5,9.4,1.5,1,1,1.0,1,Bowler,0.25,16.8808,53.966,53.966,20.0,0.3704,19.989,74.0422,33.5023,36.7
Washington Sundar,IPL,378.0,325.0,38.0,38.0,28.0,13.5,116.31,32.0,9.0,12.62,37.0,1054.0,1325.0,58.0,58.0,175.67,7.54,35.81,28.49,0.64,123.85,13.42,12.38,9.04,0.59,1,1,1.0,1,All-Rounder,0.66,25.3796,55.3422,43.483,58.0,0.5686,24.7244,37.354,27.8818,40.2
XC Bartlett,BBL,221.0,185.0,23.0,23.0,14.0,15.79,119.46,21.0,4.0,13.51,60.0,959.0,1357.0,48.0,48.0,159.83,8.49,22.62,15.98,1.25,109.84,7.44,5.58,8.62,1.42,1,1,1.0,1,Bowler,0.48,26.5215,60.5082,60.5082,48.0,0.5714,34.5744,72.7536,44.1192,49.64
XJ Doherty,BBL,31.0,31.0,7.0,7.0,3.0,10.33,100.0,1.0,0.0,3.23,25.0,606.0,781.0,29.0,29.0,101.0,7.73,31.24,24.24,0.86,0.0,0.0,0.0,38.82,0.0,1,1,1.0,1,Bowler,0.24,16.6846,53.3737,53.3737,29.0,0.3452,18.4246,0.0,13.8185,12.69
Y Nagar,IPL,285.0,259.0,20.0,20.0,14.0,20.36,110.04,20.0,9.0,11.2,4.0,66.0,125.0,8.0,8.0,11.0,11.36,31.25,16.5,0.5,0.0,0.0,0.0,38.82,0.0,1,1,1.0,1,Batsman,2.5,26.0375,45.6748,26.0375,20.0,0.1961,5.106,0.0,3.8295,4.27
Y Venugopal Rao,IPL,985.0,836.0,52.0,52.0,44.0,22.39,117.82,77.0,37.0,13.64,6.0,216.0,337.0,20.0,20.0,36.0,9.36,56.17,36.0,0.3,0.0,0.0,0.0,38.82,0.0,1,1,1.0,1,Batsman,2.6,31.084,44.9871,31.084,52.0,0.5098,15.8466,0.0,11.885,17.95
YA Abdulla,IPL,0.0,1.0,1.0,1.0,0.0,0.0,0.0,0.0,0.0,0.0,15.0,209.0,307.0,11.0,11.0,34.83,8.81,20.47,13.93,1.36,0.0,0.0,0.0,38.82,0.0,0,1,0.0,1,Bowler,0.09,0.0,51.6745,51.6745,11.0,0.1078,5.5705,0.0,4.1779,0.93
YBK Jaiswal,IPL,1607.0,1067.0,52.0,52.0,50.0,32.14,150.61,199.0,64.0,24.65,0.0,1.0,6.0,1.0,1.0,0.17,35.29,203.5,118.8,0.0,154.15,35.62,33.79,35.29,0.0,1,1,1.0,0,Batsman,52.0,45.8497,0.0,45.8497,52.0,0.5098,23.3742,50.4718,30.1486,48.95
YK Pathan,IPL,3222.0,2245.0,153.0,153.0,110.0,29.29,143.52,263.0,161.0,18.89,42.0,1147.0,1415.0,82.0,82.0,191.17,7.4,33.69,27.31,0.51,0.0,0.0,0.0,38.82,0.0,1,1,1.0,1,All-Rounder,1.87,46.2764,56.7171,49.9192,153.0,1.0,49.9192,0.0,37.4394,55.91
YS Chahal,IPL,37.0,86.0,16.0,16.0,7.0,5.29,43.02,0.0,0.0,0.0,205.0,3521.0,4602.0,159.0,159.0,586.83,7.84,22.45,17.18,1.29,62.5,5.0,5.0,8.42,1.43,1,1,1.0,1,Bowler,0.1,6.0404,89.4665,89.4665,159.0,1.0,89.4665,73.2516,85.4128,100.0
YV Takawale,IPL,192.0,178.0,10.0,10.0,8.0,24.0,107.87,26.0,3.0,16.29,0.0,0.0,0.0,0.0,0.0,0.0,58.23,203.5,118.8,0.0,0.0,0.0,0.0,38.82,0.0,1,0,1.0,0,Wicketkeeper-Batsman,10.0,29.1269,0.0,32.0396,10.0,0.098,3.1399,0.0,2.3549,0.95
Yash Dayal,IPL,0.0,1.0,1.0,1.0,1.0,0.0,0.0,0.0,0.0,0.0,28.0,578.0,919.0,28.0,28.0,96.33,9.54,32.82,20.64,1.0,0.0,0.0,0.0,9.54,1.0,0,1,1.0,1,Bowler,0.04,0.0,51.9698,51.9698,28.0,0.2745,14.2657,60.309,25.7765,27.27
Yash Thakur,IPL,0.0,0.0,0.0,0.0,0.0,0.0,0.0,0.0,0.0,0.0,24.0,404.0,691.0,19.0,19.0,67.33,10.26,28.79,16.83,1.26,0.0,0.0,0.0,10.26,1.26,0,1,0.0,1,Bowler,0.0,0.0,50.9704,50.9704,19.0,0.1863,9.4958,66.5524,23.76,24.81
Yasir Arafat,BBL,35.0,27.0,6.0,6.0,2.0,17.5,129.63,4.0,0.0,14.81,28.0,349.0,428.0,15.0,15.0,58.17,7.36,15.29,12.46,1.87,0.0,0.0,0.0,38.82,0.0,1,1,1.0,1,Bowler,0.4,28.4681,56.2855,56.2855,15.0,0.1786,10.0526,0.0,7.5394,5.03
Yasir Arafat,T20_Blast,86.0,77.0,15.0,15.0,11.0,7.82,111.69,9.0,1.0,12.99,34.0,692.0,1012.0,32.0,32.0,115.33,8.77,29.76,20.35,1.06,0.0,0.0,0.0,38.82,0.0,1,1,1.0,1,Bowler,0.47,22.0375,54.2802,54.2802,32.0,0.4848,26.315,0.0,19.7363,19.91
Yasir Khan,PSL,270.0,214.0,13.0,13.0,13.0,20.77,126.17,34.0,7.0,19.16,0.0,0.0,0.0,0.0,0.0,0.0,58.23,203.5,118.8,0.0,126.17,20.77,20.77,38.82,0.0,1,0,1.0,0,Batsman,13.0,31.9379,0.0,31.9379,13.0,0.2407,7.6875,33.4941,14.1392,21.77
Yasir Shah,PSL,45.0,53.0,11.0,11.0,9.0,5.0,84.91,3.0,2.0,9.43,26.0,571.0,692.0,27.0,27.0,95.17,7.27,26.62,21.96,0.96,0.0,0.0,0.0,38.82,0.0,1,1,1.0,1,Bowler,0.41,15.786,54.5927,54.5927,27.0,0.5,27.2964,0.0,20.4723,20.81
Yuvraj Singh,IPL,2754.0,2122.0,126.0,126.0,111.0,24.81,129.78,218.0,149.0,17.3,36.0,869.0,1077.0,73.0,73.0,144.83,7.44,29.92,24.14,0.49,0.0,0.0,0.0,38.82,0.0,1,1,1.0,1,All-Rounder,1.73,40.7137,55.9698,46.3096,126.0,1.0,46.3096,0.0,34.7322,51.46
Z Crawley,BBL,340.0,300.0,14.0,14.0,12.0,28.33,113.33,35.0,7.0,14.0,0.0,0.0,0.0,0.0,0.0,0.0,58.23,203.5,118.8,0.0,113.33,28.33,24.29,38.82,0.0,1,0,1.0,0,Batsman,14.0,30.7558,0.0,30.7558,14.0,0.1667,5.127,37.6687,13.2624,20.28
Z Crawley,T20_Blast,1171.0,802.0,47.0,47.0,45.0,26.02,146.01,131.0,34.0,20.57,0.0,0.0,0.0,0.0,0.0,0.0,58.23,203.5,118.8,0.0,119.83,11.58,11.58,38.82,0.0,1,0,1.0,0,Batsman,47.0,39.829,0.0,39.829,47.0,0.7121,28.3622,23.3134,27.1,43.78
Z Evans,BBL,8.0,9.0,3.0,3.0,2.0,4.0,88.89,0.0,1.0,11.11,13.0,168.0,281.0,10.0,10.0,28.0,10.04,21.62,12.92,1.3,0.0,0.0,0.0,38.82,0.0,1,1,1.0,1,Bowler,0.3,16.6166,49.9231,49.9231,10.0,0.119,5.9408,0.0,4.4556,1.27
Z Khan,IPL,117.0,141.0,27.0,27.0,14.0,8.36,82.98,11.0,2.0,9.22,102.0,2200.0,2782.0,99.0,99.0,366.67,7.59,27.27,21.57,1.03,0.0,0.0,0.0,38.82,0.0,1,1,1.0,1,Bowler,0.27,16.8492,69.0247,69.0247,99.0,0.9706,66.9954,0.0,50.2466,57.11
ZJ Chappell,T20_Blast,161.0,131.0,27.0,27.0,14.0,11.5,122.9,9.0,7.0,12.21,68.0,961.0,1484.0,49.0,49.0,160.17,9.27,21.82,14.13,1.39,119.48,15.33,5.75,9.06,1.66,1,1,1.0,1,All-Rounder,0.55,24.6581,61.3939,48.3417,49.0,0.7424,35.8889,50.0084,39.4188,59.16
ZS Ansari,T20_Blast,343.0,247.0,24.0,24.0,12.0,28.58,138.87,20.0,12.0,12.96,24.0,468.0,615.0,29.0,29.0,78.0,7.88,25.62,19.5,0.83,0.0,0.0,0.0,38.82,0.0,1,1,1.0,1,All-Rounder,0.83,33.6743,53.7202,44.6434,29.0,0.4394,19.6163,0.0,14.7122,18.55
Zafar Gohar,PSL,40.0,45.0,8.0,8.0,4.0,10.0,88.89,1.0,1.0,4.44,18.0,278.0,389.0,16.0,16.0,46.33,8.4,21.61,15.44,1.12,100.0,9.0,9.0,7.0,0.0,1,1,1.0,1,Bowler,0.5,15.7226,52.5264,52.5264,16.0,0.2963,15.5636,36.0362,20.6818,21.06
Zahid Mahmood,PSL,30.0,45.0,6.0,6.0,3.0,10.0,66.67,2.0,0.0,4.44,15.0,323.0,459.0,15.0,15.0,53.83,8.53,30.6,21.53,1.0,40.0,6.0,3.0,6.97,1.12,1,1,1.0,1,Bowler,0.4,12.815,50.7077,50.7077,15.0,0.2778,14.0866,66.4774,27.1843,28.99
Zahir Khan,BBL,27.0,32.0,7.0,7.0,4.0,6.75,84.38,1.0,1.0,6.25,26.0,645.0,794.0,29.0,29.0,107.5,7.39,30.54,24.81,0.9,0.0,0.0,0.0,38.82,0.0,1,1,1.0,1,Bowler,0.24,14.7952,53.992,53.992,29.0,0.3452,18.638,0.0,13.9785,12.89
Zahir Khan,CPL,9.0,13.0,5.0,5.0,5.0,1.8,69.23,0.0,1.0,7.69,16.0,286.0,348.0,14.0,14.0,47.67,7.3,21.75,17.88,1.14,0.0,0.0,0.0,38.82,0.0,1,1,1.0,1,Bowler,0.36,11.702,53.21,53.21,14.0,0.1944,10.344,0.0,7.758,5.3
Zaman Khan,PSL,12.0,27.0,8.0,8.0,4.0,3.0,44.44,1.0,1.0,7.41,44.0,722.0,1057.0,35.0,35.0,120.33,8.78,24.02,16.41,1.26,44.44,3.0,1.5,8.78,1.26,1,1,1.0,1,Bowler,0.23,8.7954,56.9267,56.9267,35.0,0.6481,36.8942,68.2285,44.7278,50.38
Zaman Khan,T20_Blast,0.0,1.0,1.0,1.0,1.0,0.0,0.0,0.0,0.0,0.0,25.0,300.0,414.0,14.0,14.0,50.0,8.28,16.56,12.0,1.79,0.0,0.0,0.0,8.28,1.79,0,1,1.0,1,Bowler,0.07,0.0,54.6317,54.6317,14.0,0.2121,11.5874,83.1839,29.4865,31.8
Zeeshan Ashraf,PSL,226.0,180.0,14.0,14.0,14.0,16.14,125.56,26.0,7.0,18.33,0.0,0.0,0.0,0.0,0.0,0.0,58.23,203.5,118.8,0.0,140.0,7.0,7.0,38.82,0.0,1,0,1.0,0,Batsman,14.0,29.6995,0.0,29.6995,14.0,0.2593,7.7011,20.4268,10.8825,16.24
Zulfiqar Babar,PSL,23.0,17.0,6.0,6.0,3.0,7.67,135.29,1.0,1.0,11.76,15.0,432.0,499.0,18.0,18.0,72.0,6.93,33.27,28.8,0.83,0.0,0.0,0.0,38.82,0.0,1,1,1.0,1,Bowler,0.33,24.2691,51.9665,51.9665,18.0,0.3333,17.3204,0.0,12.9903,11.68
