player_name,league,role,cluster,cluster_name
A Ashish Reddy,IPL,All-Rounder,1,Developing Bowlers & Bowling All-Rounders
A Athanaze,CPL,Batsman,3,Elite Established Batters
A Badoni,IPL,Batsman,3,Elite Established Batters
A Balbirnie,T20_Blast,Batsman,2,Low-Recent-Activity Batters & Wicketkeeper-Batters
A Bramble,CPL,Batsman,2,Low-Recent-Activity Batters & Wicketkeeper-Batters
A Carter,T20_Blast,Bowler,1,Developing Bowlers & Bowling All-Rounders
A Chandila,IPL,Bowler,1,Developing Bowlers & Bowling All-Rounders
A Javid,T20_Blast,All-Rounder,2,Low-Recent-Activity Batters & Wicketkeeper-Batters
A Kumble,IPL,Bowler,1,Developing Bowlers & Bowling All-Rounders
A Lyth,T20_Blast,All-Rounder,3,Elite Established Batters
A Manohar,IPL,Batsman,3,Elite Established Batters
A Mishra,IPL,Bowler,0,Elite Bowlers & Bowling All-Rounders
A Mithun,IPL,Bowler,1,Developing Bowlers & Bowling All-Rounders
A Nehra,IPL,Bowler,1,Developing Bowlers & Bowling All-Rounders
A Nortje,CPL,Bowler,0,Elite Bowlers & Bowling All-Rounders
A Nortje,IPL,Bowler,0,Elite Bowlers & Bowling All-Rounders
A Phillip,CPL,Bowler,1,Developing Bowlers & Bowling All-Rounders
A Shahzad,T20_Blast,Bowler,1,Developing Bowlers & Bowling All-Rounders
A Singh,IPL,Bowler,1,Developing Bowlers & Bowling All-Rounders
A Symonds,IPL,All-Rounder,2,Low-Recent-Activity Batters & Wicketkeeper-Batters
A Zampa,BBL,Bowler,0,Elite Bowlers & Bowling All-Rounders
A Zampa,CPL,Bowler,1,Developing Bowlers & Bowling All-Rounders
A Zampa,IPL,Bowler,1,Developing Bowlers & Bowling All-Rounders
A Zampa,T20_Blast,Bowler,1,Developing Bowlers & Bowling All-Rounders
AA Chavan,IPL,Bowler,1,Developing Bowlers & Bowling All-Rounders
AA Jangoo,CPL,Batsman,2,Low-Recent-Activity Batters & Wicketkeeper-Batters
AA Jhunjhunwala,IPL,Batsman,2,Low-Recent-Activity Batters & Wicketkeeper-Batters
AAP Atkinson,T20_Blast,Bowler,0,Elite Bowlers & Bowling All-Rounders
AB Agarkar,IPL,Bowler,1,Developing Bowlers & Bowling All-Rounders
AB Dinda,IPL,Bowler,1,Developing Bowlers & Bowling All-Rounders
AB Fudadin,CPL,Batsman,2,Low-Recent-Activity Batters & Wicketkeeper-Batters
AB McDonald,BBL,Batsman,2,Low-Recent-Activity Batters & Wicketkeeper-Batters
AB McDonald,IPL,Bowler,1,Developing Bowlers & Bowling All-Rounders
AB de Villiers,IPL,Wicketkeeper-Batsman,3,Elite Established Batters
AC Agar,BBL,All-Rounder,0,Elite Bowlers & Bowling All-Rounders
AC Agar,T20_Blast,Bowler,0,Elite Bowlers & Bowling All-Rounders
AC Blizzard,BBL,Batsman,2,Low-Recent-Activity Batters & Wicketkeeper-Batters
AC Gilchrist,IPL,Wicketkeeper-Batsman,2,Low-Recent-Activity Batters & Wicketkeeper-Batters
AC Lenham,T20_Blast,Bowler,1,Developing Bowlers & Bowling All-Rounders
AC McDermott,BBL,Bowler,1,Developing Bowlers & Bowling All-Rounders
AC Thomas,BBL,Bowler,1,Developing Bowlers & Bowling All-Rounders
AC Thomas,IPL,Bowler,1,Developing Bowlers & Bowling All-Rounders
AC Thomas,T20_Blast,Bowler,2,Low-Recent-Activity Batters & Wicketkeeper-Batters
AC Voges,BBL,Batsman,2,Low-Recent-Activity Batters & Wicketkeeper-Batters
AC Voges,CPL,Batsman,1,Developing Bowlers & Bowling All-Rounders
AD Hales,BBL,Batsman,3,Elite Established Batters
AD Hales,CPL,Batsman,3,Elite Established Batters
AD Hales,PSL,Batsman,3,Elite Established Batters
AD Hales,T20_Blast,Batsman,3,Elite Established Batters
AD Mascarenhas,IPL,Bowler,1,Developing Bowlers & Bowling All-Rounders
AD Mathews,IPL,All-Rounder,2,Low-Recent-Activity Batters & Wicketkeeper-Batters
AD Nath,IPL,Batsman,2,Low-Recent-Activity Batters & Wicketkeeper-Batters
AD Russell,BBL,All-Rounder,0,Elite Bowlers & Bowling All-Rounders
AD Russell,CPL,All-Rounder,0,Elite Bowlers & Bowling All-Rounders
AD Russell,IPL,All-Rounder,0,Elite Bowlers & Bowling All-Rounders
AD Russell,PSL,All-Rounder,1,Developing Bowlers & Bowling All-Rounders
AD Thomason,T20_Blast,All-Rounder,1,Developing Bowlers & Bowling All-Rounders
ADS Fletcher,BBL,Wicketkeeper-Batsman,2,Low-Recent-Activity Batters & Wicketkeeper-Batters
ADS Fletcher,CPL,Wicketkeeper-Batsman,3,Elite Established Batters
AEN Riley,T20_Blast,Bowler,1,Developing Bowlers & Bowling All-Rounders
AF Milne,BBL,Bowler,1,Developing Bowlers & Bowling All-Rounders
AF Milne,IPL,Bowler,1,Developing Bowlers & Bowling All-Rounders
AF Milne,T20_Blast,Bowler,1,Developing Bowlers & Bowling All-Rounders
AG Murtaza,IPL,Bowler,1,Developing Bowlers & Bowling All-Rounders
AG Prince,T20_Blast,Batsman,2,Low-Recent-Activity Batters & Wicketkeeper-Batters
AG Salter,T20_Blast,All-Rounder,0,Elite Bowlers & Bowling All-Rounders
AG Wakely,T20_Blast,Batsman,2,Low-Recent-Activity Batters & Wicketkeeper-Batters
AGH Orr,T20_Blast,Batsman,3,Elite Established Batters
AHT Donald,T20_Blast,Batsman,3,Elite Established Batters
AI Ross,BBL,Batsman,3,Elite Established Batters
AJ Ball,T20_Blast,Bowler,1,Developing Bowlers & Bowling All-Rounders
AJ Blake,T20_Blast,Batsman,3,Elite Established Batters
AJ Doolan,BBL,Batsman,2,Low-Recent-Activity Batters & Wicketkeeper-Batters
AJ Finch,BBL,Batsman,3,Elite Established Batters
AJ Finch,IPL,Batsman,3,Elite Established Batters
AJ Finch,T20_Blast,Batsman,2,Low-Recent-Activity Batters & Wicketkeeper-Batters
AJ Hodd,T20_Blast,Wicketkeeper-Batsman,2,Low-Recent-Activity Batters & Wicketkeeper-Batters
AJ Hose,BBL,Batsman,3,Elite Established Batters
AJ Hose,T20_Blast,Batsman,3,Elite Established Batters
AJ Hosein,BBL,Bowler,0,Elite Bowlers & Bowling All-Rounders
AJ Hosein,CPL,All-Rounder,0,Elite Bowlers & Bowling All-Rounders
AJ Hosein,PSL,Bowler,0,Elite Bowlers & Bowling All-Rounders
AJ Ireland,T20_Blast,Bowler,1,Developing Bowlers & Bowling All-Rounders
AJ Nair,BBL,All-Rounder,1,Developing Bowlers & Bowling All-Rounders
AJ Turner,BBL,Batsman,3,Elite Established Batters
AJ Turner,T20_Blast,Batsman,3,Elite Established Batters
AJ Tye,BBL,Bowler,0,Elite Bowlers & Bowling All-Rounders
AJ Tye,IPL,Bowler,1,Developing Bowlers & Bowling All-Rounders
AJ Tye,T20_Blast,All-Rounder,0,Elite Bowlers & Bowling All-Rounders
AJA Wheater,T20_Blast,Wicketkeeper-Batsman,2,Low-Recent-Activity Batters & Wicketkeeper-Batters
AK Markram,IPL,Batsman,3,Elite Established Batters
AL Davies,T20_Blast,Wicketkeeper-Batsman,3,Elite Established Batters
AL Fekete,BBL,Bowler,1,Developing Bowlers & Bowling All-Rounders
AL Hughes,T20_Blast,All-Rounder,0,Elite Bowlers & Bowling All-Rounders
AL Menaria,IPL,Batsman,2,Low-Recent-Activity Batters & Wicketkeeper-Batters
AM Ali,T20_Blast,Batsman,1,Developing Bowlers & Bowling All-Rounders
AM Hardie,BBL,All-Rounder,3,Elite Established Batters
AM Lilley,T20_Blast,All-Rounder,0,Elite Bowlers & Bowling All-Rounders
AM McCarthy,CPL,Batsman,2,Low-Recent-Activity Batters & Wicketkeeper-Batters
AM Nayar,IPL,Batsman,2,Low-Recent-Activity Batters & Wicketkeeper-Batters
AM Rahane,IPL,Batsman,3,Elite Established Batters
AM Rossington,T20_Blast,Wicketkeeper-Batsman,3,Elite Established Batters
AN Ahmed,IPL,Bowler,2,Low-Recent-Activity Batters & Wicketkeeper-Batters
AN Kervezee,T20_Blast,Batsman,2,Low-Recent-Activity Batters & Wicketkeeper-Batters
AN Petersen,T20_Blast,Batsman,2,Low-Recent-Activity Batters & Wicketkeeper-Batters
AP Devcich,CPL,Batsman,2,Low-Recent-Activity Batters & Wicketkeeper-Batters
AP Devcich,PSL,Batsman,2,Low-Recent-Activity Batters & Wicketkeeper-Batters
AP Palladino,T20_Blast,Bowler,1,Developing Bowlers & Bowling All-Rounders
AP Tare,IPL,Wicketkeeper-Batsman,2,Low-Recent-Activity Batters & Wicketkeeper-Batters
APR Gidman,T20_Blast,Batsman,2,Low-Recent-Activity Batters & Wicketkeeper-Batters
AR Nedd,CPL,Bowler,1,Developing Bowlers & Bowling All-Rounders
AR Nurse,CPL,All-Rounder,1,Developing Bowlers & Bowling All-Rounders
AR Patel,IPL,All-Rounder,0,Elite Bowlers & Bowling All-Rounders
AS Joseph,CPL,All-Rounder,0,Elite Bowlers & Bowling All-Rounders
AS Joseph,IPL,Bowler,1,Developing Bowlers & Bowling All-Rounders
AS Rajpoot,IPL,Bowler,1,Developing Bowlers & Bowling All-Rounders
AS Raut,IPL,Batsman,2,Low-Recent-Activity Batters & Wicketkeeper-Batters
ASS Nijjar,T20_Blast,Bowler,1,Developing Bowlers & Bowling All-Rounders
AT Carey,BBL,Wicketkeeper-Batsman,3,Elite Established Batters
AT Rayudu,IPL,Batsman,3,Elite Established Batters
AT Thomson,T20_Blast,Bowler,0,Elite Bowlers & Bowling All-Rounders
AU Rashid,T20_Blast,Bowler,0,Elite Bowlers & Bowling All-Rounders
AW Finch,T20_Blast,Bowler,1,Developing Bowlers & Bowling All-Rounders
AW Gale,T20_Blast,Batsman,2,Low-Recent-Activity Batters & Wicketkeeper-Batters
AW Gorvin,T20_Blast,Bowler,1,Developing Bowlers & Bowling All-Rounders
AW O'Brien,BBL,Bowler,1,Developing Bowlers & Bowling All-Rounders
AWJ Auguste,CPL,Batsman,2,Low-Recent-Activity Batters & Wicketkeeper-Batters
AZ Lees,T20_Blast,Batsman,3,Elite Established Batters
Aamer Jamal,PSL,Bowler,0,Elite Bowlers & Bowling All-Rounders
Aamer Yamin,PSL,Bowler,0,Elite Bowlers & Bowling All-Rounders
Aaron Beard,T20_Blast,Bowler,0,Elite Bowlers & Bowling All-Rounders
Abbas Afridi,PSL,Bowler,0,Elite Bowlers & Bowling All-Rounders
Abdul Samad,IPL,Batsman,3,Elite Established Batters
Abdullah Shafique,PSL,Batsman,3,Elite Established Batters
Abhishek Sharma,IPL,Batsman,3,Elite Established Batters
Abishek Porel,IPL,Batsman,3,Elite Established Batters
Abrar Ahmed,PSL,Bowler,1,Developing Bowlers & Bowling All-Rounders
Agha Salman,PSL,Batsman,3,Elite Established Batters
Ahmed Daniyal,PSL,Bowler,1,Developing Bowlers & Bowling All-Rounders
Ahmed Shehzad,PSL,Batsman,2,Low-Recent-Activity Batters & Wicketkeeper-Batters
Ahsan Ali,PSL,Batsman,3,Elite Established Batters
Akash Madhwal,IPL,Bowler,1,Developing Bowlers & Bowling All-Rounders
Akif Javed,PSL,Bowler,1,Developing Bowlers & Bowling All-Rounders
Ali Khan,CPL,Bowler,0,Elite Bowlers & Bowling All-Rounders
Amad Butt,PSL,Bowler,0,Elite Bowlers & Bowling All-Rounders
Aman Hakim Khan,IPL,Batsman,2,Low-Recent-Activity Batters & Wicketkeeper-Batters
Ankit Sharma,IPL,Bowler,1,Developing Bowlers & Bowling All-Rounders
Anuj Dal,T20_Blast,Batsman,2,Low-Recent-Activity Batters & Wicketkeeper-Batters
Anuj Rawat,IPL,Batsman,3,Elite Established Batters
Anureet Singh,IPL,Bowler,1,Developing Bowlers & Bowling All-Rounders
Anwar Ali,PSL,All-Rounder,0,Elite Bowlers & Bowling All-Rounders
Arshad Iqbal,PSL,Bowler,1,Developing Bowlers & Bowling All-Rounders
Arshdeep Singh,IPL,Bowler,0,Elite Bowlers & Bowling All-Rounders
Asad Shafiq,PSL,Batsman,2,Low-Recent-Activity Batters & Wicketkeeper-Batters
Ashar Zaidi,T20_Blast,All-Rounder,2,Low-Recent-Activity Batters & Wicketkeeper-Batters
Asif Ali,CPL,Batsman,2,Low-Recent-Activity Batters & Wicketkeeper-Batters
Asif Ali,PSL,Batsman,0,Elite Bowlers & Bowling All-Rounders
Avesh Khan,IPL,Bowler,0,Elite Bowlers & Bowling All-Rounders
Azam Khan,CPL,Wicketkeeper-Batsman,3,Elite Established Batters
Azam Khan,PSL,Wicketkeeper-Batsman,3,Elite Established Batters
Azeem Rafiq,T20_Blast,Bowler,1,Developing Bowlers & Bowling All-Rounders
Azhar Mahmood,IPL,All-Rounder,1,Developing Bowlers & Bowling All-Rounders
Azhar Mahmood,T20_Blast,All-Rounder,1,Developing Bowlers & Bowling All-Rounders
Azharullah,T20_Blast,Bowler,1,Developing Bowlers & Bowling All-Rounders
B Akhil,IPL,Bowler,2,Low-Recent-Activity Batters & Wicketkeeper-Batters
B Chipli,IPL,Batsman,2,Low-Recent-Activity Batters & Wicketkeeper-Batters
B Doggett,BBL,Bowler,0,Elite Bowlers & Bowling All-Rounders
B Kumar,IPL,Bowler,0,Elite Bowlers & Bowling All-Rounders
B Laughlin,BBL,Bowler,1,Developing Bowlers & Bowling All-Rounders
B Laughlin,CPL,Bowler,1,Developing Bowlers & Bowling All-Rounders
B Lee,BBL,Bowler,1,Developing Bowlers & Bowling All-Rounders
B Lee,IPL,Bowler,1,Developing Bowlers & Bowling All-Rounders
B Muzarabani,PSL,Bowler,1,Developing Bowlers & Bowling All-Rounders
B Sai Sudharsan,IPL,Batsman,3,Elite Established Batters
B Stanlake,BBL,Bowler,1,Developing Bowlers & Bowling All-Rounders
BA Bhatt,IPL,Bowler,1,Developing Bowlers & Bowling All-Rounders
BA Carse,T20_Blast,All-Rounder,0,Elite Bowlers & Bowling All-Rounders
BA Godleman,T20_Blast,Batsman,2,Low-Recent-Activity Batters & Wicketkeeper-Batters
BA King,CPL,Batsman,3,Elite Established Batters
BA Raine,T20_Blast,All-Rounder,0,Elite Bowlers & Bowling All-Rounders
BA Stokes,IPL,All-Rounder,2,Low-Recent-Activity Batters & Wicketkeeper-Batters
BA Stokes,T20_Blast,Batsman,1,Developing Bowlers & Bowling All-Rounders
BAC Howell,T20_Blast,All-Rounder,0,Elite Bowlers & Bowling All-Rounders
BAD Manenti,BBL,Bowler,1,Developing Bowlers & Bowling All-Rounders
BAW Mendis,IPL,Bowler,1,Developing Bowlers & Bowling All-Rounders
BB McCullum,BBL,Wicketkeeper-Batsman,2,Low-Recent-Activity Batters & Wicketkeeper-Batters
BB McCullum,CPL,Wicketkeeper-Batsman,2,Low-Recent-Activity Batters & Wicketkeeper-Batters
BB McCullum,IPL,Wicketkeeper-Batsman,2,Low-Recent-Activity Batters & Wicketkeeper-Batters
BB McCullum,PSL,Wicketkeeper-Batsman,2,Low-Recent-Activity Batters & Wicketkeeper-Batters
BB McCullum,T20_Blast,Wicketkeeper-Batsman,2,Low-Recent-Activity Batters & Wicketkeeper-Batters
BB Sran,IPL,Bowler,1,Developing Bowlers & Bowling All-Rounders
BC Brown,T20_Blast,Batsman,2,Low-Recent-Activity Batters & Wicketkeeper-Batters
BC Cullen,T20_Blast,Bowler,0,Elite Bowlers & Bowling All-Rounders
BCJ Cutting,BBL,All-Rounder,0,Elite Bowlers & Bowling All-Rounders
BCJ Cutting,CPL,Bowler,1,Developing Bowlers & Bowling All-Rounders
BCJ Cutting,IPL,Batsman,2,Low-Recent-Activity Batters & Wicketkeeper-Batters
BCJ Cutting,PSL,Batsman,0,Elite Bowlers & Bowling All-Rounders
BD Cotton,T20_Blast,Bowler,1,Developing Bowlers & Bowling All-Rounders
BD Glover,T20_Blast,Bowler,1,Developing Bowlers & Bowling All-Rounders
BD Guest,T20_Blast,Wicketkeeper-Batsman,3,Elite Established Batters
BFW de Leede,T20_Blast,Batsman,0,Elite Bowlers & Bowling All-Rounders
BG Charlesworth,T20_Blast,Batsman,3,Elite Established Batters
BGF Green,T20_Blast,All-Rounder,0,Elite Bowlers & Bowling All-Rounders
BJ Curran,T20_Blast,Batsman,3,Elite Established Batters
BJ Currie,T20_Blast,Bowler,1,Developing Bowlers & Bowling All-Rounders
BJ Dwarshuis,BBL,All-Rounder,0,Elite Bowlers & Bowling All-Rounders
BJ Dwarshuis,T20_Blast,Bowler,0,Elite Bowlers & Bowling All-Rounders
BJ Haddin,BBL,Wicketkeeper-Batsman,2,Low-Recent-Activity Batters & Wicketkeeper-Batters
BJ Haddin,PSL,Wicketkeeper-Batsman,2,Low-Recent-Activity Batters & Wicketkeeper-Batters
BJ Hodge,BBL,Batsman,2,Low-Recent-Activity Batters & Wicketkeeper-Batters
BJ Hodge,CPL,Batsman,2,Low-Recent-Activity Batters & Wicketkeeper-Batters
BJ Hodge,IPL,Batsman,2,Low-Recent-Activity Batters & Wicketkeeper-Batters
BJ McCarthy,T20_Blast,Bowler,1,Developing Bowlers & Bowling All-Rounders
BJ Rohrer,BBL,Batsman,2,Low-Recent-Activity Batters & Wicketkeeper-Batters
BJ Webster,BBL,All-Rounder,3,Elite Established Batters
BJ Webster,T20_Blast,Batsman,3,Elite Established Batters
BJ Wright,T20_Blast,Batsman,2,Low-Recent-Activity Batters & Wicketkeeper-Batters
BL Couch,BBL,Bowler,1,Developing Bowlers & Bowling All-Rounders
BL D'Oliveira,T20_Blast,All-Rounder,0,Elite Bowlers & Bowling All-Rounders
BM Duckett,BBL,Batsman,3,Elite Established Batters
BM Duckett,T20_Blast,Batsman,3,Elite Established Batters
BMJ Allison,T20_Blast,Bowler,1,Developing Bowlers & Bowling All-Rounders
BO Coad,T20_Blast,Bowler,1,Developing Bowlers & Bowling All-Rounders
BR Dunk,BBL,Wicketkeeper-Batsman,2,Low-Recent-Activity Batters & Wicketkeeper-Batters
BR Dunk,CPL,Wicketkeeper-Batsman,1,Developing Bowlers & Bowling All-Rounders
BR Dunk,PSL,Wicketkeeper-Batsman,2,Low-Recent-Activity Batters & Wicketkeeper-Batters
BR McDermott,BBL,Wicketkeeper-Batsman,3,Elite Established Batters
BR McDermott,T20_Blast,Wicketkeeper-Batsman,3,Elite Established Batters
BRM Taylor,T20_Blast,Batsman,2,Low-Recent-Activity Batters & Wicketkeeper-Batters
BT Foakes,T20_Blast,Wicketkeeper-Batsman,2,Low-Recent-Activity Batters & Wicketkeeper-Batters
BT Slater,T20_Blast,Batsman,2,Low-Recent-Activity Batters & Wicketkeeper-Batters
BTJ Wheal,T20_Blast,Bowler,0,Elite Bowlers & Bowling All-Rounders
BW Hilfenhaus,BBL,All-Rounder,1,Developing Bowlers & Bowling All-Rounders
BW Hilfenhaus,IPL,Bowler,1,Developing Bowlers & Bowling All-Rounders
BW Sanderson,T20_Blast,Bowler,0,Elite Bowlers & Bowling All-Rounders
BWM Mike,T20_Blast,All-Rounder,0,Elite Bowlers & Bowling All-Rounders
Babar Azam,PSL,Batsman,3,Elite Established Batters
Babar Azam,T20_Blast,Batsman,2,Low-Recent-Activity Batters & Wicketkeeper-Batters
Basil Thampi,IPL,Bowler,1,Developing Bowlers & Bowling All-Rounders
Bipul Sharma,IPL,Bowler,2,Low-Recent-Activity Batters & Wicketkeeper-Batters
C Bosch,CPL,Batsman,0,Elite Bowlers & Bowling All-Rounders
C Connolly,BBL,Batsman,3,Elite Established Batters
C Green,IPL,All-Rounder,3,Elite Established Batters
C Hemraj,CPL,All-Rounder,0,Elite Bowlers & Bowling All-Rounders
C McKerr,T20_Blast,Bowler,1,Developing Bowlers & Bowling All-Rounders
C Munro,BBL,Batsman,3,Elite Established Batters
C Munro,CPL,Batsman,3,Elite Established Batters
C Munro,IPL,Batsman,2,Low-Recent-Activity Batters & Wicketkeeper-Batters
C Munro,PSL,Batsman,3,Elite Established Batters
C Munro,T20_Blast,Batsman,3,Elite Established Batters
C Overton,T20_Blast,All-Rounder,0,Elite Bowlers & Bowling All-Rounders
C Rushworth,T20_Blast,Bowler,1,Developing Bowlers & Bowling All-Rounders
C Sakariya,IPL,Bowler,1,Developing Bowlers & Bowling All-Rounders
C Valente,BBL,Bowler,1,Developing Bowlers & Bowling All-Rounders
C de Grandhomme,BBL,Batsman,3,Elite Established Batters
C de Grandhomme,CPL,Batsman,2,Low-Recent-Activity Batters & Wicketkeeper-Batters
C de Grandhomme,IPL,Batsman,2,Low-Recent-Activity Batters & Wicketkeeper-Batters
C de Grandhomme,T20_Blast,All-Rounder,0,Elite Bowlers & Bowling All-Rounders
CA Ingram,BBL,Batsman,2,Low-Recent-Activity Batters & Wicketkeeper-Batters
CA Ingram,CPL,Batsman,1,Developing Bowlers & Bowling All-Rounders
CA Ingram,IPL,Batsman,2,Low-Recent-Activity Batters & Wicketkeeper-Batters
CA Ingram,PSL,Batsman,2,Low-Recent-Activity Batters & Wicketkeeper-Batters
CA Ingram,T20_Blast,All-Rounder,3,Elite Established Batters
CA Lynn,BBL,Batsman,3,Elite Established Batters
CA Lynn,CPL,Batsman,2,Low-Recent-Activity Batters & Wicketkeeper-Batters
CA Lynn,IPL,Batsman,2,Low-Recent-Activity Batters & Wicketkeeper-Batters
CA Lynn,PSL,Batsman,2,Low-Recent-Activity Batters & Wicketkeeper-Batters
CA Lynn,T20_Blast,Batsman,3,Elite Established Batters
CA Pujara,IPL,Batsman,2,Low-Recent-Activity Batters & Wicketkeeper-Batters
CA Rose,BBL,Bowler,2,Low-Recent-Activity Batters & Wicketkeeper-Batters
CAJ Meschede,T20_Blast,All-Rounder,1,Developing Bowlers & Bowling All-Rounders
CAJ Morris,T20_Blast,Bowler,1,Developing Bowlers & Bowling All-Rounders
CAK Walton,CPL,Wicketkeeper-Batsman,3,Elite Established Batters
CAK Walton,PSL,Wicketkeeper-Batsman,2,Low-Recent-Activity Batters & Wicketkeeper-Batters
CB Cooke,T20_Blast,Wicketkeeper-Batsman,3,Elite Established Batters
CD Barnwell,CPL,Batsman,2,Low-Recent-Activity Batters & Wicketkeeper-Batters
CD Hinchliffe,BBL,Bowler,1,Developing Bowlers & Bowling All-Rounders
CD Nash,T20_Blast,Batsman,2,Low-Recent-Activity Batters & Wicketkeeper-Batters
CDJ Dent,T20_Blast,Batsman,3,Elite Established Batters
CF Hughes,T20_Blast,Batsman,2,Low-Recent-Activity Batters & Wicketkeeper-Batters
CF Parkinson,T20_Blast,All-Rounder,0,Elite Bowlers & Bowling All-Rounders
CG Benjamin,T20_Blast,Batsman,3,Elite Established Batters
CG Harrison,T20_Blast,All-Rounder,0,Elite Bowlers & Bowling All-Rounders
CH Gayle,BBL,Batsman,2,Low-Recent-Activity Batters & Wicketkeeper-Batters
CH Gayle,CPL,Batsman,2,Low-Recent-Activity Batters & Wicketkeeper-Batters
CH Gayle,IPL,Batsman,3,Elite Established Batters
CH Gayle,PSL,Batsman,2,Low-Recent-Activity Batters & Wicketkeeper-Batters
CH Morris,BBL,Bowler,1,Developing Bowlers & Bowling All-Rounders
CH Morris,IPL,All-Rounder,0,Elite Bowlers & Bowling All-Rounders
CH Morris,T20_Blast,Bowler,1,Developing Bowlers & Bowling All-Rounders
CJ Anderson,IPL,All-Rounder,2,Low-Recent-Activity Batters & Wicketkeeper-Batters
CJ Anderson,T20_Blast,Batsman,2,Low-Recent-Activity Batters & Wicketkeeper-Batters
CJ Borgas,BBL,Batsman,2,Low-Recent-Activity Batters & Wicketkeeper-Batters
CJ Boyce,BBL,Bowler,0,Elite Bowlers & Bowling All-Rounders
CJ Ferguson,BBL,Batsman,2,Low-Recent-Activity Batters & Wicketkeeper-Batters
CJ Ferguson,T20_Blast,Batsman,2,Low-Recent-Activity Batters & Wicketkeeper-Batters
CJ Gannon,BBL,Bowler,1,Developing Bowlers & Bowling All-Rounders
CJ Green,BBL,All-Rounder,0,Elite Bowlers & Bowling All-Rounders
CJ Green,CPL,All-Rounder,0,Elite Bowlers & Bowling All-Rounders
CJ Green,T20_Blast,All-Rounder,0,Elite Bowlers & Bowling All-Rounders
CJ Haggett,T20_Blast,Bowler,2,Low-Recent-Activity Batters & Wicketkeeper-Batters
CJ Jordan,BBL,All-Rounder,0,Elite Bowlers & Bowling All-Rounders
CJ Jordan,CPL,Bowler,0,Elite Bowlers & Bowling All-Rounders
CJ Jordan,IPL,Bowler,1,Developing Bowlers & Bowling All-Rounders
CJ Jordan,PSL,Bowler,0,Elite Bowlers & Bowling All-Rounders
CJ Jordan,T20_Blast,All-Rounder,0,Elite Bowlers & Bowling All-Rounders
CJ Liddle,T20_Blast,Bowler,1,Developing Bowlers & Bowling All-Rounders
CJ McKay,BBL,Bowler,1,Developing Bowlers & Bowling All-Rounders
CJ McKay,T20_Blast,Bowler,1,Developing Bowlers & Bowling All-Rounders
CJ Russell,T20_Blast,Bowler,1,Developing Bowlers & Bowling All-Rounders
CJ Simmons,BBL,Batsman,2,Low-Recent-Activity Batters & Wicketkeeper-Batters
CJC Wright,T20_Blast,Bowler,1,Developing Bowlers & Bowling All-Rounders
CL White,BBL,Batsman,2,Low-Recent-Activity Batters & Wicketkeeper-Batters
CL White,IPL,Batsman,2,Low-Recent-Activity Batters & Wicketkeeper-Batters
CM Gautam,IPL,Wicketkeeper-Batsman,2,Low-Recent-Activity Batters & Wicketkeeper-Batters
CMW Read,T20_Blast,Wicketkeeper-Batsman,2,Low-Recent-Activity Batters & Wicketkeeper-Batters
CN Ackermann,T20_Blast,All-Rounder,3,Elite Established Batters
CN Miles,T20_Blast,Bowler,0,Elite Bowlers & Bowling All-Rounders
CP Jewell,BBL,Batsman,3,Elite Established Batters
CP Tremain,BBL,Bowler,1,Developing Bowlers & Bowling All-Rounders
CP Wood,T20_Blast,Bowler,0,Elite Bowlers & Bowling All-Rounders
CR Brathwaite,BBL,Bowler,1,Developing Bowlers & Bowling All-Rounders
CR Brathwaite,CPL,All-Rounder,0,Elite Bowlers & Bowling All-Rounders
CR Brathwaite,IPL,Bowler,2,Low-Recent-Activity Batters & Wicketkeeper-Batters
CR Brathwaite,PSL,Bowler,0,Elite Bowlers & Bowling All-Rounders
CR Brathwaite,T20_Blast,All-Rounder,0,Elite Bowlers & Bowling All-Rounders
CR Woakes,IPL,Bowler,1,Developing Bowlers & Bowling All-Rounders
CR Woakes,T20_Blast,All-Rounder,0,Elite Bowlers & Bowling All-Rounders
CRD Fernando,IPL,Bowler,1,Developing Bowlers & Bowling All-Rounders
CS Delport,CPL,Batsman,2,Low-Recent-Activity Batters & Wicketkeeper-Batters
CS Delport,PSL,Batsman,2,Low-Recent-Activity Batters & Wicketkeeper-Batters
CS Delport,T20_Blast,All-Rounder,2,Low-Recent-Activity Batters & Wicketkeeper-Batters
CS MacLeod,T20_Blast,Batsman,2,Low-Recent-Activity Batters & Wicketkeeper-Batters
CT Bancroft,BBL,Wicketkeeper-Batsman,3,Elite Established Batters
CT Bancroft,T20_Blast,Wicketkeeper-Batsman,3,Elite Established Batters
CT Steel,T20_Blast,Bowler,1,Developing Bowlers & Bowling All-Rounders
CV Varun,IPL,Bowler,0,Elite Bowlers & Bowling All-Rounders
Callum Taylor,T20_Blast,Batsman,1,Developing Bowlers & Bowling All-Rounders
Craig Cachopa,T20_Blast,Batsman,2,Low-Recent-Activity Batters & Wicketkeeper-Batters
D Bishoo,CPL,Bowler,1,Developing Bowlers & Bowling All-Rounders
D Brevis,IPL,Batsman,0,Elite Bowlers & Bowling All-Rounders
D Elgar,T20_Blast,Batsman,3,Elite Established Batters
D Ferreira,T20_Blast,Wicketkeeper-Batsman,3,Elite Established Batters
D Klein,T20_Blast,Bowler,1,Developing Bowlers & Bowling All-Rounders
D Moriarty,T20_Blast,Bowler,0,Elite Bowlers & Bowling All-Rounders
D Padikkal,IPL,Batsman,3,Elite Established Batters
D Paterson,T20_Blast,Bowler,1,Developing Bowlers & Bowling All-Rounders
D Pretorius,CPL,All-Rounder,0,Elite Bowlers & Bowling All-Rounders
D Pretorius,T20_Blast,Batsman,2,Low-Recent-Activity Batters & Wicketkeeper-Batters
D Ramdin,CPL,Wicketkeeper-Batsman,2,Low-Recent-Activity Batters & Wicketkeeper-Batters
D Smit,T20_Blast,Wicketkeeper-Batsman,2,Low-Recent-Activity Batters & Wicketkeeper-Batters
D Wiese,CPL,All-Rounder,0,Elite Bowlers & Bowling All-Rounders
D Wiese,IPL,Bowler,0,Elite Bowlers & Bowling All-Rounders
D Wiese,PSL,All-Rounder,0,Elite Bowlers & Bowling All-Rounders
D Wiese,T20_Blast,All-Rounder,0,Elite Bowlers & Bowling All-Rounders
DA Cosker,T20_Blast,Bowler,1,Developing Bowlers & Bowling All-Rounders
DA Douthwaite,T20_Blast,All-Rounder,0,Elite Bowlers & Bowling All-Rounders
DA Griffiths,T20_Blast,Bowler,1,Developing Bowlers & Bowling All-Rounders
DA Miller,BBL,Batsman,2,Low-Recent-Activity Batters & Wicketkeeper-Batters
DA Miller,CPL,Batsman,3,Elite Established Batters
DA Miller,IPL,Batsman,3,Elite Established Batters
DA Payne,BBL,Bowler,0,Elite Bowlers & Bowling All-Rounders
DA Payne,T20_Blast,Bowler,0,Elite Bowlers & Bowling All-Rounders
DA Warner,BBL,Batsman,3,Elite Established Batters
DA Warner,IPL,Batsman,3,Elite Established Batters
DB Das,IPL,Batsman,2,Low-Recent-Activity Batters & Wicketkeeper-Batters
DB Ravi Teja,IPL,Batsman,2,Low-Recent-Activity Batters & Wicketkeeper-Batters
DC Drakes,CPL,Bowler,0,Elite Bowlers & Bowling All-Rounders
DC Thomas,CPL,Wicketkeeper-Batsman,0,Elite Bowlers & Bowling All-Rounders
DD Masters,T20_Blast,Bowler,1,Developing Bowlers & Bowling All-Rounders
DE Bernard,CPL,Bowler,1,Developing Bowlers & Bowling All-Rounders
DE Bollinger,BBL,Bowler,1,Developing Bowlers & Bowling All-Rounders
DE Bollinger,IPL,Bowler,1,Developing Bowlers & Bowling All-Rounders
DE Johnson,CPL,Bowler,1,Developing Bowlers & Bowling All-Rounders
DG Bedingham,T20_Blast,Batsman,3,Elite Established Batters
DH Yagnik,IPL,Wicketkeeper-Batsman,2,Low-Recent-Activity Batters & Wicketkeeper-Batters
DI Stevens,T20_Blast,All-Rounder,0,Elite Bowlers & Bowling All-Rounders
DJ Bell-Drummond,T20_Blast,Batsman,3,Elite Established Batters
DJ Bravo,BBL,All-Rounder,1,Developing Bowlers & Bowling All-Rounders
DJ Bravo,CPL,All-Rounder,0,Elite Bowlers & Bowling All-Rounders
DJ Bravo,IPL,All-Rounder,0,Elite Bowlers & Bowling All-Rounders
DJ Bravo,PSL,All-Rounder,1,Developing Bowlers & Bowling All-Rounders
DJ Bravo,T20_Blast,All-Rounder,0,Elite Bowlers & Bowling All-Rounders
DJ Harris,BBL,Batsman,2,Low-Recent-Activity Batters & Wicketkeeper-Batters
DJ Hooda,IPL,Batsman,3,Elite Established Batters
DJ Hussey,BBL,Batsman,2,Low-Recent-Activity Batters & Wicketkeeper-Batters
DJ Hussey,IPL,Batsman,2,Low-Recent-Activity Batters & Wicketkeeper-Batters
DJ Lamb,T20_Blast,All-Rounder,0,Elite Bowlers & Bowling All-Rounders
DJ Lincoln,T20_Blast,Batsman,2,Low-Recent-Activity Batters & Wicketkeeper-Batters
DJ Malan,BBL,Batsman,2,Low-Recent-Activity Batters & Wicketkeeper-Batters
DJ Malan,PSL,Batsman,3,Elite Established Batters
DJ Malan,T20_Blast,Batsman,3,Elite Established Batters
DJ Mitchell,IPL,Batsman,3,Elite Established Batters
DJ Mitchell,T20_Blast,All-Rounder,0,Elite Bowlers & Bowling All-Rounders
DJ Vilas,T20_Blast,Wicketkeeper-Batsman,3,Elite Established Batters
DJ Wainwright,T20_Blast,Bowler,2,Low-Recent-Activity Batters & Wicketkeeper-Batters
DJ Willey,BBL,Bowler,1,Developing Bowlers & Bowling All-Rounders
DJ Willey,IPL,Bowler,1,Developing Bowlers & Bowling All-Rounders
DJ Willey,PSL,Bowler,0,Elite Bowlers & Bowling All-Rounders
DJ Willey,T20_Blast,All-Rounder,0,Elite Bowlers & Bowling All-Rounders
DJ Worrall,BBL,Bowler,1,Developing Bowlers & Bowling All-Rounders
DJ Worrall,T20_Blast,Bowler,1,Developing Bowlers & Bowling All-Rounders
DJG Sammy,BBL,Batsman,2,Low-Recent-Activity Batters & Wicketkeeper-Batters
DJG Sammy,CPL,All-Rounder,2,Low-Recent-Activity Batters & Wicketkeeper-Batters
DJG Sammy,IPL,Batsman,2,Low-Recent-Activity Batters & Wicketkeeper-Batters
DJG Sammy,PSL,Batsman,2,Low-Recent-Activity Batters & Wicketkeeper-Batters
DJG Sammy,T20_Blast,Bowler,2,Low-Recent-Activity Batters & Wicketkeeper-Batters
DJM Moody,BBL,Bowler,1,Developing Bowlers & Bowling All-Rounders
DJM Short,BBL,All-Rounder,3,Elite Established Batters
DJM Short,T20_Blast,All-Rounder,2,Low-Recent-Activity Batters & Wicketkeeper-Batters
DKH Mitchell,T20_Blast,All-Rounder,2,Low-Recent-Activity Batters & Wicketkeeper-Batters
DL Chahar,IPL,Bowler,0,Elite Bowlers & Bowling All-Rounders
DL Lloyd,T20_Blast,Batsman,3,Elite Established Batters
DL Vettori,BBL,Bowler,1,Developing Bowlers & Bowling All-Rounders
DL Vettori,CPL,Bowler,1,Developing Bowlers & Bowling All-Rounders
DL Vettori,IPL,Bowler,1,Developing Bowlers & Bowling All-Rounders
DLR Smith,BBL,Wicketkeeper-Batsman,2,Low-Recent-Activity Batters & Wicketkeeper-Batters
DM Bess,T20_Blast,All-Rounder,0,Elite Bowlers & Bowling All-Rounders
DM Bravo,CPL,Batsman,3,Elite Established Batters
DMW Rawlins,T20_Blast,All-Rounder,0,Elite Bowlers & Bowling All-Rounders
DP Conway,IPL,Batsman,3,Elite Established Batters
DP Hughes,BBL,Batsman,3,Elite Established Batters
DP Hughes,T20_Blast,Batsman,3,Elite Established Batters
DP Hyatt,CPL,Batsman,2,Low-Recent-Activity Batters & Wicketkeeper-Batters
DP Nannes,BBL,Bowler,1,Developing Bowlers & Bowling All-Rounders
DP Nannes,IPL,Bowler,1,Developing Bowlers & Bowling All-Rounders
DP Nannes,T20_Blast,Bowler,1,Developing Bowlers & Bowling All-Rounders
DP Sibley,T20_Blast,Batsman,3,Elite Established Batters
DPMD Jayawardene,CPL,Batsman,2,Low-Recent-Activity Batters & Wicketkeeper-Batters
DPMD Jayawardene,IPL,Batsman,2,Low-Recent-Activity Batters & Wicketkeeper-Batters
DPMD Jayawardene,T20_Blast,Batsman,2,Low-Recent-Activity Batters & Wicketkeeper-Batters
DR Briggs,BBL,Bowler,1,Developing Bowlers & Bowling All-Rounders
DR Briggs,T20_Blast,Bowler,0,Elite Bowlers & Bowling All-Rounders
DR Mousley,T20_Blast,All-Rounder,0,Elite Bowlers & Bowling All-Rounders
DR Sams,BBL,All-Rounder,0,Elite Bowlers & Bowling All-Rounders
DR Sams,IPL,Bowler,1,Developing Bowlers & Bowling All-Rounders
DR Sams,T20_Blast,All-Rounder,0,Elite Bowlers & Bowling All-Rounders
DR Smith,CPL,Batsman,2,Low-Recent-Activity Batters & Wicketkeeper-Batters
DR Smith,IPL,All-Rounder,2,Low-Recent-Activity Batters & Wicketkeeper-Batters
DR Smith,PSL,Batsman,2,Low-Recent-Activity Batters & Wicketkeeper-Batters
DS Kulkarni,IPL,Bowler,1,Developing Bowlers & Bowling All-Rounders
DT Christian,BBL,All-Rounder,0,Elite Bowlers & Bowling All-Rounders
DT Christian,IPL,All-Rounder,1,Developing Bowlers & Bowling All-Rounders
DT Christian,PSL,Bowler,2,Low-Recent-Activity Batters & Wicketkeeper-Batters
DT Christian,T20_Blast,All-Rounder,0,Elite Bowlers & Bowling All-Rounders
DW Lawrence,BBL,Batsman,0,Elite Bowlers & Bowling All-Rounders
DW Lawrence,T20_Blast,All-Rounder,0,Elite Bowlers & Bowling All-Rounders
DW Steyn,IPL,Bowler,1,Developing Bowlers & Bowling All-Rounders
DY Pennington,T20_Blast,Bowler,0,Elite Bowlers & Bowling All-Rounders
DYA Davis,CPL,Bowler,1,Developing Bowlers & Bowling All-Rounders
Dhruv Jurel,IPL,Batsman,3,Elite Established Batters
Dilbar Hussain,PSL,Bowler,0,Elite Bowlers & Bowling All-Rounders
E Lewis,CPL,Batsman,3,Elite Established Batters
E Lewis,IPL,Batsman,3,Elite Established Batters
EA Brookes,T20_Blast,Batsman,0,Elite Bowlers & Bowling All-Rounders
EG Barnard,T20_Blast,All-Rounder,0,Elite Bowlers & Bowling All-Rounders
EJ Byrom,T20_Blast,Batsman,3,Elite Established Batters
EJ Pollock,T20_Blast,Batsman,3,Elite Established Batters
EJG Morgan,BBL,Batsman,2,Low-Recent-Activity Batters & Wicketkeeper-Batters
EJG Morgan,IPL,Batsman,2,Low-Recent-Activity Batters & Wicketkeeper-Batters
EJG Morgan,T20_Blast,Batsman,3,Elite Established Batters
EJH Eckersley,T20_Blast,Wicketkeeper-Batsman,3,Elite Established Batters
EN Gay,T20_Blast,Batsman,3,Elite Established Batters
EP Gulbis,BBL,All-Rounder,2,Low-Recent-Activity Batters & Wicketkeeper-Batters
F O'Neill,BBL,Bowler,1,Developing Bowlers & Bowling All-Rounders
F du Plessis,CPL,Batsman,3,Elite Established Batters
F du Plessis,IPL,Batsman,3,Elite Established Batters
FA Allen,CPL,All-Rounder,0,Elite Bowlers & Bowling All-Rounders
FH Allen,BBL,Batsman,3,Elite Established Batters
FH Allen,T20_Blast,Batsman,3,Elite Established Batters
FH Edwards,CPL,Bowler,1,Developing Bowlers & Bowling All-Rounders
FH Edwards,T20_Blast,Bowler,1,Developing Bowlers & Bowling All-Rounders
FIN Khushi,T20_Blast,Batsman,3,Elite Established Batters
FJ Heldreich,T20_Blast,Bowler,0,Elite Bowlers & Bowling All-Rounders
FJ Hudson-Prentice,T20_Blast,All-Rounder,0,Elite Bowlers & Bowling All-Rounders
FJ Klaassen,T20_Blast,Bowler,0,Elite Bowlers & Bowling All-Rounders
FK Cowdrey,T20_Blast,All-Rounder,1,Developing Bowlers & Bowling All-Rounders
FY Fazal,IPL,Batsman,2,Low-Recent-Activity Batters & Wicketkeeper-Batters
Faheem Ashraf,PSL,All-Rounder,0,Elite Bowlers & Bowling All-Rounders
Faheem Ashraf,T20_Blast,Bowler,1,Developing Bowlers & Bowling All-Rounders
Fakhar Zaman,PSL,Batsman,3,Elite Established Batters
Fawad Ahmed,BBL,Bowler,0,Elite Bowlers & Bowling All-Rounders
Fawad Ahmed,CPL,Bowler,1,Developing Bowlers & Bowling All-Rounders
Fawad Ahmed,PSL,Bowler,1,Developing Bowlers & Bowling All-Rounders
G Clark,T20_Blast,Batsman,3,Elite Established Batters
G Coetzee,IPL,Bowler,1,Developing Bowlers & Bowling All-Rounders
G Gambhir,IPL,Batsman,2,Low-Recent-Activity Batters & Wicketkeeper-Batters
G Motie,CPL,Bowler,0,Elite Bowlers & Bowling All-Rounders
G Roelofsen,T20_Blast,Batsman,3,Elite Established Batters
G Stewart,T20_Blast,All-Rounder,0,Elite Bowlers & Bowling All-Rounders
GA Bartlett,T20_Blast,Batsman,2,Low-Recent-Activity Batters & Wicketkeeper-Batters
GA Edwards,T20_Blast,Bowler,1,Developing Bowlers & Bowling All-Rounders
GB Hogg,BBL,Bowler,1,Developing Bowlers & Bowling All-Rounders
GB Hogg,IPL,Bowler,1,Developing Bowlers & Bowling All-Rounders
GC Smith,IPL,Batsman,2,Low-Recent-Activity Batters & Wicketkeeper-Batters
GC Viljoen,T20_Blast,Bowler,1,Developing Bowlers & Bowling All-Rounders
GC Wilson,T20_Blast,Wicketkeeper-Batsman,2,Low-Recent-Activity Batters & Wicketkeeper-Batters
GCH Hill,T20_Blast,Batsman,1,Developing Bowlers & Bowling All-Rounders
GD Cross,T20_Blast,Batsman,2,Low-Recent-Activity Batters & Wicketkeeper-Batters
GD Elliott,PSL,Bowler,1,Developing Bowlers & Bowling All-Rounders
GD Elliott,T20_Blast,All-Rounder,2,Low-Recent-Activity Batters & Wicketkeeper-Batters
GD McGrath,IPL,Bowler,1,Developing Bowlers & Bowling All-Rounders
GD Phillips,CPL,Wicketkeeper-Batsman,2,Low-Recent-Activity Batters & Wicketkeeper-Batters
GD Phillips,T20_Blast,Wicketkeeper-Batsman,3,Elite Established Batters
GE Mathurin,CPL,Bowler,1,Developing Bowlers & Bowling All-Rounders
GF Linde,T20_Blast,All-Rounder,0,Elite Bowlers & Bowling All-Rounders
GFB Scott,T20_Blast,Batsman,2,Low-Recent-Activity Batters & Wicketkeeper-Batters
GG Wagg,T20_Blast,All-Rounder,1,Developing Bowlers & Bowling All-Rounders
GG White,T20_Blast,All-Rounder,0,Elite Bowlers & Bowling All-Rounders
GH Rhodes,T20_Blast,Bowler,1,Developing Bowlers & Bowling All-Rounders
GH Roderick,T20_Blast,Batsman,3,Elite Established Batters
GH Vihari,IPL,Batsman,1,Developing Bowlers & Bowling All-Rounders
GHS Garton,BBL,Bowler,1,Developing Bowlers & Bowling All-Rounders
GHS Garton,T20_Blast,All-Rounder,0,Elite Bowlers & Bowling All-Rounders
GJ Bailey,BBL,Batsman,2,Low-Recent-Activity Batters & Wicketkeeper-Batters
GJ Bailey,IPL,Batsman,2,Low-Recent-Activity Batters & Wicketkeeper-Batters
GJ Bailey,T20_Blast,Batsman,2,Low-Recent-Activity Batters & Wicketkeeper-Batters
GJ Batty,T20_Blast,Bowler,1,Developing Bowlers & Bowling All-Rounders
GJ Maxwell,BBL,All-Rounder,3,Elite Established Batters
GJ Maxwell,IPL,All-Rounder,3,Elite Established Batters
GJ Maxwell,T20_Blast,All-Rounder,0,Elite Bowlers & Bowling All-Rounders
GJ McCarter,T20_Blast,Bowler,2,Low-Recent-Activity Batters & Wicketkeeper-Batters
GJ Muchall,T20_Blast,Batsman,2,Low-Recent-Activity Batters & Wicketkeeper-Batters
GK Berg,T20_Blast,All-Rounder,1,Developing Bowlers & Bowling All-Rounders
GL van Buuren,T20_Blast,All-Rounder,0,Elite Bowlers & Bowling All-Rounders
GLS Scrimshaw,T20_Blast,Bowler,0,Elite Bowlers & Bowling All-Rounders
GO Jones,T20_Blast,Wicketkeeper-Batsman,2,Low-Recent-Activity Batters & Wicketkeeper-Batters
GP Smith,T20_Blast,Batsman,2,Low-Recent-Activity Batters & Wicketkeeper-Batters
GR Breese,T20_Blast,Bowler,1,Developing Bowlers & Bowling All-Rounders
GR Napier,T20_Blast,Bowler,1,Developing Bowlers & Bowling All-Rounders
GS Ballance,T20_Blast,Batsman,2,Low-Recent-Activity Batters & Wicketkeeper-Batters
GS Sandhu,BBL,Bowler,0,Elite Bowlers & Bowling All-Rounders
GT Griffiths,T20_Blast,Bowler,1,Developing Bowlers & Bowling All-Rounders
Ghulam Mudassar,PSL,Bowler,1,Developing Bowlers & Bowling All-Rounders
Gurkeerat Singh,IPL,Batsman,2,Low-Recent-Activity Batters & Wicketkeeper-Batters
H Davids,CPL,Batsman,2,Low-Recent-Activity Batters & Wicketkeeper-Batters
H Kerr,BBL,All-Rounder,0,Elite Bowlers & Bowling All-Rounders
H Kerr,T20_Blast,Bowler,0,Elite Bowlers & Bowling All-Rounders
H Klaasen,IPL,Wicketkeeper-Batsman,3,Elite Established Batters
HC Brook,IPL,Batsman,3,Elite Established Batters
HC Brook,T20_Blast,Batsman,3,Elite Established Batters
HD Rutherford,T20_Blast,Batsman,3,Elite Established Batters
HD Ward,T20_Blast,Batsman,3,Elite Established Batters
HE Dearden,T20_Blast,Batsman,2,Low-Recent-Activity Batters & Wicketkeeper-Batters
HE van der Dussen,PSL,Batsman,3,Elite Established Batters
HF Gurney,BBL,Bowler,1,Developing Bowlers & Bowling All-Rounders
HF Gurney,T20_Blast,Bowler,1,Developing Bowlers & Bowling All-Rounders
HG Kuhn,T20_Blast,Batsman,2,Low-Recent-Activity Batters & Wicketkeeper-Batters
HH Gibbs,BBL,Batsman,2,Low-Recent-Activity Batters & Wicketkeeper-Batters
HH Gibbs,IPL,Batsman,2,Low-Recent-Activity Batters & Wicketkeeper-Batters
HH Pandya,IPL,All-Rounder,3,Elite Established Batters
HJ Nielsen,BBL,Wicketkeeper-Batsman,3,Elite Established Batters
HJ Swindells,T20_Blast,Wicketkeeper-Batsman,3,Elite Established Batters
HJH Brookes,T20_Blast,All-Rounder,0,Elite Bowlers & Bowling All-Rounders
HJH Marshall,T20_Blast,Batsman,2,Low-Recent-Activity Batters & Wicketkeeper-Batters
HM Amla,CPL,Batsman,2,Low-Recent-Activity Batters & Wicketkeeper-Batters
HM Amla,IPL,Batsman,2,Low-Recent-Activity Batters & Wicketkeeper-Batters
HM Amla,T20_Blast,Batsman,2,Low-Recent-Activity Batters & Wicketkeeper-Batters
HNA Conway,BBL,Bowler,1,Developing Bowlers & Bowling All-Rounders
HR Shokeen,IPL,Bowler,1,Developing Bowlers & Bowling All-Rounders
HR Walsh,CPL,Bowler,0,Elite Bowlers & Bowling All-Rounders
HR Walsh,T20_Blast,Bowler,1,Developing Bowlers & Bowling All-Rounders
HRC Came,T20_Blast,Batsman,3,Elite Established Batters
HT Crocombe,T20_Blast,Bowler,1,Developing Bowlers & Bowling All-Rounders
HTRY Thornton,BBL,Bowler,0,Elite Bowlers & Bowling All-Rounders
HV Patel,IPL,Bowler,0,Elite Bowlers & Bowling All-Rounders
HW Podmore,T20_Blast,Bowler,1,Developing Bowlers & Bowling All-Rounders
HWR Cartwright,BBL,Batsman,3,Elite Established Batters
HZ Finch,T20_Blast,Batsman,2,Low-Recent-Activity Batters & Wicketkeeper-Batters
Haider Ali,PSL,Batsman,3,Elite Established Batters
Haider Ali,T20_Blast,Batsman,3,Elite Established Batters
Hammad Azam,PSL,Batsman,2,Low-Recent-Activity Batters & Wicketkeeper-Batters
Harbhajan Singh,IPL,All-Rounder,0,Elite Bowlers & Bowling All-Rounders
Haris Rauf,BBL,Bowler,1,Developing Bowlers & Bowling All-Rounders
Haris Rauf,PSL,Bowler,0,Elite Bowlers & Bowling All-Rounders
Haris Sohail,PSL,Batsman,2,Low-Recent-Activity Batters & Wicketkeeper-Batters
Harmeet Singh,IPL,Bowler,1,Developing Bowlers & Bowling All-Rounders
Harpreet Brar,IPL,All-Rounder,0,Elite Bowlers & Bowling All-Rounders
Harshit Rana,IPL,Bowler,1,Developing Bowlers & Bowling All-Rounders
Hasan Ali,PSL,Bowler,0,Elite Bowlers & Bowling All-Rounders
Hasan Ali,T20_Blast,Bowler,0,Elite Bowlers & Bowling All-Rounders
Haseebullah Khan,PSL,Batsman,3,Elite Established Batters
Hassan Khan,PSL,Bowler,1,Developing Bowlers & Bowling All-Rounders
Hazratullah,PSL,Batsman,3,Elite Established Batters
Hussain Talat,PSL,Batsman,0,Elite Bowlers & Bowling All-Rounders
I Khan,CPL,Bowler,1,Developing Bowlers & Bowling All-Rounders
I Sharma,IPL,Bowler,0,Elite Bowlers & Bowling All-Rounders
I Udana,IPL,Bowler,1,Developing Bowlers & Bowling All-Rounders
IA Cockbain,T20_Blast,Batsman,3,Elite Established Batters
IAA Thomas,T20_Blast,Bowler,1,Developing Bowlers & Bowling All-Rounders
IC Pandey,IPL,Bowler,1,Developing Bowlers & Bowling All-Rounders
IG Holland,T20_Blast,Batsman,2,Low-Recent-Activity Batters & Wicketkeeper-Batters
IK Pathan,IPL,All-Rounder,0,Elite Bowlers & Bowling All-Rounders
IR Bell,T20_Blast,Batsman,2,Low-Recent-Activity Batters & Wicketkeeper-Batters
IS Sodhi,T20_Blast,Bowler,0,Elite Bowlers & Bowling All-Rounders
Iftikhar Ahmed,PSL,All-Rounder,3,Elite Established Batters
Ihsanullah,PSL,Bowler,1,Developing Bowlers & Bowling All-Rounders
Imad Wasim,BBL,All-Rounder,1,Developing Bowlers & Bowling All-Rounders
Imad Wasim,CPL,All-Rounder,0,Elite Bowlers & Bowling All-Rounders
Imad Wasim,PSL,All-Rounder,0,Elite Bowlers & Bowling All-Rounders
Imad Wasim,T20_Blast,All-Rounder,0,Elite Bowlers & Bowling All-Rounders
Imam-ul-Haq,PSL,Batsman,2,Low-Recent-Activity Batters & Wicketkeeper-Batters
Imran Khalid,PSL,Bowler,1,Developing Bowlers & Bowling All-Rounders
Imran Qayyum,T20_Blast,Bowler,1,Developing Bowlers & Bowling All-Rounders
Imran Tahir,CPL,Bowler,0,Elite Bowlers & Bowling All-Rounders
Imran Tahir,IPL,Bowler,1,Developing Bowlers & Bowling All-Rounders
Imran Tahir,PSL,Bowler,0,Elite Bowlers & Bowling All-Rounders
Imran Tahir,T20_Blast,Bowler,1,Developing Bowlers & Bowling All-Rounders
Iqbal Abdulla,IPL,Bowler,2,Low-Recent-Activity Batters & Wicketkeeper-Batters
Irfan Khan,PSL,Batsman,3,Elite Established Batters
Ishan Kishan,IPL,Wicketkeeper-Batsman,3,Elite Established Batters
J Allenby,T20_Blast,All-Rounder,2,Low-Recent-Activity Batters & Wicketkeeper-Batters
J Avendano,BBL,Batsman,2,Low-Recent-Activity Batters & Wicketkeeper-Batters
J Bishop,CPL,Bowler,3,Elite Established Batters
J Blackwood,CPL,Batsman,2,Low-Recent-Activity Batters & Wicketkeeper-Batters
J Botha,BBL,All-Rounder,2,Low-Recent-Activity Batters & Wicketkeeper-Batters
J Botha,CPL,Bowler,1,Developing Bowlers & Bowling All-Rounders
J Botha,IPL,All-Rounder,1,Developing Bowlers & Bowling All-Rounders
J Brown,BBL,Batsman,3,Elite Established Batters
J Charles,CPL,Wicketkeeper-Batsman,3,Elite Established Batters
J Charles,PSL,Wicketkeeper-Batsman,3,Elite Established Batters
J Clark,T20_Blast,All-Rounder,0,Elite Bowlers & Bowling All-Rounders
J Da Silva,CPL,Wicketkeeper-Batsman,3,Elite Established Batters
J Edwards,BBL,All-Rounder,0,Elite Bowlers & Bowling All-Rounders
J Fraser-McGurk,BBL,Batsman,3,Elite Established Batters
J Glen,CPL,Bowler,1,Developing Bowlers & Bowling All-Rounders
J Hull,T20_Blast,Bowler,0,Elite Bowlers & Bowling All-Rounders
J Leach,T20_Blast,All-Rounder,1,Developing Bowlers & Bowling All-Rounders
J Little,IPL,Bowler,1,Developing Bowlers & Bowling All-Rounders
J Merlo,BBL,Batsman,1,Developing Bowlers & Bowling All-Rounders
J Overton,BBL,Bowler,0,Elite Bowlers & Bowling All-Rounders
J Overton,T20_Blast,All-Rounder,0,Elite Bowlers & Bowling All-Rounders
J Royal,CPL,Bowler,1,Developing Bowlers & Bowling All-Rounders
J Seymour,BBL,Batsman,3,Elite Established Batters
J Shaw,T20_Blast,Bowler,0,Elite Bowlers & Bowling All-Rounders
J Suchith,IPL,Bowler,1,Developing Bowlers & Bowling All-Rounders
J Syed Mohammad,IPL,Bowler,1,Developing Bowlers & Bowling All-Rounders
J Theron,CPL,Bowler,1,Developing Bowlers & Bowling All-Rounders
J Theron,IPL,Bowler,1,Developing Bowlers & Bowling All-Rounders
J Weatherald,BBL,Batsman,3,Elite Established Batters
J Yadav,IPL,Bowler,1,Developing Bowlers & Bowling All-Rounders
JA Brooks,T20_Blast,Bowler,1,Developing Bowlers & Bowling All-Rounders
JA Burns,BBL,Batsman,3,Elite Established Batters
JA Chohan,T20_Blast,Bowler,0,Elite Bowlers & Bowling All-Rounders
JA Foo,CPL,Batsman,2,Low-Recent-Activity Batters & Wicketkeeper-Batters
JA Haynes,T20_Blast,Batsman,3,Elite Established Batters
JA Leaning,T20_Blast,All-Rounder,3,Elite Established Batters
JA Morkel,IPL,All-Rounder,0,Elite Bowlers & Bowling All-Rounders
JA Porter,T20_Blast,Bowler,1,Developing Bowlers & Bowling All-Rounders
JA Prestwidge,BBL,Bowler,0,Elite Bowlers & Bowling All-Rounders
JA Richardson,BBL,Bowler,0,Elite Bowlers & Bowling All-Rounders
JA Rudolph,T20_Blast,Batsman,2,Low-Recent-Activity Batters & Wicketkeeper-Batters
JA Simpson,T20_Blast,Wicketkeeper-Batsman,3,Elite Established Batters
JA Sinclair,CPL,Bowler,2,Low-Recent-Activity Batters & Wicketkeeper-Batters
JA Tattersall,T20_Blast,Wicketkeeper-Batsman,3,Elite Established Batters
JA Thompson,T20_Blast,All-Rounder,0,Elite Bowlers & Bowling All-Rounders
JA Turner,T20_Blast,Bowler,1,Developing Bowlers & Bowling All-Rounders
JAR Harris,T20_Blast,Bowler,1,Developing Bowlers & Bowling All-Rounders
JB Cracknell,T20_Blast,Batsman,3,Elite Established Batters
JB Lintott,T20_Blast,Bowler,0,Elite Bowlers & Bowling All-Rounders
JC Archer,BBL,Bowler,1,Developing Bowlers & Bowling All-Rounders
JC Archer,IPL,All-Rounder,0,Elite Bowlers & Bowling All-Rounders
JC Archer,T20_Blast,Bowler,0,Elite Bowlers & Bowling All-Rounders
JC Buttler,BBL,Wicketkeeper-Batsman,2,Low-Recent-Activity Batters & Wicketkeeper-Batters
JC Buttler,IPL,Wicketkeeper-Batsman,3,Elite Established Batters
JC Buttler,T20_Blast,Wicketkeeper-Batsman,3,Elite Established Batters
JC Hildreth,T20_Blast,Batsman,2,Low-Recent-Activity Batters & Wicketkeeper-Batters
JC Silk,BBL,Batsman,3,Elite Established Batters
JC Tongue,T20_Blast,Bowler,1,Developing Bowlers & Bowling All-Rounders
JC Tredwell,T20_Blast,Bowler,1,Developing Bowlers & Bowling All-Rounders
JD Cook,BBL,Bowler,1,Developing Bowlers & Bowling All-Rounders
JD Libby,T20_Blast,Batsman,3,Elite Established Batters
JD Ryder,IPL,Batsman,2,Low-Recent-Activity Batters & Wicketkeeper-Batters
JD Ryder,T20_Blast,Batsman,2,Low-Recent-Activity Batters & Wicketkeeper-Batters
JD Shantry,T20_Blast,Bowler,1,Developing Bowlers & Bowling All-Rounders
JD Unadkat,IPL,Bowler,0,Elite Bowlers & Bowling All-Rounders
JD Wildermuth,BBL,All-Rounder,1,Developing Bowlers & Bowling All-Rounders
JDM Evison,T20_Blast,Batsman,0,Elite Bowlers & Bowling All-Rounders
JDP Oram,IPL,Bowler,1,Developing Bowlers & Bowling All-Rounders
JDS Neesham,CPL,Bowler,1,Developing Bowlers & Bowling All-Rounders
JDS Neesham,IPL,Bowler,1,Developing Bowlers & Bowling All-Rounders
JDS Neesham,T20_Blast,All-Rounder,0,Elite Bowlers & Bowling All-Rounders
JE Burke,T20_Blast,Bowler,1,Developing Bowlers & Bowling All-Rounders
JE Poysden,T20_Blast,Bowler,1,Developing Bowlers & Bowling All-Rounders
JE Root,T20_Blast,Batsman,3,Elite Established Batters
JE Taylor,CPL,Bowler,1,Developing Bowlers & Bowling All-Rounders
JE Taylor,T20_Blast,Bowler,2,Low-Recent-Activity Batters & Wicketkeeper-Batters
JEC Franklin,IPL,Batsman,2,Low-Recent-Activity Batters & Wicketkeeper-Batters
JEC Franklin,T20_Blast,All-Rounder,1,Developing Bowlers & Bowling All-Rounders
JG Bethell,T20_Blast,Batsman,3,Elite Established Batters
JG Myburgh,T20_Blast,Batsman,2,Low-Recent-Activity Batters & Wicketkeeper-Batters
JH Davey,T20_Blast,Bowler,0,Elite Bowlers & Bowling All-Rounders
JH Kallis,BBL,Batsman,2,Low-Recent-Activity Batters & Wicketkeeper-Batters
JH Kallis,CPL,Batsman,2,Low-Recent-Activity Batters & Wicketkeeper-Batters
JH Kallis,IPL,All-Rounder,2,Low-Recent-Activity Batters & Wicketkeeper-Batters
JH Plom,T20_Blast,Bowler,1,Developing Bowlers & Bowling All-Rounders
JH Wharton,T20_Blast,Batsman,3,Elite Established Batters
JHK Adams,T20_Blast,Batsman,2,Low-Recent-Activity Batters & Wicketkeeper-Batters
JJ Bazley,BBL,All-Rounder,0,Elite Bowlers & Bowling All-Rounders
JJ Bohannon,T20_Blast,Batsman,2,Low-Recent-Activity Batters & Wicketkeeper-Batters
JJ Bumrah,IPL,Bowler,0,Elite Bowlers & Bowling All-Rounders
JJ Carson,T20_Blast,Bowler,0,Elite Bowlers & Bowling All-Rounders
JJ Cobb,T20_Blast,All-Rounder,3,Elite Established Batters
JJ Peirson,BBL,Wicketkeeper-Batsman,3,Elite Established Batters
JJ Roy,BBL,Batsman,2,Low-Recent-Activity Batters & Wicketkeeper-Batters
JJ Roy,IPL,Batsman,3,Elite Established Batters
JJ Roy,PSL,Batsman,3,Elite Established Batters
JJ Roy,T20_Blast,Batsman,3,Elite Established Batters
JJ Weatherley,T20_Blast,Batsman,3,Elite Established Batters
JJS Sangha,BBL,Batsman,3,Elite Established Batters
JK Fuller,T20_Blast,All-Rounder,0,Elite Bowlers & Bowling All-Rounders
JK Lalor,BBL,Bowler,1,Developing Bowlers & Bowling All-Rounders
JKH Naik,T20_Blast,Bowler,1,Developing Bowlers & Bowling All-Rounders
JL Carter,CPL,Batsman,2,Low-Recent-Activity Batters & Wicketkeeper-Batters
JL Denly,BBL,Batsman,2,Low-Recent-Activity Batters & Wicketkeeper-Batters
JL Denly,PSL,Batsman,2,Low-Recent-Activity Batters & Wicketkeeper-Batters
JL Denly,T20_Blast,All-Rounder,3,Elite Established Batters
JL Jaggesar,CPL,Bowler,1,Developing Bowlers & Bowling All-Rounders
JL Pattinson,BBL,Bowler,1,Developing Bowlers & Bowling All-Rounders
JL Pattinson,IPL,Bowler,1,Developing Bowlers & Bowling All-Rounders
JL Smith,T20_Blast,Wicketkeeper-Batsman,3,Elite Established Batters
JL du Plooy,T20_Blast,Batsman,3,Elite Established Batters
JLB Davies,T20_Blast,Wicketkeeper-Batsman,3,Elite Established Batters
JM Bairstow,IPL,Wicketkeeper-Batsman,3,Elite Established Batters
JM Bairstow,T20_Blast,Wicketkeeper-Batsman,3,Elite Established Batters
JM Bird,BBL,Bowler,0,Elite Bowlers & Bowling All-Rounders
JM Blatherwick,T20_Blast,Bowler,0,Elite Bowlers & Bowling All-Rounders
JM Clarke,BBL,Wicketkeeper-Batsman,3,Elite Established Batters
JM Clarke,PSL,Wicketkeeper-Batsman,3,Elite Established Batters
JM Clarke,T20_Blast,Wicketkeeper-Batsman,3,Elite Established Batters
JM Coles,T20_Blast,All-Rounder,0,Elite Bowlers & Bowling All-Rounders
JM Cox,T20_Blast,Wicketkeeper-Batsman,3,Elite Established Batters
JM De Caires,T20_Blast,Bowler,0,Elite Bowlers & Bowling All-Rounders
JM Holland,BBL,Bowler,1,Developing Bowlers & Bowling All-Rounders
JM Mennie,BBL,Bowler,1,Developing Bowlers & Bowling All-Rounders
JM Sharma,IPL,Wicketkeeper-Batsman,3,Elite Established Batters
JM Vince,BBL,Batsman,3,Elite Established Batters
JM Vince,PSL,Batsman,3,Elite Established Batters
JM Vince,T20_Blast,Batsman,3,Elite Established Batters
JMR Taylor,T20_Blast,Batsman,3,Elite Established Batters
JN Mohammed,CPL,Batsman,2,Low-Recent-Activity Batters & Wicketkeeper-Batters
JNT Seales,CPL,Bowler,0,Elite Bowlers & Bowling All-Rounders
JO Holder,CPL,All-Rounder,0,Elite Bowlers & Bowling All-Rounders
JO Holder,IPL,All-Rounder,0,Elite Bowlers & Bowling All-Rounders
JP Behrendorff,BBL,Bowler,0,Elite Bowlers & Bowling All-Rounders
JP Behrendorff,IPL,Bowler,1,Developing Bowlers & Bowling All-Rounders
JP Behrendorff,T20_Blast,Bowler,0,Elite Bowlers & Bowling All-Rounders
JP Duminy,CPL,Batsman,2,Low-Recent-Activity Batters & Wicketkeeper-Batters
JP Duminy,IPL,All-Rounder,2,Low-Recent-Activity Batters & Wicketkeeper-Batters
JP Faulkner,BBL,All-Rounder,1,Developing Bowlers & Bowling All-Rounders
JP Faulkner,IPL,All-Rounder,1,Developing Bowlers & Bowling All-Rounders
JP Faulkner,PSL,Bowler,0,Elite Bowlers & Bowling All-Rounders
JP Faulkner,T20_Blast,All-Rounder,1,Developing Bowlers & Bowling All-Rounders
JP Greaves,CPL,Batsman,0,Elite Bowlers & Bowling All-Rounders
JP Inglis,BBL,Wicketkeeper-Batsman,3,Elite Established Batters
JP Inglis,T20_Blast,Wicketkeeper-Batsman,2,Low-Recent-Activity Batters & Wicketkeeper-Batters
JP McIlroy,T20_Blast,Bowler,1,Developing Bowlers & Bowling All-Rounders
JP Webb,T20_Blast,Batsman,2,Low-Recent-Activity Batters & Wicketkeeper-Batters
JPR Scantlebury-Searles,CPL,Bowler,1,Developing Bowlers & Bowling All-Rounders
JR Coleman,BBL,Bowler,1,Developing Bowlers & Bowling All-Rounders
JR Dean,BBL,Batsman,2,Low-Recent-Activity Batters & Wicketkeeper-Batters
JR Hazlewood,BBL,Bowler,1,Developing Bowlers & Bowling All-Rounders
JR Hazlewood,IPL,Bowler,1,Developing Bowlers & Bowling All-Rounders
JR Hopes,BBL,All-Rounder,1,Developing Bowlers & Bowling All-Rounders
JR Hopes,IPL,Batsman,2,Low-Recent-Activity Batters & Wicketkeeper-Batters
JR Philippe,BBL,Wicketkeeper-Batsman,3,Elite Established Batters
JS Floros,BBL,Batsman,2,Low-Recent-Activity Batters & Wicketkeeper-Batters
JS Foster,T20_Blast,Wicketkeeper-Batsman,2,Low-Recent-Activity Batters & Wicketkeeper-Batters
JS Lehmann,BBL,Batsman,2,Low-Recent-Activity Batters & Wicketkeeper-Batters
JS Lenton,BBL,Wicketkeeper-Batsman,2,Low-Recent-Activity Batters & Wicketkeeper-Batters
JS Paris,BBL,Bowler,0,Elite Bowlers & Bowling All-Rounders
JS Patel,T20_Blast,Bowler,1,Developing Bowlers & Bowling All-Rounders
JT Ball,T20_Blast,Bowler,0,Elite Bowlers & Bowling All-Rounders
JTA Burnham,T20_Blast,Batsman,1,Developing Bowlers & Bowling All-Rounders
JW Dernbach,T20_Blast,Bowler,1,Developing Bowlers & Bowling All-Rounders
JW Hastings,BBL,Bowler,1,Developing Bowlers & Bowling All-Rounders
JW Hastings,T20_Blast,All-Rounder,2,Low-Recent-Activity Batters & Wicketkeeper-Batters
JW Shutt,T20_Blast,Bowler,1,Developing Bowlers & Bowling All-Rounders
JW Wells,BBL,Batsman,3,Elite Established Batters
JWA Taylor,T20_Blast,Batsman,2,Low-Recent-Activity Batters & Wicketkeeper-Batters
James Bracey,T20_Blast,Wicketkeeper-Batsman,3,Elite Established Batters
James Middlebrook,T20_Blast,Bowler,1,Developing Bowlers & Bowling All-Rounders
Joginder Sharma,IPL,Bowler,1,Developing Bowlers & Bowling All-Rounders
Junaid Khan,PSL,Bowler,1,Developing Bowlers & Bowling All-Rounders
Junaid Khan,T20_Blast,Bowler,1,Developing Bowlers & Bowling All-Rounders
K Alleyne,CPL,Batsman,3,Elite Established Batters
K Goel,IPL,Batsman,2,Low-Recent-Activity Batters & Wicketkeeper-Batters
K Gowtham,IPL,All-Rounder,0,Elite Bowlers & Bowling All-Rounders
K Kartikeya,IPL,Bowler,1,Developing Bowlers & Bowling All-Rounders
K Lewis,CPL,Wicketkeeper-Batsman,3,Elite Established Batters
K Noema-Barnett,T20_Blast,All-Rounder,2,Low-Recent-Activity Batters & Wicketkeeper-Batters
K Pierre,CPL,Bowler,0,Elite Bowlers & Bowling All-Rounders
K Rabada,IPL,Bowler,0,Elite Bowlers & Bowling All-Rounders
K Santokie,CPL,Bowler,1,Developing Bowlers & Bowling All-Rounders
K Sinclair,CPL,Bowler,1,Developing Bowlers & Bowling All-Rounders
KA Pollard,BBL,Batsman,2,Low-Recent-Activity Batters & Wicketkeeper-Batters
KA Pollard,CPL,All-Rounder,3,Elite Established Batters
KA Pollard,IPL,All-Rounder,3,Elite Established Batters
KA Pollard,PSL,All-Rounder,3,Elite Established Batters
KAJ Roach,CPL,Bowler,1,Developing Bowlers & Bowling All-Rounders
KC Cariappa,IPL,Bowler,1,Developing Bowlers & Bowling All-Rounders
KC Sangakkara,BBL,Wicketkeeper-Batsman,2,Low-Recent-Activity Batters & Wicketkeeper-Batters
KC Sangakkara,CPL,Wicketkeeper-Batsman,2,Low-Recent-Activity Batters & Wicketkeeper-Batters
KC Sangakkara,IPL,Wicketkeeper-Batsman,2,Low-Recent-Activity Batters & Wicketkeeper-Batters
KC Sangakkara,PSL,Wicketkeeper-Batsman,2,Low-Recent-Activity Batters & Wicketkeeper-Batters
KC Sangakkara,T20_Blast,Wicketkeeper-Batsman,2,Low-Recent-Activity Batters & Wicketkeeper-Batters
KD Karthik,IPL,Wicketkeeper-Batsman,3,Elite Established Batters
KH Pandya,IPL,All-Rounder,0,Elite Bowlers & Bowling All-Rounders
KHD Barker,T20_Blast,Bowler,1,Developing Bowlers & Bowling All-Rounders
KJ Abbott,T20_Blast,Bowler,1,Developing Bowlers & Bowling All-Rounders
KJ Coetzer,T20_Blast,Batsman,2,Low-Recent-Activity Batters & Wicketkeeper-Batters
KJ O'Brien,CPL,Batsman,1,Developing Bowlers & Bowling All-Rounders
KJ O'Brien,T20_Blast,All-Rounder,2,Low-Recent-Activity Batters & Wicketkeeper-Batters
KK Ahmed,IPL,Bowler,1,Developing Bowlers & Bowling All-Rounders
KK Cooper,CPL,All-Rounder,1,Developing Bowlers & Bowling All-Rounders
KK Cooper,IPL,Bowler,1,Developing Bowlers & Bowling All-Rounders
KK Jennings,T20_Blast,All-Rounder,3,Elite Established Batters
KK Nair,IPL,Batsman,3,Elite Established Batters
KL Nagarkoti,IPL,Bowler,1,Developing Bowlers & Bowling All-Rounders
KL Rahul,IPL,Wicketkeeper-Batsman,3,Elite Established Batters
KM Jadhav,IPL,Wicketkeeper-Batsman,3,Elite Established Batters
KM Jarvis,T20_Blast,Bowler,1,Developing Bowlers & Bowling All-Rounders
KMA Paul,CPL,All-Rounder,0,Elite Bowlers & Bowling All-Rounders
KOA Powell,CPL,Batsman,2,Low-Recent-Activity Batters & Wicketkeeper-Batters
KOK Williams,CPL,Bowler,1,Developing Bowlers & Bowling All-Rounders
KP Appanna,IPL,Bowler,1,Developing Bowlers & Bowling All-Rounders
KP Pietersen,BBL,Batsman,2,Low-Recent-Activity Batters & Wicketkeeper-Batters
KP Pietersen,CPL,Batsman,2,Low-Recent-Activity Batters & Wicketkeeper-Batters
KP Pietersen,IPL,Batsman,2,Low-Recent-Activity Batters & Wicketkeeper-Batters
KP Pietersen,PSL,Batsman,2,Low-Recent-Activity Batters & Wicketkeeper-Batters
KP Pietersen,T20_Blast,Batsman,2,Low-Recent-Activity Batters & Wicketkeeper-Batters
KR Brown,T20_Blast,Batsman,2,Low-Recent-Activity Batters & Wicketkeeper-Batters
KR Mayers,CPL,All-Rounder,3,Elite Established Batters
KR Mayers,IPL,Batsman,3,Elite Established Batters
KR Patterson,BBL,Batsman,3,Elite Established Batters
KR Sen,IPL,Bowler,1,Developing Bowlers & Bowling All-Rounders
KS Carlson,T20_Blast,Batsman,3,Elite Established Batters
KS Velani,T20_Blast,Batsman,2,Low-Recent-Activity Batters & Wicketkeeper-Batters
KS Williamson,CPL,Batsman,2,Low-Recent-Activity Batters & Wicketkeeper-Batters
KS Williamson,IPL,Batsman,3,Elite Established Batters
KS Williamson,T20_Blast,Batsman,2,Low-Recent-Activity Batters & Wicketkeeper-Batters
KSA McKenzie,CPL,Batsman,2,Low-Recent-Activity Batters & Wicketkeeper-Batters
KU Carty,CPL,Batsman,3,Elite Established Batters
KV Sharma,IPL,Bowler,0,Elite Bowlers & Bowling All-Rounders
KW Richardson,BBL,Bowler,0,Elite Bowlers & Bowling All-Rounders
KW Richardson,IPL,Bowler,1,Developing Bowlers & Bowling All-Rounders
Kabir Ali,T20_Blast,Bowler,1,Developing Bowlers & Bowling All-Rounders
Kamran Akmal,CPL,Wicketkeeper-Batsman,2,Low-Recent-Activity Batters & Wicketkeeper-Batters
Kamran Akmal,PSL,Wicketkeeper-Batsman,3,Elite Established Batters
Kamran Ghulam,PSL,Batsman,3,Elite Established Batters
Kartik Tyagi,IPL,Bowler,1,Developing Bowlers & Bowling All-Rounders
Kashif Ali,T20_Blast,Batsman,3,Elite Established Batters
Khawaja Nafay,PSL,Batsman,3,Elite Established Batters
Khurram Shahzad,PSL,Bowler,1,Developing Bowlers & Bowling All-Rounders
Khushdil Shah,PSL,All-Rounder,0,Elite Bowlers & Bowling All-Rounders
Kuldeep Yadav,IPL,Bowler,0,Elite Bowlers & Bowling All-Rounders
L Balaji,IPL,Bowler,1,Developing Bowlers & Bowling All-Rounders
L Bowe,BBL,Bowler,1,Developing Bowlers & Bowling All-Rounders
L Gregory,BBL,Batsman,2,Low-Recent-Activity Batters & Wicketkeeper-Batters
L Gregory,PSL,Batsman,2,Low-Recent-Activity Batters & Wicketkeeper-Batters
L Gregory,T20_Blast,All-Rounder,0,Elite Bowlers & Bowling All-Rounders
L Ngidi,IPL,Bowler,1,Developing Bowlers & Bowling All-Rounders
L Pope,BBL,Bowler,1,Developing Bowlers & Bowling All-Rounders
L Ronchi,CPL,Wicketkeeper-Batsman,2,Low-Recent-Activity Batters & Wicketkeeper-Batters
L Ronchi,PSL,Wicketkeeper-Batsman,2,Low-Recent-Activity Batters & Wicketkeeper-Batters
L Ronchi,T20_Blast,Wicketkeeper-Batsman,2,Low-Recent-Activity Batters & Wicketkeeper-Batters
L Trevaskis,T20_Blast,All-Rounder,0,Elite Bowlers & Bowling All-Rounders
L Wood,BBL,Bowler,1,Developing Bowlers & Bowling All-Rounders
L Wood,PSL,Bowler,0,Elite Bowlers & Bowling All-Rounders
L Wood,T20_Blast,Bowler,0,Elite Bowlers & Bowling All-Rounders
LA Dawson,PSL,All-Rounder,0,Elite Bowlers & Bowling All-Rounders
LA Dawson,T20_Blast,All-Rounder,0,Elite Bowlers & Bowling All-Rounders
LA Doran,BBL,Bowler,1,Developing Bowlers & Bowling All-Rounders
LA Pomersbach,BBL,Batsman,2,Low-Recent-Activity Batters & Wicketkeeper-Batters
LA Pomersbach,IPL,Batsman,2,Low-Recent-Activity Batters & Wicketkeeper-Batters
LA Procter,T20_Blast,Batsman,1,Developing Bowlers & Bowling All-Rounders
LBK Hollman,T20_Blast,All-Rounder,0,Elite Bowlers & Bowling All-Rounders
LC Hatcher,BBL,Bowler,0,Elite Bowlers & Bowling All-Rounders
LC Norwell,T20_Blast,Bowler,1,Developing Bowlers & Bowling All-Rounders
LD McManus,T20_Blast,Wicketkeeper-Batsman,3,Elite Established Batters
LE Plunkett,T20_Blast,All-Rounder,1,Developing Bowlers & Bowling All-Rounders
LH Ferguson,IPL,Bowler,0,Elite Bowlers & Bowling All-Rounders
LH Ferguson,T20_Blast,Bowler,1,Developing Bowlers & Bowling All-Rounders
LJ Evans,BBL,Batsman,3,Elite Established Batters
LJ Evans,CPL,Batsman,3,Elite Established Batters
LJ Evans,T20_Blast,Batsman,3,Elite Established Batters
LJ Fletcher,T20_Blast,Bowler,0,Elite Bowlers & Bowling All-Rounders
LJ Hill,T20_Blast,Wicketkeeper-Batsman,3,Elite Established Batters
LJ Wright,BBL,Batsman,2,Low-Recent-Activity Batters & Wicketkeeper-Batters
LJ Wright,T20_Blast,Batsman,3,Elite Established Batters
LM Benkenstein,T20_Blast,Batsman,3,Elite Established Batters
LM Reece,T20_Blast,All-Rounder,3,Elite Established Batters
LMP Simmons,CPL,Batsman,2,Low-Recent-Activity Batters & Wicketkeeper-Batters
LMP Simmons,IPL,Batsman,2,Low-Recent-Activity Batters & Wicketkeeper-Batters
LN O'Connor,BBL,Bowler,1,Developing Bowlers & Bowling All-Rounders
LP Goldsworthy,T20_Blast,All-Rounder,0,Elite Bowlers & Bowling All-Rounders
LPJ Kimber,T20_Blast,Batsman,3,Elite Established Batters
LR Morris,BBL,Bowler,1,Developing Bowlers & Bowling All-Rounders
LR Shukla,IPL,All-Rounder,1,Developing Bowlers & Bowling All-Rounders
LRPL Taylor,CPL,Batsman,2,Low-Recent-Activity Batters & Wicketkeeper-Batters
LRPL Taylor,IPL,Batsman,2,Low-Recent-Activity Batters & Wicketkeeper-Batters
LRPL Taylor,T20_Blast,Batsman,2,Low-Recent-Activity Batters & Wicketkeeper-Batters
LS Livingstone,BBL,Batsman,2,Low-Recent-Activity Batters & Wicketkeeper-Batters
LS Livingstone,IPL,All-Rounder,3,Elite Established Batters
LS Livingstone,PSL,Batsman,2,Low-Recent-Activity Batters & Wicketkeeper-Batters
LS Livingstone,T20_Blast,All-Rounder,0,Elite Bowlers & Bowling All-Rounders
LV van Beek,T20_Blast,Bowler,1,Developing Bowlers & Bowling All-Rounders
LW Feldman,BBL,Bowler,1,Developing Bowlers & Bowling All-Rounders
LW James,T20_Blast,Batsman,1,Developing Bowlers & Bowling All-Rounders
LWP Wells,T20_Blast,All-Rounder,0,Elite Bowlers & Bowling All-Rounders
Lalit Yadav,IPL,Batsman,1,Developing Bowlers & Bowling All-Rounders
M Ashwin,IPL,Bowler,1,Developing Bowlers & Bowling All-Rounders
M Bryant,BBL,Batsman,3,Elite Established Batters
M Carter,T20_Blast,Bowler,0,Elite Bowlers & Bowling All-Rounders
M Deyal,CPL,All-Rounder,3,Elite Established Batters
M Gilkes,BBL,Batsman,3,Elite Established Batters
M Jansen,IPL,Bowler,1,Developing Bowlers & Bowling All-Rounders
M Kaif,IPL,Batsman,2,Low-Recent-Activity Batters & Wicketkeeper-Batters
M Kartik,IPL,Bowler,1,Developing Bowlers & Bowling All-Rounders
M Kelly,BBL,Bowler,0,Elite Bowlers & Bowling All-Rounders
M Klinger,BBL,Batsman,2,Low-Recent-Activity Batters & Wicketkeeper-Batters
M Klinger,T20_Blast,Batsman,2,Low-Recent-Activity Batters & Wicketkeeper-Batters
M Labuschagne,BBL,Batsman,3,Elite Established Batters
M Labuschagne,T20_Blast,All-Rounder,0,Elite Bowlers & Bowling All-Rounders
M Manhas,IPL,Batsman,2,Low-Recent-Activity Batters & Wicketkeeper-Batters
M Markande,IPL,Bowler,0,Elite Bowlers & Bowling All-Rounders
M Montgomery,T20_Blast,Batsman,3,Elite Established Batters
M Morkel,IPL,Bowler,1,Developing Bowlers & Bowling All-Rounders
M Muralitharan,BBL,Bowler,1,Developing Bowlers & Bowling All-Rounders
M Muralitharan,IPL,Bowler,1,Developing Bowlers & Bowling All-Rounders
M Pathirana,IPL,Bowler,1,Developing Bowlers & Bowling All-Rounders
M Prasidh Krishna,IPL,Bowler,1,Developing Bowlers & Bowling All-Rounders
M Pretorius,CPL,Bowler,1,Developing Bowlers & Bowling All-Rounders
M Rawat,IPL,Batsman,2,Low-Recent-Activity Batters & Wicketkeeper-Batters
M Shahrukh Khan,IPL,Batsman,3,Elite Established Batters
M Theekshana,CPL,Bowler,1,Developing Bowlers & Bowling All-Rounders
M Theekshana,IPL,Bowler,1,Developing Bowlers & Bowling All-Rounders
M Vijay,IPL,Batsman,2,Low-Recent-Activity Batters & Wicketkeeper-Batters
M Vohra,IPL,Batsman,3,Elite Established Batters
M Wright,BBL,Batsman,3,Elite Established Batters
M de Lange,CPL,Bowler,1,Developing Bowlers & Bowling All-Rounders
M de Lange,T20_Blast,Bowler,0,Elite Bowlers & Bowling All-Rounders
MA Agarwal,IPL,Batsman,3,Elite Established Batters
MA Beer,BBL,Bowler,1,Developing Bowlers & Bowling All-Rounders
MA Carberry,BBL,Batsman,2,Low-Recent-Activity Batters & Wicketkeeper-Batters
MA Carberry,T20_Blast,Batsman,2,Low-Recent-Activity Batters & Wicketkeeper-Batters
MA Jones,T20_Blast,Batsman,3,Elite Established Batters
MA Starc,BBL,Bowler,1,Developing Bowlers & Bowling All-Rounders
MA Starc,IPL,Bowler,0,Elite Bowlers & Bowling All-Rounders
MA Wallace,T20_Blast,Wicketkeeper-Batsman,2,Low-Recent-Activity Batters & Wicketkeeper-Batters
MA Wood,T20_Blast,Bowler,1,Developing Bowlers & Bowling All-Rounders
MAG Boyce,T20_Blast,Batsman,2,Low-Recent-Activity Batters & Wicketkeeper-Batters
MC Henriques,BBL,All-Rounder,3,Elite Established Batters
MC Henriques,IPL,All-Rounder,2,Low-Recent-Activity Batters & Wicketkeeper-Batters
MD Fisher,T20_Blast,Bowler,1,Developing Bowlers & Bowling All-Rounders
MD Mishra,IPL,Batsman,2,Low-Recent-Activity Batters & Wicketkeeper-Batters
MD Stoneman,T20_Blast,Batsman,2,Low-Recent-Activity Batters & Wicketkeeper-Batters
MD Taylor,T20_Blast,Bowler,0,Elite Bowlers & Bowling All-Rounders
MDE Holden,T20_Blast,Batsman,3,Elite Established Batters
ME Claydon,T20_Blast,Bowler,1,Developing Bowlers & Bowling All-Rounders
ME Milnes,T20_Blast,Bowler,0,Elite Bowlers & Bowling All-Rounders
ME Trescothick,T20_Blast,Batsman,2,Low-Recent-Activity Batters & Wicketkeeper-Batters
MEK Hussey,BBL,Batsman,2,Low-Recent-Activity Batters & Wicketkeeper-Batters
MEK Hussey,IPL,Batsman,2,Low-Recent-Activity Batters & Wicketkeeper-Batters
MET Salisbury,T20_Blast,Bowler,1,Developing Bowlers & Bowling All-Rounders
MF Hurst,T20_Blast,Batsman,3,Elite Established Batters
MF Maharoof,IPL,Bowler,1,Developing Bowlers & Bowling All-Rounders
MG Hogan,T20_Blast,Bowler,0,Elite Bowlers & Bowling All-Rounders
MG Johnson,BBL,Bowler,1,Developing Bowlers & Bowling All-Rounders
MG Johnson,IPL,All-Rounder,1,Developing Bowlers & Bowling All-Rounders
MG Neser,BBL,All-Rounder,0,Elite Bowlers & Bowling All-Rounders
MG Neser,T20_Blast,Bowler,0,Elite Bowlers & Bowling All-Rounders
MGK Burgess,T20_Blast,Wicketkeeper-Batsman,3,Elite Established Batters
MH McKiernan,T20_Blast,All-Rounder,0,Elite Bowlers & Bowling All-Rounders
MH Wessels,T20_Blast,Batsman,2,Low-Recent-Activity Batters & Wicketkeeper-Batters
MH Yardy,T20_Blast,Bowler,1,Developing Bowlers & Bowling All-Rounders
MJ Cosgrove,T20_Blast,Batsman,2,Low-Recent-Activity Batters & Wicketkeeper-Batters
MJ Guptill,BBL,Batsman,2,Low-Recent-Activity Batters & Wicketkeeper-Batters
MJ Guptill,CPL,Batsman,3,Elite Established Batters
MJ Guptill,IPL,Batsman,2,Low-Recent-Activity Batters & Wicketkeeper-Batters
MJ Guptill,PSL,Batsman,3,Elite Established Batters
MJ Guptill,T20_Blast,Batsman,2,Low-Recent-Activity Batters & Wicketkeeper-Batters
MJ Henry,T20_Blast,Bowler,0,Elite Bowlers & Bowling All-Rounders
MJ Lumb,BBL,Batsman,2,Low-Recent-Activity Batters & Wicketkeeper-Batters
MJ Lumb,IPL,Batsman,2,Low-Recent-Activity Batters & Wicketkeeper-Batters
MJ Lumb,T20_Blast,Batsman,2,Low-Recent-Activity Batters & Wicketkeeper-Batters
MJ McClenaghan,BBL,Bowler,1,Developing Bowlers & Bowling All-Rounders
MJ McClenaghan,CPL,Bowler,1,Developing Bowlers & Bowling All-Rounders
MJ McClenaghan,IPL,Bowler,1,Developing Bowlers & Bowling All-Rounders
MJ North,BBL,Batsman,2,Low-Recent-Activity Batters & Wicketkeeper-Batters
MJ North,T20_Blast,Batsman,2,Low-Recent-Activity Batters & Wicketkeeper-Batters
MJ Owen,BBL,Batsman,3,Elite Established Batters
MJ Potts,T20_Blast,Bowler,0,Elite Bowlers & Bowling All-Rounders
MJ Richardson,T20_Blast,Batsman,2,Low-Recent-Activity Batters & Wicketkeeper-Batters
MJ Santner,IPL,Bowler,1,Developing Bowlers & Bowling All-Rounders
MJ Santner,T20_Blast,All-Rounder,0,Elite Bowlers & Bowling All-Rounders
MJ Swepson,BBL,Bowler,0,Elite Bowlers & Bowling All-Rounders
MJ Waite,T20_Blast,All-Rounder,0,Elite Bowlers & Bowling All-Rounders
MJJ Critchley,T20_Blast,All-Rounder,0,Elite Bowlers & Bowling All-Rounders
MK Andersson,T20_Blast,All-Rounder,0,Elite Bowlers & Bowling All-Rounders
MK Lomror,IPL,Batsman,3,Elite Established Batters
MK O'Riordan,T20_Blast,Bowler,0,Elite Bowlers & Bowling All-Rounders
MK Pandey,IPL,Batsman,3,Elite Established Batters
MK Tiwary,IPL,Batsman,2,Low-Recent-Activity Batters & Wicketkeeper-Batters
ML Hayden,IPL,Batsman,2,Low-Recent-Activity Batters & Wicketkeeper-Batters
ML Pettini,T20_Blast,Batsman,2,Low-Recent-Activity Batters & Wicketkeeper-Batters
ML Revis,T20_Blast,All-Rounder,0,Elite Bowlers & Bowling All-Rounders
MM Ali,CPL,Bowler,0,Elite Bowlers & Bowling All-Rounders
MM Ali,IPL,All-Rounder,0,Elite Bowlers & Bowling All-Rounders
MM Ali,T20_Blast,All-Rounder,0,Elite Bowlers & Bowling All-Rounders
MM Patel,IPL,Bowler,1,Developing Bowlers & Bowling All-Rounders
MM Sharma,IPL,Bowler,0,Elite Bowlers & Bowling All-Rounders
MN Samuels,CPL,All-Rounder,2,Low-Recent-Activity Batters & Wicketkeeper-Batters
MN Samuels,IPL,Bowler,1,Developing Bowlers & Bowling All-Rounders
MNW Spriegel,T20_Blast,Batsman,1,Developing Bowlers & Bowling All-Rounders
MP Breetzke,T20_Blast,Batsman,3,Elite Established Batters
MP Dunn,T20_Blast,Bowler,0,Elite Bowlers & Bowling All-Rounders
MP Kuhnemann,BBL,Bowler,1,Developing Bowlers & Bowling All-Rounders
MP Stoinis,BBL,All-Rounder,3,Elite Established Batters
MP Stoinis,IPL,All-Rounder,3,Elite Established Batters
MR Marsh,BBL,All-Rounder,2,Low-Recent-Activity Batters & Wicketkeeper-Batters
MR Marsh,IPL,All-Rounder,0,Elite Bowlers & Bowling All-Rounders
MR Quinn,T20_Blast,Bowler,1,Developing Bowlers & Bowling All-Rounders
MRJ Watt,T20_Blast,Bowler,1,Developing Bowlers & Bowling All-Rounders
MS Bisla,IPL,Wicketkeeper-Batsman,2,Low-Recent-Activity Batters & Wicketkeeper-Batters
MS Crane,T20_Blast,Bowler,0,Elite Bowlers & Bowling All-Rounders
MS Dhoni,IPL,Wicketkeeper-Batsman,3,Elite Established Batters
MS Gony,IPL,Bowler,1,Developing Bowlers & Bowling All-Rounders
MS Harris,BBL,Batsman,2,Low-Recent-Activity Batters & Wicketkeeper-Batters
MS Pepper,T20_Blast,Batsman,3,Elite Established Batters
MS Wade,BBL,Wicketkeeper-Batsman,3,Elite Established Batters
MS Wade,IPL,Wicketkeeper-Batsman,2,Low-Recent-Activity Batters & Wicketkeeper-Batters
MT Coles,T20_Blast,All-Rounder,1,Developing Bowlers & Bowling All-Rounders
MT Renshaw,BBL,Batsman,3,Elite Established Batters
MT Stanley,T20_Blast,Bowler,1,Developing Bowlers & Bowling All-Rounders
MT Steketee,BBL,Bowler,0,Elite Bowlers & Bowling All-Rounders
MTC Waller,T20_Blast,Bowler,1,Developing Bowlers & Bowling All-Rounders
MV Boucher,IPL,Wicketkeeper-Batsman,2,Low-Recent-Activity Batters & Wicketkeeper-Batters
MW Forde,CPL,Bowler,0,Elite Bowlers & Bowling All-Rounders
MW Harvey,BBL,Batsman,3,Elite Established Batters
MW Hill,BBL,Batsman,2,Low-Recent-Activity Batters & Wicketkeeper-Batters
MW Machan,T20_Blast,Batsman,2,Low-Recent-Activity Batters & Wicketkeeper-Batters
MW Parkinson,T20_Blast,Bowler,0,Elite Bowlers & Bowling All-Rounders
MW Pillans,T20_Blast,Bowler,1,Developing Bowlers & Bowling All-Rounders
MW Short,BBL,All-Rounder,3,Elite Established Batters
Mahmudullah,CPL,Bowler,1,Developing Bowlers & Bowling All-Rounders
Mandeep Singh,IPL,Batsman,3,Elite Established Batters
Miles Hammond,T20_Blast,Batsman,3,Elite Established Batters
Mir Hamza,PSL,Bowler,1,Developing Bowlers & Bowling All-Rounders
Mirza Baig,PSL,Batsman,3,Elite Established Batters
Misbah-ul-Haq,CPL,Batsman,2,Low-Recent-Activity Batters & Wicketkeeper-Batters
Misbah-ul-Haq,PSL,Batsman,2,Low-Recent-Activity Batters & Wicketkeeper-Batters
Mohammad Ali,PSL,Bowler,1,Developing Bowlers & Bowling All-Rounders
Mohammad Amir,CPL,Bowler,1,Developing Bowlers & Bowling All-Rounders
Mohammad Amir,PSL,Bowler,0,Elite Bowlers & Bowling All-Rounders
Mohammad Amir,T20_Blast,Bowler,0,Elite Bowlers & Bowling All-Rounders
Mohammad Asghar,PSL,Bowler,1,Developing Bowlers & Bowling All-Rounders
Mohammad Hafeez,CPL,All-Rounder,1,Developing Bowlers & Bowling All-Rounders
Mohammad Hafeez,PSL,All-Rounder,3,Elite Established Batters
Mohammad Haris,PSL,Batsman,3,Elite Established Batters
Mohammad Hasnain,PSL,Bowler,0,Elite Bowlers & Bowling All-Rounders
Mohammad Ilyas,PSL,Bowler,1,Developing Bowlers & Bowling All-Rounders
Mohammad Imran,PSL,Bowler,1,Developing Bowlers & Bowling All-Rounders
Mohammad Irfan,CPL,Bowler,1,Developing Bowlers & Bowling All-Rounders
Mohammad Irfan,PSL,Bowler,1,Developing Bowlers & Bowling All-Rounders
Mohammad Irfan (4),PSL,Bowler,1,Developing Bowlers & Bowling All-Rounders
Mohammad Nabi,BBL,All-Rounder,2,Low-Recent-Activity Batters & Wicketkeeper-Batters
Mohammad Nabi,CPL,All-Rounder,0,Elite Bowlers & Bowling All-Rounders
Mohammad Nabi,IPL,All-Rounder,1,Developing Bowlers & Bowling All-Rounders
Mohammad Nabi,PSL,All-Rounder,3,Elite Established Batters
Mohammad Nabi,T20_Blast,All-Rounder,2,Low-Recent-Activity Batters & Wicketkeeper-Batters
Mohammad Nawaz,PSL,All-Rounder,0,Elite Bowlers & Bowling All-Rounders
Mohammad Nawaz (3),PSL,All-Rounder,1,Developing Bowlers & Bowling All-Rounders
Mohammad Rizwan,PSL,Wicketkeeper-Batsman,3,Elite Established Batters
Mohammad Sami,CPL,Bowler,1,Developing Bowlers & Bowling All-Rounders
Mohammad Sami,PSL,Bowler,1,Developing Bowlers & Bowling All-Rounders
Mohammad Umar,PSL,Bowler,1,Developing Bowlers & Bowling All-Rounders
Mohammad Wasim,PSL,Bowler,0,Elite Bowlers & Bowling All-Rounders
Mohammed Shami,IPL,Bowler,0,Elite Bowlers & Bowling All-Rounders
Mohammed Siraj,IPL,Bowler,0,Elite Bowlers & Bowling All-Rounders
Mohsin Khan,IPL,Bowler,1,Developing Bowlers & Bowling All-Rounders
Mubasir Khan,PSL,Batsman,1,Developing Bowlers & Bowling All-Rounders
Muhammad Musa,PSL,Bowler,0,Elite Bowlers & Bowling All-Rounders
Mujeeb Ur Rahman,BBL,Bowler,1,Developing Bowlers & Bowling All-Rounders
Mujeeb Ur Rahman,CPL,Bowler,0,Elite Bowlers & Bowling All-Rounders
Mujeeb Ur Rahman,IPL,Bowler,1,Developing Bowlers & Bowling All-Rounders
Mujeeb Ur Rahman,PSL,Bowler,1,Developing Bowlers & Bowling All-Rounders
Mujeeb Ur Rahman,T20_Blast,Bowler,1,Developing Bowlers & Bowling All-Rounders
Mukesh Choudhary,IPL,Bowler,1,Developing Bowlers & Bowling All-Rounders
Mukesh Kumar,IPL,Bowler,1,Developing Bowlers & Bowling All-Rounders
Mustafizur Rahman,IPL,Bowler,1,Developing Bowlers & Bowling All-Rounders
N Jagadeesan,IPL,Batsman,2,Low-Recent-Activity Batters & Wicketkeeper-Batters
N McAndrew,BBL,All-Rounder,0,Elite Bowlers & Bowling All-Rounders
N McAndrew,T20_Blast,Bowler,0,Elite Bowlers & Bowling All-Rounders
N Pooran,CPL,Wicketkeeper-Batsman,3,Elite Established Batters
N Pooran,IPL,Wicketkeeper-Batsman,3,Elite Established Batters
N Rana,IPL,Batsman,3,Elite Established Batters
N Saini,IPL,Batsman,2,Low-Recent-Activity Batters & Wicketkeeper-Batters
N Wadhera,IPL,Batsman,3,Elite Established Batters
NA Gordon,CPL,Bowler,1,Developing Bowlers & Bowling All-Rounders
NA McSweeney,BBL,Batsman,0,Elite Bowlers & Bowling All-Rounders
NA Sowter,T20_Blast,Bowler,0,Elite Bowlers & Bowling All-Rounders
NB Cornwell,T20_Blast,Bowler,1,Developing Bowlers & Bowling All-Rounders
NCR Larkin,BBL,Batsman,3,Elite Established Batters
ND Stewart,CPL,Bowler,1,Developing Bowlers & Bowling All-Rounders
NE Bonner,CPL,Batsman,2,Low-Recent-Activity Batters & Wicketkeeper-Batters
NJ Dexter,T20_Blast,All-Rounder,1,Developing Bowlers & Bowling All-Rounders
NJ Maddinson,BBL,Batsman,3,Elite Established Batters
NJ Maddinson,T20_Blast,Batsman,2,Low-Recent-Activity Batters & Wicketkeeper-Batters
NJ O'Brien,T20_Blast,Wicketkeeper-Batsman,2,Low-Recent-Activity Batters & Wicketkeeper-Batters
NJ Reardon,BBL,Batsman,2,Low-Recent-Activity Batters & Wicketkeeper-Batters
NJ Rimmington,BBL,Bowler,1,Developing Bowlers & Bowling All-Rounders
NJ Rimmington,T20_Blast,Bowler,1,Developing Bowlers & Bowling All-Rounders
NJ Selman,T20_Blast,Batsman,2,Low-Recent-Activity Batters & Wicketkeeper-Batters
NL Buck,T20_Blast,Bowler,0,Elite Bowlers & Bowling All-Rounders
NLJ Browne,T20_Blast,Batsman,2,Low-Recent-Activity Batters & Wicketkeeper-Batters
NLTC Perera,CPL,Bowler,1,Developing Bowlers & Bowling All-Rounders
NLTC Perera,IPL,All-Rounder,1,Developing Bowlers & Bowling All-Rounders
NLTC Perera,PSL,Bowler,1,Developing Bowlers & Bowling All-Rounders
NM Coulter-Nile,BBL,All-Rounder,0,Elite Bowlers & Bowling All-Rounders
NM Coulter-Nile,IPL,Bowler,1,Developing Bowlers & Bowling All-Rounders
NM Hauritz,BBL,Bowler,2,Low-Recent-Activity Batters & Wicketkeeper-Batters
NM Lyon,BBL,Bowler,1,Developing Bowlers & Bowling All-Rounders
NO Miller,CPL,Bowler,1,Developing Bowlers & Bowling All-Rounders
NR Hobson,BBL,Batsman,3,Elite Established Batters
NR Welch,T20_Blast,Batsman,3,Elite Established Batters
NRD Compton,T20_Blast,Batsman,2,Low-Recent-Activity Batters & Wicketkeeper-Batters
NRJ Young,CPL,Bowler,1,Developing Bowlers & Bowling All-Rounders
NRT Gubbins,T20_Blast,Batsman,1,Developing Bowlers & Bowling All-Rounders
NT Broom,T20_Blast,Batsman,2,Low-Recent-Activity Batters & Wicketkeeper-Batters
NT Ellis,BBL,All-Rounder,0,Elite Bowlers & Bowling All-Rounders
NT Ellis,IPL,Bowler,1,Developing Bowlers & Bowling All-Rounders
NT Ellis,T20_Blast,Bowler,0,Elite Bowlers & Bowling All-Rounders
NV Ojha,IPL,Wicketkeeper-Batsman,2,Low-Recent-Activity Batters & Wicketkeeper-Batters
Najibullah Zadran,CPL,Batsman,2,Low-Recent-Activity Batters & Wicketkeeper-Batters
Naseem Shah,PSL,Bowler,0,Elite Bowlers & Bowling All-Rounders
Navdeep Saini,IPL,Bowler,0,Elite Bowlers & Bowling All-Rounders
Naveen-ul-Haq,CPL,Bowler,1,Developing Bowlers & Bowling All-Rounders
Naveen-ul-Haq,IPL,Bowler,1,Developing Bowlers & Bowling All-Rounders
Naveen-ul-Haq,PSL,Bowler,0,Elite Bowlers & Bowling All-Rounders
Naveen-ul-Haq,T20_Blast,Bowler,0,Elite Bowlers & Bowling All-Rounders
Nikhil Chaudhary,BBL,Batsman,3,Elite Established Batters
Nithish Kumar Reddy,IPL,Batsman,3,Elite Established Batters
Noor Ahmad,CPL,Bowler,1,Developing Bowlers & Bowling All-Rounders
Noor Ahmad,IPL,Bowler,1,Developing Bowlers & Bowling All-Rounders
O Davies,BBL,Batsman,3,Elite Established Batters
O Thomas,CPL,Bowler,1,Developing Bowlers & Bowling All-Rounders
OA Shah,BBL,Batsman,2,Low-Recent-Activity Batters & Wicketkeeper-Batters
OA Shah,IPL,Batsman,2,Low-Recent-Activity Batters & Wicketkeeper-Batters
OA Shah,T20_Blast,Batsman,2,Low-Recent-Activity Batters & Wicketkeeper-Batters
OB Cox,T20_Blast,Wicketkeeper-Batsman,3,Elite Established Batters
OC McCoy,CPL,Bowler,0,Elite Bowlers & Bowling All-Rounders
OE Robinson,T20_Blast,Bowler,0,Elite Bowlers & Bowling All-Rounders
OF Smith,CPL,All-Rounder,0,Elite Bowlers & Bowling All-Rounders
OG Robinson,T20_Blast,Wicketkeeper-Batsman,3,Elite Established Batters
OJ Carter,T20_Blast,Batsman,2,Low-Recent-Activity Batters & Wicketkeeper-Batters
OJ Hannon-Dalby,T20_Blast,Bowler,1,Developing Bowlers & Bowling All-Rounders
OJ Pope,T20_Blast,Wicketkeeper-Batsman,3,Elite Established Batters
OJ Price,T20_Blast,All-Rounder,0,Elite Bowlers & Bowling All-Rounders
OP Rayner,T20_Blast,Bowler,1,Developing Bowlers & Bowling All-Rounders
OP Stone,T20_Blast,Bowler,0,Elite Bowlers & Bowling All-Rounders
ORT Sale,T20_Blast,Bowler,1,Developing Bowlers & Bowling All-Rounders
P Awana,IPL,Bowler,1,Developing Bowlers & Bowling All-Rounders
P Coughlin,T20_Blast,All-Rounder,0,Elite Bowlers & Bowling All-Rounders
P Dogra,IPL,Batsman,2,Low-Recent-Activity Batters & Wicketkeeper-Batters
P Hatzoglou,BBL,Bowler,1,Developing Bowlers & Bowling All-Rounders
P Hatzoglou,T20_Blast,Bowler,0,Elite Bowlers & Bowling All-Rounders
P Kumar,IPL,Bowler,1,Developing Bowlers & Bowling All-Rounders
P Mustard,T20_Blast,Wicketkeeper-Batsman,2,Low-Recent-Activity Batters & Wicketkeeper-Batters
P Negi,IPL,All-Rounder,1,Developing Bowlers & Bowling All-Rounders
P Simran Singh,IPL,Batsman,3,Elite Established Batters
P Sisodiya,T20_Blast,Bowler,0,Elite Bowlers & Bowling All-Rounders
PA Patel,IPL,Wicketkeeper-Batsman,2,Low-Recent-Activity Batters & Wicketkeeper-Batters
PA Reddy,IPL,Batsman,2,Low-Recent-Activity Batters & Wicketkeeper-Batters
PA van Meekeren,T20_Blast,Bowler,0,Elite Bowlers & Bowling All-Rounders
PBB Rajapaksa,CPL,Batsman,3,Elite Established Batters
PBB Rajapaksa,IPL,Batsman,3,Elite Established Batters
PC Valthaty,IPL,Batsman,2,Low-Recent-Activity Batters & Wicketkeeper-Batters
PD Collingwood,T20_Blast,All-Rounder,2,Low-Recent-Activity Batters & Wicketkeeper-Batters
PD Salt,BBL,Wicketkeeper-Batsman,2,Low-Recent-Activity Batters & Wicketkeeper-Batters
PD Salt,IPL,Wicketkeeper-Batsman,3,Elite Established Batters
PD Salt,PSL,Wicketkeeper-Batsman,2,Low-Recent-Activity Batters & Wicketkeeper-Batters
PD Salt,T20_Blast,Wicketkeeper-Batsman,3,Elite Established Batters
PD Trego,T20_Blast,Batsman,2,Low-Recent-Activity Batters & Wicketkeeper-Batters
PG Dooley,BBL,Bowler,1,Developing Bowlers & Bowling All-Rounders
PI Walter,BBL,Bowler,0,Elite Bowlers & Bowling All-Rounders
PI Walter,T20_Blast,All-Rounder,0,Elite Bowlers & Bowling All-Rounders
PJ Cummins,BBL,Bowler,2,Low-Recent-Activity Batters & Wicketkeeper-Batters
PJ Cummins,IPL,All-Rounder,0,Elite Bowlers & Bowling All-Rounders
PJ Forrest,BBL,Batsman,2,Low-Recent-Activity Batters & Wicketkeeper-Batters
PJ Horton,T20_Blast,Batsman,2,Low-Recent-Activity Batters & Wicketkeeper-Batters
PJ Malan,T20_Blast,Batsman,3,Elite Established Batters
PJ Sangwan,IPL,Bowler,1,Developing Bowlers & Bowling All-Rounders
PK Garg,IPL,Batsman,3,Elite Established Batters
PM Nevill,BBL,Wicketkeeper-Batsman,2,Low-Recent-Activity Batters & Wicketkeeper-Batters
PM Siddle,BBL,Bowler,0,Elite Bowlers & Bowling All-Rounders
PM Siddle,T20_Blast,Bowler,0,Elite Bowlers & Bowling All-Rounders
PP Chawla,IPL,Batsman,0,Elite Bowlers & Bowling All-Rounders
PP Ojha,IPL,Bowler,1,Developing Bowlers & Bowling All-Rounders
PP Shaw,IPL,Batsman,3,Elite Established Batters
PR Brown,T20_Blast,Bowler,0,Elite Bowlers & Bowling All-Rounders
PR Stirling,PSL,Batsman,3,Elite Established Batters
PR Stirling,T20_Blast,All-Rounder,3,Elite Established Batters
PSP Handscomb,BBL,Wicketkeeper-Batsman,2,Low-Recent-Activity Batters & Wicketkeeper-Batters
PSP Handscomb,T20_Blast,Wicketkeeper-Batsman,3,Elite Established Batters
PV Tambe,IPL,Bowler,1,Developing Bowlers & Bowling All-Rounders
PVD Chameera,IPL,Bowler,0,Elite Bowlers & Bowling All-Rounders
PWA Mulder,T20_Blast,Batsman,0,Elite Bowlers & Bowling All-Rounders
PWH de Silva,IPL,Bowler,0,Elite Bowlers & Bowling All-Rounders
Pankaj Singh,IPL,Bowler,1,Developing Bowlers & Bowling All-Rounders
Parvez Rasool,IPL,Bowler,1,Developing Bowlers & Bowling All-Rounders
Q de Kock,CPL,Wicketkeeper-Batsman,3,Elite Established Batters
Q de Kock,IPL,Wicketkeeper-Batsman,3,Elite Established Batters
Qais Ahmad,BBL,Bowler,1,Developing Bowlers & Bowling All-Rounders
Qais Ahmad,CPL,Bowler,1,Developing Bowlers & Bowling All-Rounders
Qais Ahmad,T20_Blast,Bowler,0,Elite Bowlers & Bowling All-Rounders
R Ashwin,IPL,Batsman,0,Elite Bowlers & Bowling All-Rounders
R Bhatia,IPL,All-Rounder,1,Developing Bowlers & Bowling All-Rounders
R Clarke,T20_Blast,All-Rounder,1,Developing Bowlers & Bowling All-Rounders
R Dhawan,IPL,All-Rounder,0,Elite Bowlers & Bowling All-Rounders
R Dravid,IPL,Batsman,2,Low-Recent-Activity Batters & Wicketkeeper-Batters
R McLaren,IPL,Bowler,1,Developing Bowlers & Bowling All-Rounders
R McLaren,T20_Blast,Bowler,2,Low-Recent-Activity Batters & Wicketkeeper-Batters
R Parag,IPL,Batsman,3,Elite Established Batters
R Powell,CPL,Batsman,3,Elite Established Batters
R Powell,IPL,Batsman,3,Elite Established Batters
R Powell,PSL,Batsman,3,Elite Established Batters
R Rampaul,CPL,Bowler,0,Elite Bowlers & Bowling All-Rounders
R Rampaul,IPL,Bowler,1,Developing Bowlers & Bowling All-Rounders
R Rampaul,T20_Blast,Bowler,1,Developing Bowlers & Bowling All-Rounders
R Ravindra,IPL,Batsman,3,Elite Established Batters
R Sai Kishore,IPL,Bowler,0,Elite Bowlers & Bowling All-Rounders
R Sathish,IPL,Batsman,2,Low-Recent-Activity Batters & Wicketkeeper-Batters
R Sharma,IPL,Bowler,1,Developing Bowlers & Bowling All-Rounders
R Shepherd,CPL,All-Rounder,0,Elite Bowlers & Bowling All-Rounders
R Tewatia,IPL,All-Rounder,3,Elite Established Batters
R Vasconcelos,T20_Blast,Wicketkeeper-Batsman,3,Elite Established Batters
R Vinay Kumar,IPL,Bowler,1,Developing Bowlers & Bowling All-Rounders
RA Jadeja,IPL,All-Rounder,0,Elite Bowlers & Bowling All-Rounders
RA Reifer,CPL,All-Rounder,0,Elite Bowlers & Bowling All-Rounders
RA Stevenson,T20_Blast,Bowler,1,Developing Bowlers & Bowling All-Rounders
RA Tripathi,IPL,Batsman,3,Elite Established Batters
RA Whiteley,T20_Blast,Batsman,3,Elite Established Batters
RAJ Smith,T20_Blast,All-Rounder,1,Developing Bowlers & Bowling All-Rounders
RC Davies,T20_Blast,Wicketkeeper-Batsman,2,Low-Recent-Activity Batters & Wicketkeeper-Batters
RD Chahar,IPL,Bowler,0,Elite Bowlers & Bowling All-Rounders
RD Gaikwad,IPL,Batsman,3,Elite Established Batters
RD Pringle,T20_Blast,All-Rounder,1,Developing Bowlers & Bowling All-Rounders
RE Levi,T20_Blast,Batsman,2,Low-Recent-Activity Batters & Wicketkeeper-Batters
RE van der Merwe,CPL,Bowler,1,Developing Bowlers & Bowling All-Rounders
RE van der Merwe,IPL,Bowler,1,Developing Bowlers & Bowling All-Rounders
RE van der Merwe,T20_Blast,All-Rounder,0,Elite Bowlers & Bowling All-Rounders
RF Higgins,T20_Blast,All-Rounder,0,Elite Bowlers & Bowling All-Rounders
RG Sharma,IPL,Batsman,3,Elite Established Batters
RGL Carters,BBL,Batsman,2,Low-Recent-Activity Batters & Wicketkeeper-Batters
RH Patel,T20_Blast,Bowler,1,Developing Bowlers & Bowling All-Rounders
RI Keogh,T20_Blast,Batsman,3,Elite Established Batters
RI Walker,T20_Blast,Bowler,1,Developing Bowlers & Bowling All-Rounders
RJ Burns,T20_Blast,Batsman,3,Elite Established Batters
RJ Das,T20_Blast,Batsman,3,Elite Established Batters
RJ Gibson,BBL,Batsman,2,Low-Recent-Activity Batters & Wicketkeeper-Batters
RJ Gleeson,T20_Blast,Bowler,0,Elite Bowlers & Bowling All-Rounders
RJ Harris,IPL,All-Rounder,1,Developing Bowlers & Bowling All-Rounders
RJ Peterson,CPL,Bowler,1,Developing Bowlers & Bowling All-Rounders
RJ Peterson,T20_Blast,Bowler,2,Low-Recent-Activity Batters & Wicketkeeper-Batters
RJ Quiney,BBL,Batsman,2,Low-Recent-Activity Batters & Wicketkeeper-Batters
RJW Topley,T20_Blast,Bowler,0,Elite Bowlers & Bowling All-Rounders
RK Kleinveldt,T20_Blast,All-Rounder,1,Developing Bowlers & Bowling All-Rounders
RK Oliver,T20_Blast,Batsman,2,Low-Recent-Activity Batters & Wicketkeeper-Batters
RK Patel,T20_Blast,Batsman,3,Elite Established Batters
RK Singh,IPL,Batsman,3,Elite Established Batters
RL Chase,CPL,All-Rounder,0,Elite Bowlers & Bowling All-Rounders
RM Patidar,IPL,Batsman,3,Elite Established Batters
RM Pyrah,T20_Blast,Bowler,1,Developing Bowlers & Bowling All-Rounders
RM Yates,T20_Blast,Batsman,3,Elite Established Batters
RML Taylor,T20_Blast,Bowler,1,Developing Bowlers & Bowling All-Rounders
RN ten Doeschate,IPL,Batsman,2,Low-Recent-Activity Batters & Wicketkeeper-Batters
RN ten Doeschate,T20_Blast,Batsman,2,Low-Recent-Activity Batters & Wicketkeeper-Batters
RO Gordon,T20_Blast,Bowler,1,Developing Bowlers & Bowling All-Rounders
RP Jones,T20_Blast,Batsman,3,Elite Established Batters
RP Meredith,BBL,Bowler,0,Elite Bowlers & Bowling All-Rounders
RP Meredith,IPL,Bowler,1,Developing Bowlers & Bowling All-Rounders
RP Meredith,T20_Blast,Bowler,0,Elite Bowlers & Bowling All-Rounders
RP Singh,IPL,Bowler,1,Developing Bowlers & Bowling All-Rounders
RR Beaton,CPL,Bowler,1,Developing Bowlers & Bowling All-Rounders
RR Emrit,CPL,Bowler,1,Developing Bowlers & Bowling All-Rounders
RR Pant,IPL,Wicketkeeper-Batsman,3,Elite Established Batters
RR Powar,IPL,Bowler,2,Low-Recent-Activity Batters & Wicketkeeper-Batters
RR Raje,IPL,Bowler,1,Developing Bowlers & Bowling All-Rounders
RR Rossouw,BBL,Batsman,3,Elite Established Batters
RR Rossouw,IPL,Batsman,3,Elite Established Batters
RR Rossouw,PSL,Batsman,3,Elite Established Batters
RR Rossouw,T20_Blast,Batsman,3,Elite Established Batters
RR Simmonds,CPL,Bowler,0,Elite Bowlers & Bowling All-Rounders
RRS Cornwall,CPL,All-Rounder,0,Elite Bowlers & Bowling All-Rounders
RS Bopara,IPL,Batsman,2,Low-Recent-Activity Batters & Wicketkeeper-Batters
RS Bopara,PSL,Batsman,2,Low-Recent-Activity Batters & Wicketkeeper-Batters
RS Bopara,T20_Blast,All-Rounder,0,Elite Bowlers & Bowling All-Rounders
RS Primus,CPL,All-Rounder,0,Elite Bowlers & Bowling All-Rounders
RV Uthappa,IPL,Wicketkeeper-Batsman,3,Elite Established Batters
RWT Key,T20_Blast,Batsman,2,Low-Recent-Activity Batters & Wicketkeeper-Batters
Rahat Ali,PSL,Bowler,1,Developing Bowlers & Bowling All-Rounders
Rahmanullah Gurbaz,CPL,Batsman,3,Elite Established Batters
Rahmanullah Gurbaz,IPL,Batsman,3,Elite Established Batters
Rahmanullah Gurbaz,PSL,Batsman,3,Elite Established Batters
Ramandeep Singh,IPL,Batsman,0,Elite Bowlers & Bowling All-Rounders
Rashid Khan,BBL,All-Rounder,0,Elite Bowlers & Bowling All-Rounders
Rashid Khan,CPL,Bowler,0,Elite Bowlers & Bowling All-Rounders
Rashid Khan,IPL,Batsman,0,Elite Bowlers & Bowling All-Rounders
Rashid Khan,PSL,All-Rounder,0,Elite Bowlers & Bowling All-Rounders
Rashid Khan,T20_Blast,Bowler,0,Elite Bowlers & Bowling All-Rounders
Rasikh Salam,IPL,Bowler,1,Developing Bowlers & Bowling All-Rounders
Ravi Bishnoi,IPL,Bowler,1,Developing Bowlers & Bowling All-Rounders
Rehan Ahmed,T20_Blast,All-Rounder,0,Elite Bowlers & Bowling All-Rounders
Rumman Raees,PSL,Bowler,1,Developing Bowlers & Bowling All-Rounders
S Anirudha,IPL,Batsman,2,Low-Recent-Activity Batters & Wicketkeeper-Batters
S Aravind,IPL,Bowler,1,Developing Bowlers & Bowling All-Rounders
S Badree,BBL,Bowler,1,Developing Bowlers & Bowling All-Rounders
S Badree,CPL,Bowler,1,Developing Bowlers & Bowling All-Rounders
S Badree,IPL,Bowler,1,Developing Bowlers & Bowling All-Rounders
S Badrinath,IPL,Batsman,2,Low-Recent-Activity Batters & Wicketkeeper-Batters
S Conners,T20_Blast,Bowler,1,Developing Bowlers & Bowling All-Rounders
S Dhawan,IPL,Batsman,3,Elite Established Batters
S Dube,IPL,Batsman,3,Elite Established Batters
S Gopal,IPL,Bowler,0,Elite Bowlers & Bowling All-Rounders
S Joseph,CPL,Bowler,1,Developing Bowlers & Bowling All-Rounders
S Kaul,IPL,Bowler,1,Developing Bowlers & Bowling All-Rounders
S Kaushik,IPL,Bowler,1,Developing Bowlers & Bowling All-Rounders
S Lamichhane,BBL,Bowler,1,Developing Bowlers & Bowling All-Rounders
S Lamichhane,CPL,Bowler,1,Developing Bowlers & Bowling All-Rounders
S Mahmood,T20_Blast,Bowler,1,Developing Bowlers & Bowling All-Rounders
S Milenko,BBL,Batsman,1,Developing Bowlers & Bowling All-Rounders
S Nadeem,IPL,Bowler,1,Developing Bowlers & Bowling All-Rounders
S Prasanna,T20_Blast,Bowler,1,Developing Bowlers & Bowling All-Rounders
S Sandeep Warrier,IPL,Bowler,1,Developing Bowlers & Bowling All-Rounders
S Shillingford,CPL,Bowler,1,Developing Bowlers & Bowling All-Rounders
S Snater,T20_Blast,Bowler,0,Elite Bowlers & Bowling All-Rounders
S Sohal,IPL,Batsman,2,Low-Recent-Activity Batters & Wicketkeeper-Batters
S Sreesanth,IPL,Bowler,1,Developing Bowlers & Bowling All-Rounders
S Steel,T20_Blast,All-Rounder,3,Elite Established Batters
S Tyagi,IPL,Bowler,1,Developing Bowlers & Bowling All-Rounders
SA Abbott,BBL,All-Rounder,0,Elite Bowlers & Bowling All-Rounders
SA Abbott,T20_Blast,Bowler,0,Elite Bowlers & Bowling All-Rounders
SA Asnodkar,IPL,Batsman,2,Low-Recent-Activity Batters & Wicketkeeper-Batters
SA Jacobs,CPL,Bowler,1,Developing Bowlers & Bowling All-Rounders
SA Northeast,T20_Blast,Batsman,3,Elite Established Batters
SA Patterson,T20_Blast,Bowler,1,Developing Bowlers & Bowling All-Rounders
SA Piolet,T20_Blast,Bowler,1,Developing Bowlers & Bowling All-Rounders
SA Yadav,IPL,Batsman,3,Elite Established Batters
SA Zaib,T20_Blast,Batsman,3,Elite Established Batters
SB Harper,BBL,Wicketkeeper-Batsman,3,Elite Established Batters
SB Jakati,IPL,Bowler,1,Developing Bowlers & Bowling All-Rounders
SB Styris,IPL,Bowler,1,Developing Bowlers & Bowling All-Rounders
SC Ganguly,IPL,Batsman,2,Low-Recent-Activity Batters & Wicketkeeper-Batters
SC Kuggeleijn,CPL,Bowler,0,Elite Bowlers & Bowling All-Rounders
SD Heazlett,BBL,Batsman,3,Elite Established Batters
SD Hope,CPL,Wicketkeeper-Batsman,3,Elite Established Batters
SD Parry,T20_Blast,Bowler,1,Developing Bowlers & Bowling All-Rounders
SE Gotch,BBL,Wicketkeeper-Batsman,2,Low-Recent-Activity Batters & Wicketkeeper-Batters
SE Marsh,BBL,Batsman,3,Elite Established Batters
SE Marsh,IPL,Batsman,2,Low-Recent-Activity Batters & Wicketkeeper-Batters
SE Marsh,T20_Blast,Batsman,2,Low-Recent-Activity Batters & Wicketkeeper-Batters
SE Rutherford,CPL,Batsman,3,Elite Established Batters
SE Rutherford,PSL,Batsman,3,Elite Established Batters
SG Borthwick,T20_Blast,All-Rounder,0,Elite Bowlers & Bowling All-Rounders
SG Budinger,T20_Blast,Batsman,0,Elite Bowlers & Bowling All-Rounders
SH Johnson,BBL,Bowler,0,Elite Bowlers & Bowling All-Rounders
SJ Benn,CPL,Bowler,1,Developing Bowlers & Bowling All-Rounders
SJ Cook,T20_Blast,Bowler,0,Elite Bowlers & Bowling All-Rounders
SJ Coyte,BBL,Bowler,2,Low-Recent-Activity Batters & Wicketkeeper-Batters
SJ Croft,T20_Blast,All-Rounder,3,Elite Established Batters
SJ Mullaney,T20_Blast,All-Rounder,0,Elite Bowlers & Bowling All-Rounders
SJ Srivastava,IPL,Bowler,1,Developing Bowlers & Bowling All-Rounders
SJ Thakor,T20_Blast,All-Rounder,1,Developing Bowlers & Bowling All-Rounders
SK Raina,IPL,All-Rounder,3,Elite Established Batters
SK Springer,CPL,All-Rounder,0,Elite Bowlers & Bowling All-Rounders
SK Trivedi,IPL,Bowler,1,Developing Bowlers & Bowling All-Rounders
SK Warne,BBL,Bowler,1,Developing Bowlers & Bowling All-Rounders
SK Warne,IPL,All-Rounder,1,Developing Bowlers & Bowling All-Rounders
SKW Wood,T20_Blast,Bowler,1,Developing Bowlers & Bowling All-Rounders
SL Elstone,T20_Blast,Batsman,2,Low-Recent-Activity Batters & Wicketkeeper-Batters
SL Malinga,BBL,Bowler,1,Developing Bowlers & Bowling All-Rounders
SL Malinga,IPL,Bowler,0,Elite Bowlers & Bowling All-Rounders
SL Rainbird,BBL,Bowler,1,Developing Bowlers & Bowling All-Rounders
SM Boland,BBL,Bowler,1,Developing Bowlers & Bowling All-Rounders
SM Curran,IPL,All-Rounder,0,Elite Bowlers & Bowling All-Rounders
SM Curran,T20_Blast,All-Rounder,0,Elite Bowlers & Bowling All-Rounders
SM Davies,T20_Blast,Wicketkeeper-Batsman,2,Low-Recent-Activity Batters & Wicketkeeper-Batters
SM Ervine,T20_Blast,Batsman,2,Low-Recent-Activity Batters & Wicketkeeper-Batters
SM Katich,BBL,Batsman,2,Low-Recent-Activity Batters & Wicketkeeper-Batters
SM Katich,IPL,Batsman,2,Low-Recent-Activity Batters & Wicketkeeper-Batters
SM Pollock,IPL,Bowler,1,Developing Bowlers & Bowling All-Rounders
SM Whiteman,BBL,Wicketkeeper-Batsman,3,Elite Established Batters
SN Khan,IPL,Batsman,3,Elite Established Batters
SN Thakur,IPL,Bowler,0,Elite Bowlers & Bowling All-Rounders
SNJ O'Keefe,BBL,Bowler,0,Elite Bowlers & Bowling All-Rounders
SO Dowrich,CPL,Batsman,2,Low-Recent-Activity Batters & Wicketkeeper-Batters
SO Hetmyer,CPL,Batsman,3,Elite Established Batters
SO Hetmyer,IPL,Batsman,3,Elite Established Batters
SP Crook,T20_Blast,All-Rounder,2,Low-Recent-Activity Batters & Wicketkeeper-Batters
SP Fleming,IPL,Batsman,2,Low-Recent-Activity Batters & Wicketkeeper-Batters
SP Goswami,IPL,Wicketkeeper-Batsman,2,Low-Recent-Activity Batters & Wicketkeeper-Batters
SP Narine,BBL,All-Rounder,1,Developing Bowlers & Bowling All-Rounders
SP Narine,CPL,All-Rounder,0,Elite Bowlers & Bowling All-Rounders
SP Narine,IPL,All-Rounder,0,Elite Bowlers & Bowling All-Rounders
SP Narine,PSL,All-Rounder,1,Developing Bowlers & Bowling All-Rounders
SP Narine,T20_Blast,All-Rounder,0,Elite Bowlers & Bowling All-Rounders
SPD Smith,BBL,Batsman,3,Elite Established Batters
SPD Smith,IPL,Batsman,2,Low-Recent-Activity Batters & Wicketkeeper-Batters
SR Dickson,T20_Blast,Batsman,3,Elite Established Batters
SR Hain,BBL,Batsman,3,Elite Established Batters
SR Hain,T20_Blast,Batsman,3,Elite Established Batters
SR Harmer,T20_Blast,All-Rounder,0,Elite Bowlers & Bowling All-Rounders
SR Patel,PSL,All-Rounder,0,Elite Bowlers & Bowling All-Rounders
SR Patel,T20_Blast,All-Rounder,0,Elite Bowlers & Bowling All-Rounders
SR Taylor,CPL,Batsman,2,Low-Recent-Activity Batters & Wicketkeeper-Batters
SR Tendulkar,IPL,Batsman,2,Low-Recent-Activity Batters & Wicketkeeper-Batters
SR Watson,BBL,All-Rounder,2,Low-Recent-Activity Batters & Wicketkeeper-Batters
SR Watson,CPL,Batsman,2,Low-Recent-Activity Batters & Wicketkeeper-Batters
SR Watson,IPL,All-Rounder,0,Elite Bowlers & Bowling All-Rounders
SR Watson,PSL,All-Rounder,2,Low-Recent-Activity Batters & Wicketkeeper-Batters
SS Cottrell,CPL,Bowler,0,Elite Bowlers & Bowling All-Rounders
SS Eskinazi,BBL,Batsman,3,Elite Established Batters
SS Eskinazi,T20_Blast,Batsman,3,Elite Established Batters
SS Iyer,IPL,Batsman,3,Elite Established Batters
SS Prabhudessai,IPL,Batsman,2,Low-Recent-Activity Batters & Wicketkeeper-Batters
SS Tiwary,IPL,Batsman,2,Low-Recent-Activity Batters & Wicketkeeper-Batters
SSJ Brooks,CPL,Batsman,3,Elite Established Batters
ST Finn,T20_Blast,Bowler,0,Elite Bowlers & Bowling All-Rounders
ST Gabriel,CPL,Bowler,1,Developing Bowlers & Bowling All-Rounders
ST Jayasuriya,IPL,All-Rounder,2,Low-Recent-Activity Batters & Wicketkeeper-Batters
STR Binny,IPL,All-Rounder,2,Low-Recent-Activity Batters & Wicketkeeper-Batters
SV Samson,IPL,Wicketkeeper-Batsman,3,Elite Established Batters
SW Billings,BBL,Wicketkeeper-Batsman,3,Elite Established Batters
SW Billings,IPL,Wicketkeeper-Batsman,3,Elite Established Batters
SW Billings,PSL,Wicketkeeper-Batsman,3,Elite Established Batters
SW Billings,T20_Blast,Wicketkeeper-Batsman,3,Elite Established Batters
SW Currie,T20_Blast,Bowler,0,Elite Bowlers & Bowling All-Rounders
SW Poynter,T20_Blast,Wicketkeeper-Batsman,2,Low-Recent-Activity Batters & Wicketkeeper-Batters
SW Tait,BBL,Bowler,1,Developing Bowlers & Bowling All-Rounders
SW Tait,IPL,Bowler,1,Developing Bowlers & Bowling All-Rounders
SW Tait,T20_Blast,Bowler,1,Developing Bowlers & Bowling All-Rounders
Sachin Baby,IPL,Batsman,1,Developing Bowlers & Bowling All-Rounders
Saeed Ajmal,PSL,Bowler,1,Developing Bowlers & Bowling All-Rounders
Saeed Ajmal,T20_Blast,Bowler,1,Developing Bowlers & Bowling All-Rounders
Sahibzada Farhan,PSL,Batsman,3,Elite Established Batters
Saim Ayub,CPL,Batsman,3,Elite Established Batters
Saim Ayub,PSL,Batsman,3,Elite Established Batters
Salman Irshad,PSL,Bowler,1,Developing Bowlers & Bowling All-Rounders
Sameen Gul,PSL,Bowler,1,Developing Bowlers & Bowling All-Rounders
Sandeep Sharma,IPL,Bowler,0,Elite Bowlers & Bowling All-Rounders
Sarfraz Ahmed,PSL,Wicketkeeper-Batsman,3,Elite Established Batters
Saud Shakeel,PSL,Batsman,3,Elite Established Batters
Shadab Khan,BBL,All-Rounder,0,Elite Bowlers & Bowling All-Rounders
Shadab Khan,CPL,All-Rounder,1,Developing Bowlers & Bowling All-Rounders
Shadab Khan,PSL,All-Rounder,0,Elite Bowlers & Bowling All-Rounders
Shadab Khan,T20_Blast,All-Rounder,0,Elite Bowlers & Bowling All-Rounders
Shahbaz Ahmed,IPL,All-Rounder,0,Elite Bowlers & Bowling All-Rounders
Shaheen Shah Afridi,PSL,Bowler,0,Elite Bowlers & Bowling All-Rounders
Shaheen Shah Afridi,T20_Blast,Bowler,0,Elite Bowlers & Bowling All-Rounders
Shahid Afridi,CPL,Bowler,1,Developing Bowlers & Bowling All-Rounders
Shahid Afridi,IPL,Bowler,1,Developing Bowlers & Bowling All-Rounders
Shahid Afridi,PSL,All-Rounder,0,Elite Bowlers & Bowling All-Rounders
Shahid Afridi,T20_Blast,All-Rounder,1,Developing Bowlers & Bowling All-Rounders
Shahnawaz Dhani,PSL,Bowler,1,Developing Bowlers & Bowling All-Rounders
Shakib Al Hasan,CPL,All-Rounder,0,Elite Bowlers & Bowling All-Rounders
Shakib Al Hasan,IPL,All-Rounder,1,Developing Bowlers & Bowling All-Rounders
Shakib Al Hasan,PSL,All-Rounder,1,Developing Bowlers & Bowling All-Rounders
Shan Masood,PSL,Batsman,3,Elite Established Batters
Shan Masood,T20_Blast,Batsman,3,Elite Established Batters
Sharjeel Khan,PSL,Batsman,3,Elite Established Batters
Shashank Singh,IPL,Batsman,3,Elite Established Batters
Shivam Mavi,IPL,Bowler,1,Developing Bowlers & Bowling All-Rounders
Shoaib Malik,BBL,All-Rounder,1,Developing Bowlers & Bowling All-Rounders
Shoaib Malik,CPL,All-Rounder,2,Low-Recent-Activity Batters & Wicketkeeper-Batters
Shoaib Malik,PSL,All-Rounder,3,Elite Established Batters
Shubman Gill,IPL,Batsman,3,Elite Established Batters
Sikandar Raza,CPL,Bowler,0,Elite Bowlers & Bowling All-Rounders
Sikandar Raza,PSL,Batsman,3,Elite Established Batters
Simarjeet Singh,IPL,Bowler,1,Developing Bowlers & Bowling All-Rounders
Sohaib Maqsood,PSL,Batsman,3,Elite Established Batters
Sohail Akhtar,PSL,Batsman,3,Elite Established Batters
Sohail Khan,PSL,All-Rounder,1,Developing Bowlers & Bowling All-Rounders
Sohail Tanvir,CPL,All-Rounder,1,Developing Bowlers & Bowling All-Rounders
Sohail Tanvir,IPL,Bowler,1,Developing Bowlers & Bowling All-Rounders
Sohail Tanvir,PSL,All-Rounder,0,Elite Bowlers & Bowling All-Rounders
Suyash Sharma,IPL,Bowler,1,Developing Bowlers & Bowling All-Rounders
Swapnil Singh,IPL,Bowler,1,Developing Bowlers & Bowling All-Rounders
T Banton,BBL,Wicketkeeper-Batsman,3,Elite Established Batters
T Banton,T20_Blast,Wicketkeeper-Batsman,3,Elite Established Batters
T Hinds,CPL,Bowler,0,Elite Bowlers & Bowling All-Rounders
T Kelly,BBL,Batsman,2,Low-Recent-Activity Batters & Wicketkeeper-Batters
T Kohler-Cadmore,PSL,Batsman,3,Elite Established Batters
T Kohler-Cadmore,T20_Blast,Batsman,3,Elite Established Batters
T Murphy,BBL,Bowler,1,Developing Bowlers & Bowling All-Rounders
T Natarajan,IPL,Bowler,1,Developing Bowlers & Bowling All-Rounders
T Poynton,T20_Blast,Batsman,2,Low-Recent-Activity Batters & Wicketkeeper-Batters
T Sangha,BBL,Bowler,1,Developing Bowlers & Bowling All-Rounders
T Shamsi,CPL,Bowler,1,Developing Bowlers & Bowling All-Rounders
T Stubbs,IPL,Batsman,0,Elite Bowlers & Bowling All-Rounders
T Webster,CPL,Batsman,2,Low-Recent-Activity Batters & Wicketkeeper-Batters
T Westley,T20_Blast,Batsman,3,Elite Established Batters
T van der Gugten,T20_Blast,All-Rounder,0,Elite Bowlers & Bowling All-Rounders
TA Boult,IPL,Bowler,0,Elite Bowlers & Bowling All-Rounders
TA Lammonby,T20_Blast,All-Rounder,3,Elite Established Batters
TA Wood,T20_Blast,Batsman,3,Elite Established Batters
TAI Taylor,T20_Blast,All-Rounder,0,Elite Bowlers & Bowling All-Rounders
TB Abell,T20_Blast,Batsman,3,Elite Established Batters
TC Bruce,T20_Blast,Batsman,3,Elite Established Batters
TC Knight,T20_Blast,Batsman,2,Low-Recent-Activity Batters & Wicketkeeper-Batters
TC Smith,T20_Blast,Batsman,2,Low-Recent-Activity Batters & Wicketkeeper-Batters
TD Andrews,BBL,Bowler,0,Elite Bowlers & Bowling All-Rounders
TD Groenewald,T20_Blast,Bowler,1,Developing Bowlers & Bowling All-Rounders
TD Paine,BBL,Wicketkeeper-Batsman,2,Low-Recent-Activity Batters & Wicketkeeper-Batters
TE Albert,T20_Blast,Batsman,3,Elite Established Batters
TE Bailey,T20_Blast,Bowler,1,Developing Bowlers & Bowling All-Rounders
TE Barber,T20_Blast,Bowler,1,Developing Bowlers & Bowling All-Rounders
TE Lawes,T20_Blast,Bowler,1,Developing Bowlers & Bowling All-Rounders
TF Rogers,BBL,Batsman,3,Elite Established Batters
TG Helm,T20_Blast,Bowler,0,Elite Bowlers & Bowling All-Rounders
TG Southee,IPL,Bowler,0,Elite Bowlers & Bowling All-Rounders
TG Southee,T20_Blast,Bowler,1,Developing Bowlers & Bowling All-Rounders
TGR Clark,T20_Blast,Batsman,3,Elite Established Batters
TH David,BBL,Batsman,3,Elite Established Batters
TH David,CPL,Batsman,3,Elite Established Batters
TH David,IPL,Batsman,3,Elite Established Batters
TH David,PSL,Batsman,3,Elite Established Batters
TH David,T20_Blast,Batsman,3,Elite Established Batters
TIF Triffitt,BBL,Batsman,2,Low-Recent-Activity Batters & Wicketkeeper-Batters
TJ Lester,T20_Blast,Bowler,1,Developing Bowlers & Bowling All-Rounders
TJ Moores,T20_Blast,Wicketkeeper-Batsman,3,Elite Established Batters
TJ Phillips,T20_Blast,Bowler,2,Low-Recent-Activity Batters & Wicketkeeper-Batters
TJ Prest,T20_Blast,Batsman,3,Elite Established Batters
TJ Wells,T20_Blast,Batsman,2,Low-Recent-Activity Batters & Wicketkeeper-Batters
TK Curran,BBL,All-Rounder,0,Elite Bowlers & Bowling All-Rounders
TK Curran,IPL,Bowler,1,Developing Bowlers & Bowling All-Rounders
TK Curran,T20_Blast,All-Rounder,0,Elite Bowlers & Bowling All-Rounders
TL Best,CPL,Bowler,1,Developing Bowlers & Bowling All-Rounders
TL Seifert,BBL,Wicketkeeper-Batsman,3,Elite Established Batters
TL Seifert,CPL,Wicketkeeper-Batsman,3,Elite Established Batters
TL Suman,IPL,Batsman,2,Low-Recent-Activity Batters & Wicketkeeper-Batters
TLW Cooper,BBL,Batsman,2,Low-Recent-Activity Batters & Wicketkeeper-Batters
TM Beaton,BBL,Batsman,2,Low-Recent-Activity Batters & Wicketkeeper-Batters
TM Dilshan,IPL,All-Rounder,2,Low-Recent-Activity Batters & Wicketkeeper-Batters
TM Dilshan,T20_Blast,Batsman,2,Low-Recent-Activity Batters & Wicketkeeper-Batters
TM Head,BBL,All-Rounder,2,Low-Recent-Activity Batters & Wicketkeeper-Batters
TM Head,IPL,Batsman,3,Elite Established Batters
TM Head,T20_Blast,Batsman,2,Low-Recent-Activity Batters & Wicketkeeper-Batters
TMJ Smith,T20_Blast,Bowler,0,Elite Bowlers & Bowling All-Rounders
TN Walallawita,T20_Blast,Bowler,1,Developing Bowlers & Bowling All-Rounders
TP Alsop,T20_Blast,Wicketkeeper-Batsman,3,Elite Established Batters
TP Ludeman,BBL,Wicketkeeper-Batsman,2,Low-Recent-Activity Batters & Wicketkeeper-Batters
TR Ambrose,T20_Blast,Wicketkeeper-Batsman,2,Low-Recent-Activity Batters & Wicketkeeper-Batters
TR Bevan,T20_Blast,Batsman,1,Developing Bowlers & Bowling All-Rounders
TR Birt,BBL,Batsman,2,Low-Recent-Activity Batters & Wicketkeeper-Batters
TS Mills,BBL,Bowler,1,Developing Bowlers & Bowling All-Rounders
TS Mills,IPL,Bowler,1,Developing Bowlers & Bowling All-Rounders
TS Mills,PSL,Bowler,1,Developing Bowlers & Bowling All-Rounders
TS Mills,T20_Blast,Bowler,0,Elite Bowlers & Bowling All-Rounders
TS Muyeye,T20_Blast,Batsman,3,Elite Established Batters
TS Rogers,BBL,All-Rounder,0,Elite Bowlers & Bowling All-Rounders
TS Roland-Jones,T20_Blast,All-Rounder,0,Elite Bowlers & Bowling All-Rounders
TT Bresnan,BBL,Bowler,1,Developing Bowlers & Bowling All-Rounders
TT Bresnan,T20_Blast,All-Rounder,0,Elite Bowlers & Bowling All-Rounders
TU Deshpande,IPL,Bowler,0,Elite Bowlers & Bowling All-Rounders
TW Hartley,T20_Blast,Bowler,0,Elite Bowlers & Bowling All-Rounders
TWM Latham,T20_Blast,Batsman,2,Low-Recent-Activity Batters & Wicketkeeper-Batters
Tamim Iqbal,PSL,Batsman,2,Low-Recent-Activity Batters & Wicketkeeper-Batters
Tilak Varma,IPL,Batsman,3,Elite Established Batters
U Arshad,T20_Blast,All-Rounder,1,Developing Bowlers & Bowling All-Rounders
UBT Chand,IPL,Batsman,2,Low-Recent-Activity Batters & Wicketkeeper-Batters
UT Khawaja,BBL,Batsman,3,Elite Established Batters
UT Khawaja,T20_Blast,Batsman,2,Low-Recent-Activity Batters & Wicketkeeper-Batters
UT Yadav,IPL,Bowler,0,Elite Bowlers & Bowling All-Rounders
Umaid Asif,PSL,Bowler,0,Elite Bowlers & Bowling All-Rounders
Umar Akmal,CPL,Wicketkeeper-Batsman,2,Low-Recent-Activity Batters & Wicketkeeper-Batters
Umar Akmal,PSL,Wicketkeeper-Batsman,3,Elite Established Batters
Umar Amin,PSL,Batsman,2,Low-Recent-Activity Batters & Wicketkeeper-Batters
Umer Khan,PSL,Bowler,1,Developing Bowlers & Bowling All-Rounders
Umran Malik,IPL,Bowler,0,Elite Bowlers & Bowling All-Rounders
Usama Mir,BBL,Bowler,1,Developing Bowlers & Bowling All-Rounders
Usama Mir,PSL,Bowler,0,Elite Bowlers & Bowling All-Rounders
Usama Mir,T20_Blast,Bowler,0,Elite Bowlers & Bowling All-Rounders
Usman Khan,PSL,Batsman,3,Elite Established Batters
Usman Qadir,BBL,Bowler,1,Developing Bowlers & Bowling All-Rounders
Usman Qadir,PSL,Bowler,0,Elite Bowlers & Bowling All-Rounders
Usman Shinwari,PSL,Bowler,0,Elite Bowlers & Bowling All-Rounders
V Chopra,T20_Blast,Batsman,2,Low-Recent-Activity Batters & Wicketkeeper-Batters
V Kohli,IPL,Batsman,3,Elite Established Batters
V Permaul,CPL,Bowler,0,Elite Bowlers & Bowling All-Rounders
V Sehwag,IPL,Batsman,2,Low-Recent-Activity Batters & Wicketkeeper-Batters
V Shankar,IPL,Batsman,3,Elite Established Batters
VG Arora,IPL,Bowler,1,Developing Bowlers & Bowling All-Rounders
VR Aaron,IPL,Bowler,1,Developing Bowlers & Bowling All-Rounders
VR Iyer,IPL,Batsman,3,Elite Established Batters
VRV Singh,IPL,Bowler,1,Developing Bowlers & Bowling All-Rounders
VS Malik,IPL,Bowler,1,Developing Bowlers & Bowling All-Rounders
VVS Laxman,IPL,Batsman,2,Low-Recent-Activity Batters & Wicketkeeper-Batters
VY Mahesh,IPL,Bowler,1,Developing Bowlers & Bowling All-Rounders
Vijaykumar Vyshak,IPL,Bowler,1,Developing Bowlers & Bowling All-Rounders
W Sutherland,BBL,All-Rounder,0,Elite Bowlers & Bowling All-Rounders
WA Agar,BBL,Bowler,0,Elite Bowlers & Bowling All-Rounders
WA White,T20_Blast,Bowler,1,Developing Bowlers & Bowling All-Rounders
WAR Fraine,T20_Blast,Batsman,3,Elite Established Batters
WAT Beer,T20_Blast,All-Rounder,0,Elite Bowlers & Bowling All-Rounders
WB Rankin,T20_Blast,Bowler,1,Developing Bowlers & Bowling All-Rounders
WCF Smeed,PSL,Batsman,3,Elite Established Batters
WCF Smeed,T20_Blast,Batsman,3,Elite Established Batters
WD Parnell,CPL,Bowler,1,Developing Bowlers & Bowling All-Rounders
WD Parnell,IPL,Bowler,1,Developing Bowlers & Bowling All-Rounders
WD Parnell,T20_Blast,All-Rounder,0,Elite Bowlers & Bowling All-Rounders
WD Sheridan,BBL,Bowler,1,Developing Bowlers & Bowling All-Rounders
WEL Buttleman,T20_Blast,Batsman,2,Low-Recent-Activity Batters & Wicketkeeper-Batters
WG Bosisto,BBL,Batsman,1,Developing Bowlers & Bowling All-Rounders
WG Jacks,T20_Blast,All-Rounder,3,Elite Established Batters
WJ Durston,T20_Blast,All-Rounder,2,Low-Recent-Activity Batters & Wicketkeeper-Batters
WJ Weighell,T20_Blast,All-Rounder,0,Elite Bowlers & Bowling All-Rounders
WKD Perkins,CPL,Batsman,2,Low-Recent-Activity Batters & Wicketkeeper-Batters
WL Madsen,T20_Blast,All-Rounder,3,Elite Established Batters
WMH Rhodes,T20_Blast,All-Rounder,1,Developing Bowlers & Bowling All-Rounders
WP Saha,IPL,Wicketkeeper-Batsman,3,Elite Established Batters
WPUJC Vaas,IPL,Bowler,1,Developing Bowlers & Bowling All-Rounders
WR Smith,T20_Blast,All-Rounder,1,Developing Bowlers & Bowling All-Rounders
WS Davis,T20_Blast,Bowler,1,Developing Bowlers & Bowling All-Rounders
WT Root,T20_Blast,Batsman,3,Elite Established Batters
WT Smale,T20_Blast,Batsman,3,Elite Established Batters
WTS Porterfield,T20_Blast,Batsman,2,Low-Recent-Activity Batters & Wicketkeeper-Batters
Wahab Riaz,CPL,Bowler,1,Developing Bowlers & Bowling All-Rounders
Wahab Riaz,PSL,All-Rounder,0,Elite Bowlers & Bowling All-Rounders
Wahab Riaz,T20_Blast,Bowler,1,Developing Bowlers & Bowling All-Rounders
Waqar Salamkheil,CPL,Bowler,1,Developing Bowlers & Bowling All-Rounders
Waqas Maqsood,PSL,Bowler,1,Developing Bowlers & Bowling All-Rounders
Washington Sundar,IPL,All-Rounder,0,Elite Bowlers & Bowling All-Rounders
XC Bartlett,BBL,Bowler,0,Elite Bowlers & Bowling All-Rounders
XJ Doherty,BBL,Bowler,1,Developing Bowlers & Bowling All-Rounders
Y Nagar,IPL,Batsman,2,Low-Recent-Activity Batters & Wicketkeeper-Batters
Y Venugopal Rao,IPL,Batsman,2,Low-Recent-Activity Batters & Wicketkeeper-Batters
YA Abdulla,IPL,Bowler,1,Developing Bowlers & Bowling All-Rounders
YBK Jaiswal,IPL,Batsman,3,Elite Established Batters
YK Pathan,IPL,All-Rounder,2,Low-Recent-Activity Batters & Wicketkeeper-Batters
YS Chahal,IPL,Bowler,0,Elite Bowlers & Bowling All-Rounders
YV Takawale,IPL,Wicketkeeper-Batsman,2,Low-Recent-Activity Batters & Wicketkeeper-Batters
Yash Dayal,IPL,Bowler,1,Developing Bowlers & Bowling All-Rounders
Yash Thakur,IPL,Bowler,1,Developing Bowlers & Bowling All-Rounders
Yasir Arafat,BBL,Bowler,1,Developing Bowlers & Bowling All-Rounders
Yasir Arafat,T20_Blast,Bowler,1,Developing Bowlers & Bowling All-Rounders
Yasir Khan,PSL,Batsman,3,Elite Established Batters
Yasir Shah,PSL,Bowler,1,Developing Bowlers & Bowling All-Rounders
Yuvraj Singh,IPL,All-Rounder,2,Low-Recent-Activity Batters & Wicketkeeper-Batters
Z Crawley,BBL,Batsman,3,Elite Established Batters
Z Crawley,T20_Blast,Batsman,3,Elite Established Batters
Z Evans,BBL,Bowler,1,Developing Bowlers & Bowling All-Rounders
Z Khan,IPL,Bowler,1,Developing Bowlers & Bowling All-Rounders
ZJ Chappell,T20_Blast,All-Rounder,0,Elite Bowlers & Bowling All-Rounders
ZS Ansari,T20_Blast,All-Rounder,2,Low-Recent-Activity Batters & Wicketkeeper-Batters
Zafar Gohar,PSL,Bowler,1,Developing Bowlers & Bowling All-Rounders
Zahid Mahmood,PSL,Bowler,1,Developing Bowlers & Bowling All-Rounders
Zahir Khan,BBL,Bowler,1,Developing Bowlers & Bowling All-Rounders
Zahir Khan,CPL,Bowler,1,Developing Bowlers & Bowling All-Rounders
Zaman Khan,PSL,Bowler,1,Developing Bowlers & Bowling All-Rounders
Zaman Khan,T20_Blast,Bowler,1,Developing Bowlers & Bowling All-Rounders
Zeeshan Ashraf,PSL,Batsman,2,Low-Recent-Activity Batters & Wicketkeeper-Batters
Zulfiqar Babar,PSL,Bowler,1,Developing Bowlers & Bowling All-Rounders
